,track_name,artist(s)_name,artist_count,released_year,released_month,released_day,in_spotify_playlists,in_spotify_charts,streams,in_apple_playlists,in_apple_charts,in_deezer_playlists,in_deezer_charts,in_shazam_charts,bpm,key,mode,danceability_%,valence_%,energy_%,acousticness_%,instrumentalness_%,liveness_%,speechiness_%
0,LALA,Myke Towers,1.0,2023.0,3.0,23.0,1474.0,48.0,133716286.0,48.0,126.0,58.0,14.0,382.0,92.0,C#,Major,71.0,61.0,74.0,7.0,0.0,10.0,4.0
1,vampire,Olivia Rodrigo,1.0,2023.0,6.0,30.0,1397.0,113.0,140003974.0,94.0,207.0,91.0,14.0,949.0,138.0,F,Major,51.0,32.0,53.0,17.0,0.0,31.0,6.0
2,Cruel Summer,Taylor Swift,1.0,2019.0,8.0,23.0,7858.0,100.0,800840817.0,116.0,207.0,125.0,12.0,548.0,170.0,A,Major,55.0,58.0,72.0,11.0,0.0,11.0,15.0
3,WHERE SHE GOES,Bad Bunny,1.0,2023.0,5.0,18.0,3133.0,50.0,303236322.0,84.0,133.0,87.0,15.0,425.0,144.0,A,Minor,65.0,23.0,80.0,14.0,63.0,11.0,6.0
4,Columbia,Quevedo,1.0,2023.0,7.0,7.0,714.0,43.0,58149378.0,25.0,89.0,30.0,13.0,194.0,100.0,F,Major,67.0,26.0,71.0,37.0,0.0,11.0,4.0
5,fukumean,Gunna,1.0,2023.0,5.0,15.0,1096.0,83.0,95217315.0,60.0,210.0,48.0,11.0,953.0,130.0,C#,Minor,85.0,22.0,62.0,12.0,0.0,28.0,9.0
6,Super Shy,NewJeans,1.0,2023.0,7.0,7.0,422.0,55.0,58255150.0,37.0,202.0,21.0,5.0,168.0,150.0,F,Minor,78.0,52.0,82.0,18.0,0.0,15.0,7.0
7,Kill Bill,SZA,1.0,2022.0,12.0,8.0,8109.0,77.0,1163093654.0,183.0,162.0,161.0,12.0,187.0,89.0,G#,Major,64.0,43.0,73.0,5.0,17.0,16.0,4.0
8,Cupid - Twin Ver.,Fifty Fifty,1.0,2023.0,2.0,24.0,2942.0,77.0,496795686.0,91.0,212.0,78.0,6.0,0.0,120.0,B,Minor,78.0,76.0,59.0,43.0,0.0,34.0,3.0
9,Like Crazy,Jimin,1.0,2023.0,3.0,24.0,596.0,68.0,363369738.0,8.0,104.0,23.0,2.0,29.0,120.0,G,Major,63.0,36.0,73.0,0.0,0.0,36.0,4.0
10,I Can See You (TaylorÃ¯Â¿Â½Ã¯Â¿Â½Ã¯Â¿Â½s Version) (From The ,Taylor Swift,1.0,2023.0,7.0,7.0,516.0,38.0,52135248.0,73.0,119.0,42.0,1.0,150.0,123.0,F#,Major,69.0,82.0,76.0,6.0,0.0,6.0,3.0
11,SABOR FRESA,Fuerza Regida,1.0,2023.0,6.0,22.0,250.0,26.0,78300654.0,16.0,149.0,10.0,5.0,168.0,130.0,G,Minor,79.0,96.0,86.0,9.0,0.0,9.0,9.0
12,Last Night,Morgan Wallen,1.0,2023.0,1.0,31.0,2420.0,19.0,429829812.0,52.0,107.0,15.0,1.0,325.0,204.0,F#,Major,52.0,52.0,68.0,46.0,0.0,15.0,4.0
13,Dance The Night (From Barbie The Album),Dua Lipa,1.0,2023.0,5.0,25.0,2988.0,101.0,127408954.0,0.0,0.0,143.0,38.0,0.0,110.0,B,Minor,67.0,78.0,85.0,2.0,0.0,33.0,5.0
14,Rush,Troye Sivan,1.0,2023.0,7.0,13.0,864.0,78.0,22581161.0,71.0,135.0,50.0,1.0,294.0,126.0,F,Minor,74.0,35.0,84.0,0.0,0.0,11.0,6.0
15,Anti-Hero,Taylor Swift,1.0,2022.0,10.0,21.0,9082.0,56.0,999748277.0,242.0,142.0,165.0,9.0,310.0,97.0,E,Major,64.0,51.0,63.0,12.0,0.0,19.0,5.0
16,Blank Space,Taylor Swift,1.0,2014.0,1.0,1.0,11434.0,53.0,1355959075.0,154.0,123.0,410.0,2.0,81.0,96.0,F,Major,75.0,57.0,68.0,9.0,0.0,13.0,6.0
17,Style,Taylor Swift,1.0,2014.0,1.0,1.0,7830.0,42.0,786181836.0,94.0,111.0,151.0,4.0,82.0,95.0,D,Major,60.0,48.0,79.0,0.0,0.0,12.0,4.0
18,TQM,Fuerza Regida,1.0,2023.0,5.0,19.0,584.0,28.0,176553476.0,16.0,159.0,15.0,6.0,100.0,125.0,F,Minor,79.0,96.0,85.0,27.0,0.0,11.0,6.0
19,Angels Like You,Miley Cyrus,1.0,2020.0,11.0,27.0,3372.0,19.0,570515054.0,65.0,48.0,138.0,1.0,102.0,122.0,F,Major,67.0,49.0,64.0,10.0,0.0,10.0,3.0
20,Die For You,The Weeknd,1.0,2016.0,11.0,24.0,2483.0,59.0,1647990401.0,68.0,21.0,24.0,0.0,259.0,134.0,C#,Minor,59.0,51.0,52.0,9.0,0.0,15.0,7.0
21,AMARGURA,Karol G,1.0,2023.0,2.0,24.0,1133.0,39.0,153372011.0,14.0,71.0,23.0,10.0,176.0,107.0,F#,Minor,92.0,55.0,70.0,18.0,0.0,15.0,7.0
22,(It Goes Like) Nanana - Edit,Peggy Gou,1.0,2023.0,6.0,15.0,2259.0,59.0,57876440.0,0.0,0.0,109.0,17.0,0.0,130.0,G,Minor,67.0,96.0,88.0,12.0,19.0,8.0,4.0
23,Moonlight,Kali Uchis,1.0,2023.0,2.0,24.0,2649.0,42.0,256483385.0,67.0,79.0,57.0,1.0,615.0,137.0,G,Minor,64.0,88.0,72.0,51.0,0.0,17.0,5.0
24,La Bachata,Manuel Turizo,1.0,2022.0,5.0,26.0,6804.0,45.0,1214083358.0,139.0,111.0,161.0,15.0,210.0,125.0,G,Minor,84.0,85.0,68.0,58.0,0.0,22.0,4.0
25,Karma,Taylor Swift,1.0,2022.0,10.0,21.0,3818.0,23.0,404562836.0,37.0,55.0,32.0,0.0,272.0,90.0,G#,Major,64.0,10.0,62.0,7.0,0.0,48.0,7.0
26,People,Libianca,1.0,2022.0,12.0,2.0,3506.0,56.0,373199958.0,105.0,64.0,169.0,8.0,529.0,198.0,A#,Minor,59.0,71.0,42.0,55.0,0.0,10.0,7.0
27,Overdrive,Post Malone,1.0,2023.0,7.0,14.0,410.0,36.0,14780425.0,36.0,32.0,31.0,1.0,26.0,140.0,C#,Major,56.0,48.0,73.0,0.0,0.0,35.0,4.0
28,Enchanted (Taylor's Version),Taylor Swift,1.0,2023.0,7.0,7.0,148.0,24.0,39578178.0,32.0,93.0,8.0,2.0,5.0,82.0,G#,Major,51.0,22.0,53.0,1.0,0.0,15.0,3.0
29,golden hour,JVKE,1.0,2022.0,7.0,15.0,4511.0,36.0,751134527.0,70.0,58.0,109.0,18.0,230.0,94.0,C#,Minor,51.0,14.0,59.0,65.0,18.0,25.0,3.0
30,Here With Me,d4vd,1.0,2022.0,7.0,17.0,3246.0,23.0,635412045.0,94.0,85.0,68.0,1.0,84.0,132.0,E,Major,58.0,27.0,48.0,50.0,0.0,12.0,3.0
31,CORAZÃ¯Â¿Â½Ã¯Â¿Â½N VA,Maria Becerra,1.0,2023.0,6.0,22.0,370.0,20.0,43857627.0,12.0,16.0,18.0,4.0,93.0,98.0,C#,Major,68.0,40.0,79.0,33.0,0.0,30.0,6.0
32,Back To December (Taylor's Version),Taylor Swift,1.0,2023.0,7.0,7.0,139.0,17.0,39228929.0,16.0,72.0,5.0,0.0,8.0,142.0,D,Major,50.0,20.0,64.0,1.0,0.0,12.0,3.0
33,Fast Car,Luke Combs,1.0,2023.0,3.0,24.0,1446.0,12.0,157058870.0,57.0,97.0,35.0,0.0,429.0,98.0,G#,Major,71.0,67.0,60.0,19.0,0.0,12.0,3.0
34,What It Is (Solo Version),Doechii,1.0,2023.0,3.0,17.0,804.0,25.0,95131998.0,29.0,76.0,24.0,0.0,162.0,172.0,C#,Minor,74.0,76.0,76.0,6.0,0.0,10.0,9.0
35,DonÃ¯Â¿Â½Ã¯Â¿Â½Ã¯Â¿Â½t Bl,Taylor Swift,1.0,2017.0,11.0,8.0,4875.0,23.0,685032533.0,19.0,45.0,0.0,0.0,10.0,136.0,A,Minor,62.0,19.0,53.0,11.0,0.0,6.0,4.0
36,Still With You,Jung Kook,1.0,2020.0,6.0,5.0,31.0,39.0,38411956.0,2.0,107.0,8.0,0.0,0.0,88.0,C#,Minor,53.0,34.0,47.0,9.0,0.0,83.0,4.0
37,Say Yes To Heaven,Lana Del Rey,1.0,2023.0,3.0,17.0,2000.0,46.0,127567540.0,49.0,105.0,63.0,1.0,0.0,100.0,F#,Minor,49.0,17.0,35.0,71.0,9.0,11.0,3.0
38,Snooze,SZA,1.0,2022.0,12.0,9.0,2839.0,25.0,399686758.0,58.0,156.0,42.0,1.0,236.0,143.0,F,Major,56.0,39.0,55.0,14.0,0.0,11.0,13.0
39,Take Two,BTS,1.0,2023.0,6.0,9.0,674.0,47.0,118482347.0,20.0,106.0,25.0,4.0,78.0,93.0,G,Major,62.0,57.0,59.0,3.0,0.0,38.0,3.0
40,Lover,Taylor Swift,1.0,2012.0,1.0,1.0,8448.0,23.0,882831184.0,160.0,110.0,163.0,0.0,5.0,206.0,G,Major,43.0,50.0,55.0,50.0,0.0,15.0,10.0
41,Chemical,Post Malone,1.0,2023.0,4.0,14.0,2528.0,39.0,172825906.0,56.0,91.0,59.0,3.0,486.0,170.0,D,Major,50.0,37.0,90.0,0.0,0.0,12.0,5.0
42,New Jeans,NewJeans,1.0,2023.0,7.0,7.0,77.0,35.0,29562220.0,8.0,166.0,4.0,4.0,34.0,134.0,E,Minor,81.0,53.0,72.0,51.0,0.0,12.0,5.0
43,Primera Cita,Carin Leon,1.0,2022.0,4.0,20.0,266.0,27.0,77309611.0,6.0,40.0,6.0,6.0,202.0,158.0,A#,Major,54.0,50.0,40.0,61.0,0.0,10.0,6.0
44,Dandelions,Ruth B.,1.0,2017.0,4.0,28.0,3423.0,21.0,1116995633.0,41.0,100.0,59.0,1.0,32.0,117.0,C#,Major,61.0,45.0,69.0,2.0,0.0,9.0,3.0
45,Bones,Imagine Dragons,1.0,2021.0,3.0,11.0,4198.0,44.0,838079900.0,98.0,108.0,327.0,17.0,153.0,114.0,F,Minor,77.0,65.0,72.0,2.0,0.0,7.0,5.0
46,Tak Segampang Itu,Anggi Marito,1.0,2022.0,12.0,2.0,213.0,6.0,179659294.0,7.0,6.0,0.0,0.0,48.0,130.0,F,Major,51.0,18.0,44.0,76.0,0.0,11.0,3.0
47,Mine (Taylor's Version),Taylor Swift,1.0,2023.0,7.0,7.0,99.0,15.0,36912123.0,21.0,52.0,6.0,1.0,0.0,121.0,G,Major,65.0,49.0,78.0,0.0,0.0,17.0,4.0
48,No Role Modelz,J. Cole,1.0,2014.0,12.0,9.0,21164.0,36.0,1791000570.0,80.0,65.0,476.0,0.0,14.0,100.0,A#,Minor,70.0,47.0,52.0,30.0,0.0,6.0,33.0
49,Tattoo,Loreen,1.0,2023.0,2.0,25.0,2988.0,59.0,201660859.0,74.0,102.0,145.0,18.0,925.0,150.0,D#,Minor,55.0,30.0,78.0,24.0,0.0,12.0,8.0
50,august,Taylor Swift,1.0,2020.0,7.0,24.0,7324.0,22.0,607123776.0,25.0,81.0,61.0,1.0,44.0,90.0,F,Major,51.0,42.0,61.0,53.0,0.0,9.0,3.0
51,Nonsense,Sabrina Carpenter,1.0,2022.0,7.0,15.0,2346.0,27.0,342897938.0,69.0,12.0,38.0,8.0,64.0,139.0,G#,Major,74.0,68.0,68.0,3.0,0.0,26.0,4.0
52,Feliz CumpleaÃ¯Â¿Â½Ã¯Â¿Â½os Fe,Feid,1.0,2022.0,8.0,19.0,3430.0,38.0,601863821.0,45.0,69.0,52.0,4.0,3.0,95.0,F,Major,87.0,57.0,55.0,10.0,0.0,29.0,7.0
53,Queencard,(G)I-DLE,1.0,2023.0,5.0,15.0,451.0,33.0,96273746.0,10.0,126.0,7.0,0.0,148.0,130.0,E,Minor,82.0,69.0,83.0,3.0,0.0,27.0,5.0
54,OMG,NewJeans,1.0,2023.0,1.0,2.0,1783.0,27.0,430977451.0,26.0,124.0,15.0,1.0,22.0,127.0,A,Minor,80.0,74.0,77.0,36.0,0.0,11.0,4.0
55,Radio,Lana Del Rey,1.0,2011.0,1.0,1.0,9389.0,46.0,284819874.0,24.0,122.0,282.0,3.0,368.0,150.0,D,Major,42.0,20.0,86.0,21.0,0.0,9.0,9.0
56,Romantic Homicide,d4vd,1.0,2022.0,7.0,20.0,2335.0,23.0,681583126.0,82.0,55.0,50.0,0.0,9.0,132.0,F#,Major,56.0,20.0,55.0,45.0,1.0,32.0,3.0
57,Those Eyes,New West,1.0,2019.0,5.0,10.0,1507.0,14.0,411747614.0,24.0,71.0,44.0,1.0,195.0,120.0,E,Major,60.0,24.0,35.0,73.0,0.0,31.0,3.0
58,El Gordo Trae El Mando,Chino Pacas,1.0,2023.0,1.0,27.0,539.0,21.0,255932395.0,7.0,71.0,4.0,2.0,13.0,140.0,G,Minor,74.0,96.0,80.0,18.0,0.0,5.0,5.0
59,Mi Bello Angel,Natanael Cano,1.0,2023.0,6.0,30.0,86.0,8.0,31873544.0,7.0,76.0,3.0,1.0,93.0,128.0,A,Minor,81.0,90.0,77.0,1.0,0.0,9.0,5.0
60,Locked Out Of Heaven,Bruno Mars,1.0,2012.0,12.0,5.0,1622.0,9.0,1481349984.0,0.0,0.0,356.0,0.0,0.0,144.0,F,Major,73.0,87.0,70.0,6.0,0.0,28.0,5.0
61,Enchanted,Taylor Swift,1.0,2010.0,1.0,1.0,4564.0,16.0,621660989.0,24.0,101.0,113.0,0.0,40.0,164.0,G#,Major,45.0,24.0,62.0,8.0,0.0,16.0,3.0
62,Sure Thing,Miguel,1.0,2010.0,5.0,25.0,13801.0,19.0,950906471.0,137.0,125.0,435.0,6.0,285.0,81.0,B,Minor,68.0,51.0,60.0,3.0,0.0,19.0,10.0
63,Every Breath You Take - Remastered 2003,The Police,1.0,1983.0,1.0,6.0,22439.0,19.0,1593270737.0,211.0,74.0,929.0,0.0,129.0,117.0,C#,Major,82.0,73.0,45.0,54.0,0.0,7.0,3.0
64,The Night We Met,Lord Huron,1.0,2015.0,2.0,2.0,18515.0,35.0,1410088830.0,70.0,82.0,939.0,1.0,162.0,174.0,D,Major,45.0,10.0,37.0,97.0,25.0,64.0,4.0
65,Let Me Down Slowly,Alec Benjamin,1.0,2018.0,5.0,25.0,5897.0,19.0,1374581173.0,0.0,0.0,885.0,0.0,0.0,150.0,C#,Minor,65.0,51.0,55.0,73.0,0.0,14.0,3.0
66,Ã½Ã½Ã½Ã½Ã½Ã½Ã½Ã½Ã½Ã½Ã½Ã½,YOASOBI,1.0,2023.0,4.0,12.0,356.0,16.0,143573775.0,35.0,102.0,8.0,1.0,117.0,166.0,C#,Major,57.0,84.0,94.0,11.0,0.0,37.0,9.0
67,Reminder,The Weeknd,1.0,2016.0,11.0,25.0,6518.0,17.0,684675814.0,45.0,85.0,238.0,1.0,47.0,160.0,G#,Major,71.0,40.0,50.0,16.0,0.0,16.0,22.0
68,Car's Outside,James Arthur,1.0,2019.0,10.0,18.0,794.0,10.0,265882712.0,38.0,25.0,61.0,0.0,263.0,150.0,A,Major,34.0,24.0,56.0,4.0,0.0,11.0,3.0
69,Apocalypse,Cigarettes After Sex,1.0,2017.0,3.0,21.0,13091.0,17.0,841749534.0,61.0,96.0,790.0,2.0,116.0,94.0,F,Major,37.0,17.0,47.0,2.0,46.0,11.0,3.0
70,Cheques,Shubh,1.0,2023.0,5.0,19.0,67.0,8.0,47956378.0,7.0,10.0,0.0,0.0,57.0,90.0,E,Minor,74.0,36.0,63.0,26.0,0.0,27.0,5.0
71,Pink + White,Frank Ocean,1.0,2016.0,8.0,20.0,21574.0,30.0,806397070.0,112.0,68.0,266.0,1.0,39.0,160.0,A,Major,54.0,54.0,55.0,67.0,0.0,42.0,11.0
72,You Belong With Me (TaylorÃ¯Â¿Â½Ã¯Â¿Â½Ã¯Â¿Â½s Ve,Taylor Swift,1.0,2021.0,4.0,9.0,2619.0,12.0,350381515.0,47.0,90.0,1.0,0.0,7.0,130.0,F#,Major,63.0,49.0,73.0,5.0,0.0,9.0,3.0
73,Titi Me PreguntÃ¯Â¿,Bad Bunny,1.0,2022.0,5.0,6.0,9037.0,42.0,1264310836.0,124.0,133.0,139.0,14.0,166.0,107.0,F,Minor,65.0,19.0,72.0,10.0,0.0,13.0,25.0
74,Better Than Revenge (Taylor's Version),Taylor Swift,1.0,2023.0,7.0,7.0,86.0,11.0,30343206.0,3.0,33.0,3.0,0.0,1.0,146.0,B,Minor,50.0,67.0,89.0,0.0,0.0,19.0,8.0
75,Shut up My Moms Calling,Hotel Ugly,1.0,2020.0,2.0,10.0,1788.0,14.0,405136812.0,1.0,50.0,19.0,0.0,19.0,139.0,A,Minor,48.0,37.0,41.0,32.0,0.0,10.0,10.0
76,Es un Secreto,Plan B,1.0,2010.0,7.0,20.0,492.0,36.0,540654286.0,4.0,3.0,19.0,0.0,0.0,95.0,F#,Minor,84.0,52.0,77.0,12.0,0.0,7.0,4.0
77,Ditto,NewJeans,1.0,2022.0,12.0,19.0,1154.0,22.0,397582059.0,28.0,125.0,11.0,1.0,51.0,134.0,F#,Minor,81.0,18.0,64.0,3.0,0.0,10.0,11.0
78,AcrÃ¯Â¿Â½Ã¯Â¿Â½s,Shakira,1.0,2023.0,5.0,11.0,955.0,29.0,123124076.0,37.0,50.0,79.0,11.0,31.0,144.0,B,Major,75.0,35.0,48.0,84.0,0.0,10.0,12.0
79,S-Class,Stray Kids,1.0,2023.0,6.0,2.0,290.0,19.0,65496046.0,9.0,101.0,5.0,0.0,73.0,105.0,F,Minor,89.0,67.0,78.0,9.0,0.0,7.0,33.0
80,Hits Different,Taylor Swift,1.0,2023.0,5.0,26.0,547.0,0.0,68616963.0,15.0,15.0,6.0,0.0,0.0,106.0,F,Major,67.0,24.0,78.0,15.0,0.0,30.0,4.0
81,FLOWER,JISOO,1.0,2023.0,3.0,31.0,839.0,18.0,232896922.0,20.0,110.0,20.0,0.0,69.0,124.0,A,Minor,84.0,64.0,39.0,3.0,0.0,11.0,4.0
82,Eyes Closed,Ed Sheeran,1.0,2023.0,3.0,23.0,2915.0,30.0,195576623.0,116.0,69.0,107.0,3.0,675.0,107.0,D,Major,78.0,39.0,53.0,30.0,0.0,11.0,6.0
83,CHORRITO PA LAS ANIMAS,Feid,1.0,2022.0,12.0,2.0,2321.0,36.0,345031710.0,29.0,65.0,34.0,5.0,3.0,96.0,G#,Minor,74.0,61.0,83.0,11.0,0.0,35.0,6.0
84,Players,Coi Leray,1.0,2022.0,11.0,30.0,4096.0,6.0,335074782.0,118.0,48.0,143.0,0.0,240.0,105.0,F#,Major,95.0,62.0,52.0,3.0,0.0,5.0,16.0
85,Bite Me,ENHYPEN,1.0,2023.0,5.0,22.0,349.0,69.0,76767396.0,8.0,96.0,5.0,0.0,56.0,105.0,C#,Major,80.0,69.0,78.0,28.0,0.0,11.0,14.0
86,Normal,Feid,1.0,2022.0,7.0,8.0,2461.0,36.0,459276435.0,47.0,66.0,45.0,5.0,6.0,170.0,E,Minor,71.0,59.0,56.0,4.0,0.0,27.0,12.0
87,Bad Habit,Steve Lacy,1.0,2022.0,6.0,29.0,8186.0,12.0,822633917.0,155.0,72.0,131.0,16.0,29.0,169.0,C#,Major,69.0,69.0,51.0,63.0,0.0,38.0,4.0
88,CUFF IT,BeyoncÃ¯Â¿,1.0,2022.0,7.0,29.0,7842.0,10.0,595900742.0,215.0,88.0,330.0,26.0,23.0,115.0,G,Major,78.0,64.0,69.0,4.0,0.0,7.0,14.0
89,Search & Rescue,Drake,1.0,2023.0,4.0,7.0,2066.0,6.0,175097833.0,58.0,70.0,43.0,0.0,182.0,142.0,A#,Minor,82.0,54.0,44.0,6.0,0.0,33.0,7.0
90,Lavender Haze,Taylor Swift,1.0,2022.0,10.0,21.0,3763.0,8.0,488386797.0,51.0,43.0,38.0,10.0,1.0,97.0,A#,Major,73.0,10.0,44.0,26.0,0.0,16.0,8.0
91,Efecto,Bad Bunny,1.0,2022.0,5.0,6.0,4004.0,33.0,1047480053.0,34.0,65.0,43.0,6.0,2.0,98.0,G,Minor,80.0,23.0,48.0,14.0,0.0,6.0,5.0
92,Erro Gostoso - Ao Vivo,Simone Mendes,1.0,2023.0,1.0,27.0,984.0,5.0,153454328.0,8.0,57.0,76.0,2.0,49.0,154.0,F#,Major,59.0,63.0,89.0,18.0,0.0,80.0,9.0
93,Cupido,Tini,1.0,2023.0,2.0,14.0,1240.0,24.0,217672943.0,51.0,29.0,63.0,4.0,54.0,120.0,A,Major,91.0,63.0,58.0,52.0,0.0,31.0,22.0
94,Just Wanna Rock,Lil Uzi Vert,1.0,2022.0,10.0,17.0,3995.0,13.0,457184829.0,72.0,27.0,47.0,0.0,0.0,150.0,B,Major,49.0,4.0,55.0,7.0,0.0,6.0,3.0
95,Until I Found You,Stephen Sanchez,1.0,2021.0,9.0,1.0,4427.0,4.0,726434358.0,69.0,100.0,154.0,20.0,438.0,202.0,A#,Major,34.0,25.0,51.0,69.0,0.0,18.0,4.0
96,Easy On Me,Adele,1.0,2021.0,10.0,14.0,10195.0,20.0,1406111294.0,258.0,87.0,657.0,22.0,9.0,142.0,F,Major,60.0,13.0,37.0,58.0,0.0,13.0,3.0
97,Oi Balde - Ao Vivo,ZÃ¯Â¿Â½Ã¯Â¿Â½ Neto & Crist,1.0,2023.0,2.0,14.0,845.0,2.0,145458418.0,12.0,57.0,47.0,1.0,33.0,108.0,D,Major,67.0,55.0,67.0,60.0,0.0,80.0,5.0
98,The Color Violet,Tory Lanez,1.0,2021.0,12.0,10.0,2585.0,32.0,415932686.0,3.0,79.0,21.0,1.0,54.0,105.0,F#,Minor,65.0,46.0,53.0,16.0,0.0,9.0,5.0
99,Glimpse of Us,Joji,1.0,2022.0,6.0,10.0,6330.0,6.0,988515741.0,109.0,42.0,158.0,3.0,31.0,170.0,G#,Major,44.0,27.0,32.0,89.0,0.0,14.0,5.0
100,Curtains,Ed Sheeran,1.0,2023.0,5.0,5.0,715.0,0.0,39893489.0,37.0,3.0,27.0,0.0,50.0,176.0,F#,Minor,50.0,44.0,76.0,10.0,0.0,32.0,5.0
101,Haegeum,Agust D,1.0,2023.0,4.0,21.0,244.0,12.0,118810253.0,6.0,84.0,10.0,2.0,9.0,85.0,G,Major,70.0,83.0,84.0,31.0,0.0,47.0,30.0
102,Never Felt So Alone,Labrinth,1.0,2023.0,4.0,7.0,1730.0,3.0,117747907.0,46.0,5.0,51.0,0.0,20.0,98.0,F,Major,44.0,36.0,41.0,50.0,0.0,38.0,5.0
103,ceilings,Lizzy McAlpine,1.0,2022.0,4.0,8.0,3242.0,9.0,293186992.0,67.0,55.0,48.0,0.0,6.0,148.0,A,Major,51.0,27.0,33.0,48.0,0.0,22.0,3.0
104,Cupid,Fifty Fifty,1.0,2023.0,2.0,24.0,526.0,10.0,139681964.0,15.0,93.0,30.0,0.0,320.0,120.0,D,Major,77.0,94.0,66.0,65.0,0.0,38.0,3.0
105,I AM,IVE,1.0,2023.0,4.0,10.0,366.0,15.0,123132751.0,16.0,102.0,7.0,0.0,55.0,122.0,E,Minor,68.0,38.0,88.0,1.0,0.0,8.0,5.0
106,Cupid Ã¯Â¿Â½Ã¯Â¿Â½Ã¯Â¿Â½ Twin Ver. (FIFTY FIFTY) Ã¯Â¿Â½Ã¯Â¿Â½Ã¯Â¿Â½ Spe,sped up 8282,1.0,1997.0,1.0,1.0,472.0,2.0,103762518.0,0.0,0.0,6.0,0.0,0.0,144.0,F,Major,74.0,75.0,73.0,42.0,0.0,9.0,4.0
107,Super,SEVENTEEN,1.0,2023.0,4.0,24.0,271.0,12.0,91221625.0,16.0,103.0,9.0,0.0,55.0,137.0,G#,Major,77.0,35.0,88.0,16.0,0.0,17.0,9.0
108,Slut Me Out,NLE Choppa,1.0,2022.0,4.0,22.0,816.0,4.0,190490915.0,21.0,4.0,13.0,0.0,4.0,121.0,F#,Minor,94.0,71.0,61.0,12.0,0.0,53.0,42.0
109,All Of The Girls You Loved Before,Taylor Swift,1.0,2019.0,8.0,23.0,1282.0,6.0,185240616.0,26.0,6.0,19.0,0.0,5.0,96.0,D,Major,72.0,40.0,47.0,71.0,0.0,13.0,4.0
110,PROVENZA,Karol G,1.0,2022.0,4.0,21.0,6587.0,34.0,885093467.0,114.0,104.0,147.0,11.0,20.0,111.0,C#,Major,87.0,53.0,52.0,66.0,1.0,11.0,5.0
111,Komang,Raim Laode,1.0,2022.0,8.0,16.0,158.0,4.0,137123880.0,5.0,6.0,1.0,1.0,18.0,134.0,G,Major,70.0,35.0,41.0,41.0,0.0,10.0,3.0
112,DESPECHÃ¯Â¿,ROSALÃ¯Â¿Â½,1.0,2022.0,7.0,28.0,7613.0,33.0,782369383.0,180.0,90.0,422.0,15.0,55.0,130.0,G,Major,92.0,78.0,62.0,18.0,0.0,6.0,10.0
113,Made You Look,Meghan Trainor,1.0,2022.0,10.0,21.0,3956.0,6.0,502574952.0,142.0,23.0,127.0,3.0,16.0,145.0,A#,Major,84.0,88.0,53.0,35.0,0.0,8.0,7.0
114,Punto G,Quevedo,1.0,2022.0,11.0,4.0,1985.0,35.0,381161027.0,34.0,26.0,37.0,5.0,1.0,92.0,B,Minor,75.0,55.0,76.0,25.0,0.0,10.0,15.0
115,Lovers Rock,TV Girl,1.0,2014.0,6.0,5.0,6339.0,13.0,466231982.0,3.0,1.0,36.0,1.0,37.0,105.0,F,Minor,56.0,57.0,87.0,0.0,1.0,10.0,4.0
116,METAMORPHOSIS,INTERWORLD,1.0,2021.0,11.0,25.0,1561.0,24.0,357580552.0,18.0,78.0,24.0,0.0,30.0,175.0,G,Minor,59.0,15.0,64.0,43.0,90.0,12.0,10.0
117,Call Out My Name,The Weeknd,1.0,2018.0,3.0,29.0,11087.0,6.0,1449799467.0,151.0,107.0,801.0,1.0,105.0,134.0,C#,Major,45.0,17.0,60.0,21.0,0.0,33.0,4.0
118,Like Crazy (English Version),Jimin,1.0,2023.0,3.0,24.0,373.0,19.0,173627354.0,4.0,72.0,5.0,0.0,5.0,120.0,G,Major,62.0,32.0,76.0,0.0,0.0,39.0,4.0
119,REMIX EXCLUSIVO,Feid,1.0,2023.0,3.0,17.0,1235.0,9.0,117206995.0,20.0,8.0,15.0,0.0,6.0,87.0,F,Minor,65.0,71.0,56.0,4.0,0.0,15.0,20.0
120,HAPPY,NF,1.0,2023.0,3.0,25.0,660.0,0.0,52722996.0,22.0,7.0,11.0,0.0,78.0,106.0,G,Major,73.0,22.0,86.0,31.0,0.0,12.0,4.0
121,La Bebe,Yng Lvcas,1.0,2021.0,12.0,24.0,489.0,17.0,191945597.0,4.0,11.0,5.0,1.0,2.0,170.0,D,Minor,78.0,75.0,46.0,62.0,0.0,12.0,35.0
122,Late Night Talking,Harry Styles,1.0,2022.0,5.0,20.0,7461.0,8.0,743693613.0,166.0,42.0,199.0,16.0,58.0,115.0,A#,Major,71.0,90.0,73.0,30.0,0.0,11.0,5.0
123,LeÃ¯Â¿Â½,MarÃ¯Â¿Â½Ã¯Â¿Â½lia Mendo,1.0,2022.0,12.0,9.0,993.0,4.0,267789608.0,30.0,84.0,88.0,1.0,28.0,130.0,F#,Major,74.0,79.0,87.0,45.0,0.0,30.0,3.0
124,Something in the Orange,Zach Bryan,1.0,2022.0,4.0,22.0,3282.0,12.0,449701773.0,67.0,84.0,46.0,16.0,117.0,110.0,G,Major,59.0,22.0,38.0,42.0,0.0,12.0,3.0
125,VOID,Melanie Martinez,1.0,2023.0,3.0,29.0,596.0,0.0,67070410.0,29.0,9.0,12.0,0.0,52.0,100.0,A,Major,72.0,42.0,66.0,18.0,4.0,19.0,4.0
126,If We Ever Broke Up,Mae Stephens,1.0,2023.0,2.0,10.0,2040.0,4.0,165584767.0,81.0,27.0,66.0,9.0,444.0,116.0,G,Major,90.0,96.0,73.0,62.0,0.0,9.0,4.0
127,You Proof,Morgan Wallen,1.0,2022.0,5.0,13.0,2128.0,9.0,367814306.0,37.0,88.0,9.0,0.0,14.0,120.0,A,Major,73.0,64.0,85.0,25.0,0.0,61.0,3.0
128,Malas Decisiones,Kenia OS,1.0,2022.0,10.0,26.0,542.0,2.0,156214700.0,23.0,2.0,21.0,0.0,0.0,110.0,G#,Minor,81.0,64.0,79.0,5.0,0.0,31.0,3.0
129,Murder In My Mind,Kordhell,1.0,2022.0,1.0,21.0,2459.0,20.0,448843705.0,20.0,68.0,50.0,0.0,22.0,120.0,A#,Major,71.0,57.0,97.0,1.0,0.0,13.0,11.0
130,I Love You So,The Walters,1.0,2014.0,11.0,28.0,7536.0,7.0,972164968.0,44.0,19.0,135.0,0.0,6.0,76.0,A#,Major,58.0,46.0,67.0,65.0,0.0,13.0,4.0
131,Dark Red,Steve Lacy,1.0,2017.0,2.0,20.0,10431.0,7.0,920045682.0,71.0,53.0,181.0,0.0,10.0,172.0,F#,Major,60.0,77.0,78.0,45.0,0.0,12.0,6.0
132,Heart To Heart,Mac DeMarco,1.0,2019.0,5.0,10.0,1640.0,0.0,244658767.0,27.0,27.0,29.0,1.0,1.0,150.0,G#,Minor,90.0,64.0,14.0,67.0,35.0,11.0,10.0
133,Peaches (from The Super Mario Bros. Movie),Jack Black,1.0,2023.0,4.0,7.0,34.0,0.0,68216992.0,0.0,0.0,0.0,0.0,0.0,92.0,A#,Minor,71.0,41.0,31.0,79.0,0.0,10.0,5.0
134,One Thing At A Time,Morgan Wallen,1.0,2022.0,12.0,2.0,811.0,4.0,148469433.0,11.0,58.0,5.0,0.0,21.0,142.0,G,Major,61.0,92.0,91.0,0.0,0.0,26.0,3.0
135,AinÃ¯Â¿Â½Ã¯Â¿Â½Ã¯Â¿Â½t Tha,Morgan Wallen,1.0,2023.0,3.0,3.0,356.0,4.0,88791109.0,4.0,20.0,0.0,0.0,0.0,121.0,F#,Minor,64.0,67.0,80.0,0.0,0.0,36.0,3.0
136,ThinkinÃ¯Â¿Â½Ã¯Â¿Â½Ã¯Â¿Â½ B,Morgan Wallen,1.0,2023.0,3.0,3.0,604.0,6.0,125917280.0,22.0,101.0,0.0,0.0,66.0,140.0,D#,Minor,66.0,43.0,76.0,49.0,0.0,12.0,3.0
137,Everything I Love,Morgan Wallen,1.0,2023.0,1.0,31.0,579.0,0.0,95623148.0,11.0,54.0,0.0,0.0,103.0,104.0,G#,Major,56.0,72.0,85.0,0.0,0.0,15.0,3.0
138,Heaven,Niall Horan,1.0,2023.0,2.0,17.0,1553.0,2.0,144584800.0,61.0,6.0,48.0,0.0,150.0,92.0,F,Major,57.0,68.0,76.0,7.0,0.0,33.0,3.0
139,LET GO,Central Cee,1.0,2022.0,12.0,15.0,2301.0,20.0,298063749.0,49.0,23.0,110.0,0.0,8.0,146.0,D,Minor,74.0,51.0,45.0,86.0,0.0,21.0,38.0
140,Sial,Mahalini,1.0,2023.0,1.0,23.0,134.0,4.0,166570053.0,4.0,6.0,0.0,0.0,23.0,120.0,D,Major,56.0,20.0,43.0,89.0,0.0,12.0,4.0
141,I Wrote The Book,Morgan Wallen,1.0,2023.0,1.0,31.0,430.0,0.0,83021468.0,15.0,17.0,0.0,0.0,0.0,144.0,D,Major,68.0,83.0,81.0,9.0,0.0,8.0,4.0
142,SPIT IN MY FACE!,ThxSoMch,1.0,2022.0,10.0,31.0,629.0,14.0,303216294.0,32.0,3.0,9.0,0.0,0.0,94.0,G#,Major,73.0,65.0,79.0,5.0,2.0,11.0,6.0
143,Red Ruby Da Sleeze,Nicki Minaj,1.0,2023.0,3.0,3.0,1168.0,0.0,81419389.0,45.0,11.0,20.0,0.0,21.0,98.0,C#,Major,70.0,29.0,73.0,12.0,0.0,11.0,26.0
144,Kahani Suno 2.0,Kaifi Khalil,1.0,2022.0,5.0,31.0,162.0,6.0,156777415.0,1.0,10.0,1.0,0.0,1.0,140.0,B,Major,58.0,26.0,38.0,91.0,0.0,10.0,4.0
145,Nobody Gets Me,SZA,1.0,2022.0,12.0,9.0,2536.0,6.0,284908316.0,59.0,100.0,58.0,13.0,2.0,100.0,G,Major,36.0,28.0,28.0,81.0,0.0,18.0,3.0
146,Hype Boy,NewJeans,1.0,2022.0,8.0,1.0,892.0,17.0,363472647.0,20.0,119.0,12.0,2.0,7.0,100.0,E,Minor,59.0,78.0,94.0,27.0,0.0,29.0,23.0
147,Bloody Mary,Lady Gaga,1.0,2011.0,1.0,1.0,3909.0,0.0,372476382.0,66.0,26.0,277.0,3.0,734.0,100.0,A,Minor,59.0,49.0,65.0,2.0,0.0,13.0,3.0
148,Ã½Ã½Ã½98 Braves,Morgan Wallen,1.0,2023.0,3.0,3.0,282.0,0.0,56533272.0,6.0,15.0,0.0,0.0,0.0,142.0,D,Major,49.0,48.0,67.0,10.0,0.0,26.0,3.0
149,WANDA,Quevedo,1.0,2023.0,1.0,20.0,888.0,22.0,175399345.0,11.0,24.0,7.0,1.0,7.0,176.0,E,Minor,72.0,96.0,63.0,25.0,0.0,21.0,7.0
150,Thought You Should Know,Morgan Wallen,1.0,2022.0,5.0,6.0,968.0,4.0,203221468.0,16.0,53.0,1.0,0.0,61.0,140.0,F#,Major,53.0,51.0,70.0,49.0,0.0,14.0,3.0
151,Zona De Perigo,Leo Santana,1.0,2022.0,12.0,8.0,531.0,4.0,134294498.0,20.0,1.0,71.0,2.0,0.0,135.0,F,Major,81.0,97.0,77.0,75.0,0.0,35.0,3.0
152,Lovezinho,Treyce,1.0,2022.0,7.0,28.0,242.0,0.0,70069745.0,12.0,2.0,13.0,0.0,4.0,128.0,E,Minor,82.0,61.0,59.0,30.0,0.0,12.0,4.0
153,Neverita,Bad Bunny,1.0,2022.0,5.0,6.0,2590.0,30.0,671365962.0,20.0,64.0,35.0,6.0,0.0,122.0,A#,Major,88.0,43.0,50.0,7.0,0.0,14.0,5.0
154,Revenge,XXXTENTACION,1.0,2017.0,8.0,25.0,3600.0,11.0,1022258230.0,7.0,0.0,203.0,0.0,2.0,140.0,B,Minor,75.0,18.0,25.0,78.0,0.0,11.0,26.0
155,Love Again,The Kid Laroi,1.0,2023.0,1.0,27.0,1283.0,0.0,147538971.0,57.0,4.0,48.0,0.0,0.0,107.0,B,Minor,66.0,47.0,40.0,72.0,0.0,11.0,3.0
156,After Hours,The Weeknd,1.0,2020.0,2.0,19.0,8084.0,6.0,698086140.0,45.0,115.0,218.0,1.0,221.0,109.0,F,Minor,66.0,16.0,57.0,10.0,1.0,12.0,3.0
157,About Damn Time,Lizzo,1.0,2022.0,7.0,15.0,2332.0,2.0,723894473.0,0.0,0.0,25.0,0.0,0.0,109.0,A#,Minor,84.0,72.0,74.0,10.0,0.0,34.0,7.0
158,Ã½Ã½Ã½Ã½Ã½Ã½Ã½Ã½Ã½Ã½Ã½Ã½Ã½Ã½Ã½Ã½Ã½Ã½Ã½Ã½Ã½,Fujii Kaze,1.0,2020.0,5.0,20.0,685.0,14.0,403097450.0,24.0,94.0,9.0,0.0,23.0,158.0,F#,Minor,60.0,52.0,76.0,17.0,0.0,19.0,5.0
159,Maan Meri Jaan,King,1.0,2022.0,10.0,12.0,288.0,6.0,319566866.0,11.0,80.0,1.0,0.0,8.0,96.0,F#,Minor,70.0,40.0,51.0,35.0,0.0,10.0,4.0
160,Moscow Mule,Bad Bunny,1.0,2022.0,5.0,6.0,4572.0,33.0,909001996.0,74.0,113.0,85.0,9.0,2.0,100.0,F,Minor,80.0,29.0,67.0,29.0,0.0,12.0,3.0
161,LLYLM,ROSALÃ¯Â¿Â½,1.0,2023.0,1.0,27.0,1838.0,0.0,124988687.0,105.0,41.0,114.0,1.0,59.0,170.0,F#,Minor,56.0,56.0,63.0,13.0,0.0,19.0,27.0
162,TRUSTFALL,P!nk,1.0,2023.0,1.0,27.0,2098.0,16.0,134255790.0,88.0,24.0,101.0,7.0,451.0,122.0,G#,Major,64.0,25.0,89.0,0.0,0.0,15.0,9.0
163,ANTIFRAGILE,LE SSERAFIM,1.0,2022.0,10.0,17.0,761.0,12.0,301051721.0,23.0,95.0,11.0,0.0,3.0,105.0,A#,Minor,88.0,82.0,80.0,8.0,0.0,11.0,8.0
164,Boy's a liar,PinkPantheress,1.0,2022.0,11.0,30.0,1225.0,0.0,156338624.0,27.0,0.0,28.0,13.0,0.0,133.0,F,Major,66.0,74.0,84.0,25.0,0.0,21.0,4.0
165,Shirt,SZA,1.0,2022.0,10.0,28.0,3469.0,0.0,309653982.0,71.0,95.0,31.0,0.0,2.0,120.0,D#,Minor,82.0,55.0,45.0,15.0,3.0,9.0,10.0
166,Lift Me Up - From Black Panther: Wakanda Forever - Music From and Inspired By,Rihanna,1.0,2022.0,10.0,28.0,3311.0,0.0,297328960.0,129.0,31.0,212.0,1.0,41.0,177.0,A,Major,25.0,17.0,30.0,90.0,0.0,13.0,3.0
167,STAR WALKIN' (League of Legends Worlds Anthem),Lil Nas X,1.0,2022.0,9.0,22.0,2616.0,0.0,332506354.0,113.0,17.0,208.0,0.0,192.0,142.0,D,Minor,64.0,31.0,72.0,15.0,0.0,9.0,5.0
168,TV,Billie Eilish,1.0,2022.0,7.0,21.0,3009.0,2.0,338564981.0,68.0,89.0,65.0,0.0,25.0,141.0,E,Minor,41.0,9.0,25.0,84.0,1.0,14.0,4.0
169,Heather,Conan Gray,1.0,2020.0,3.0,20.0,6170.0,7.0,1301799902.0,82.0,1.0,231.0,0.0,2.0,92.0,F,Major,47.0,25.0,43.0,62.0,0.0,32.0,3.0
170,Sugar Rush Ride,TOMORROW X TOGETHER,1.0,2023.0,1.0,27.0,359.0,0.0,107642809.0,12.0,56.0,13.0,0.0,13.0,125.0,A#,Minor,71.0,83.0,89.0,1.0,0.0,17.0,9.0
171,After Dark,Mr.Kitty,1.0,2014.0,8.0,8.0,1776.0,14.0,646886885.0,1.0,9.0,3.0,0.0,0.0,140.0,G#,Major,58.0,4.0,60.0,7.0,41.0,8.0,3.0
172,MIDDLE OF THE NIGHT,Elley DuhÃ¯Â¿,1.0,2020.0,1.0,10.0,4057.0,8.0,872137015.0,78.0,21.0,240.0,1.0,52.0,186.0,E,Minor,41.0,9.0,61.0,2.0,0.0,12.0,5.0
173,Atlantis,Seafret,1.0,2015.0,4.0,22.0,3045.0,6.0,571386359.0,43.0,53.0,134.0,1.0,32.0,166.0,G#,Minor,40.0,23.0,48.0,5.0,0.0,12.0,3.0
174,How Do I Say Goodbye,Dean Lewis,1.0,2022.0,8.0,5.0,2163.0,15.0,284785823.0,72.0,97.0,58.0,0.0,154.0,82.0,G#,Major,40.0,39.0,64.0,21.0,0.0,7.0,7.0
175,Blind,SZA,1.0,2022.0,12.0,9.0,1484.0,0.0,163284000.0,22.0,51.0,12.0,0.0,0.0,114.0,A,Minor,46.0,60.0,28.0,91.0,0.0,21.0,4.0
176,Die For You,Joji,1.0,2022.0,11.0,4.0,1703.0,0.0,246390068.0,38.0,45.0,36.0,16.0,0.0,148.0,G#,Major,47.0,15.0,52.0,38.0,13.0,29.0,5.0
177,Doja,Central Cee,1.0,2022.0,7.0,20.0,4169.0,44.0,482257456.0,57.0,44.0,183.0,1.0,11.0,140.0,F#,Major,91.0,97.0,57.0,38.0,0.0,40.0,29.0
178,Gatita,Bellakath,1.0,2022.0,10.0,3.0,1054.0,0.0,168684524.0,9.0,0.0,15.0,0.0,1.0,101.0,G,Major,90.0,76.0,81.0,15.0,24.0,33.0,6.0
179,Yonaguni,Bad Bunny,1.0,2021.0,6.0,4.0,9644.0,28.0,1260594497.0,120.0,86.0,164.0,4.0,0.0,180.0,C#,Major,64.0,44.0,65.0,28.0,0.0,14.0,12.0
180,Super Freaky Girl,Nicki Minaj,1.0,2022.0,8.0,12.0,4827.0,0.0,428685680.0,104.0,17.0,76.0,9.0,2.0,133.0,D,Major,95.0,91.0,89.0,6.0,0.0,31.0,24.0
181,Running Up That Hill (A Deal With God),Kate Bush,1.0,1985.0,9.0,16.0,21811.0,0.0,1024858327.0,117.0,1.0,676.0,3.0,0.0,108.0,A#,Minor,63.0,20.0,55.0,72.0,0.0,6.0,6.0
182,Dream On,Aerosmith,1.0,1973.0,1.0,5.0,168.0,0.0,838586769.0,0.0,0.0,5.0,0.0,0.0,80.0,F,Minor,39.0,24.0,43.0,39.0,0.0,23.0,3.0
183,Limbo,Freddie Dredd,1.0,2022.0,8.0,11.0,688.0,0.0,199386237.0,14.0,1.0,17.0,0.0,2.0,75.0,B,Minor,80.0,46.0,62.0,3.0,6.0,11.0,46.0
184,KICK BACK,Kenshi Yonezu,1.0,2022.0,10.0,12.0,574.0,4.0,210038833.0,38.0,101.0,26.0,0.0,0.0,102.0,C#,Major,58.0,29.0,94.0,0.0,0.0,9.0,11.0
185,Evergreen (You DidnÃ¯Â¿Â½Ã¯Â¿Â½Ã¯Â¿Â½t Deserve Me A,Omar Apollo,1.0,2022.0,4.0,8.0,2499.0,0.0,227918678.0,70.0,0.0,49.0,0.0,0.0,82.0,A,Major,70.0,31.0,34.0,60.0,1.0,11.0,4.0
186,Good Days,SZA,1.0,2020.0,12.0,24.0,10426.0,2.0,826623384.0,133.0,109.0,182.0,1.0,10.0,121.0,C#,Minor,46.0,53.0,78.0,23.0,0.0,72.0,6.0
187,Shut up My Moms Calling - (Sped Up),Hotel Ugly,1.0,2022.0,9.0,14.0,713.0,7.0,181831132.0,2.0,4.0,6.0,0.0,0.0,85.0,F,Minor,65.0,36.0,47.0,31.0,0.0,12.0,10.0
188,It's Beginning To Look A Lot Like Christmas,Michael BublÃ¯Â¿,1.0,2011.0,10.0,14.0,12353.0,0.0,807561936.0,35.0,0.0,549.0,0.0,0.0,93.0,E,Major,35.0,38.0,23.0,91.0,0.0,29.0,3.0
189,It's the Most Wonderful Time of the Year,Andy Williams,1.0,1963.0,10.0,14.0,8879.0,0.0,663832097.0,182.0,107.0,160.0,0.0,1.0,202.0,G,Major,24.0,76.0,60.0,77.0,0.0,12.0,4.0
190,Let It Snow! Let It Snow! Let It Snow!,Dean Martin,1.0,1959.0,11.0,16.0,6512.0,0.0,446390129.0,88.0,1.0,277.0,0.0,0.0,134.0,C#,Major,45.0,72.0,24.0,91.0,0.0,18.0,4.0
191,Underneath the Tree,Kelly Clarkson,1.0,2013.0,10.0,25.0,6596.0,0.0,485285717.0,144.0,99.0,251.0,0.0,0.0,160.0,G#,Major,51.0,69.0,81.0,0.0,0.0,21.0,5.0
192,Feliz Navidad,JosÃ¯Â¿Â½Ã¯Â¿Â½ Felic,1.0,1970.0,11.0,1.0,3788.0,0.0,520034544.0,21.0,3.0,10.0,0.0,0.0,148.0,D,Major,50.0,96.0,82.0,47.0,0.0,34.0,4.0
193,Holly Jolly Christmas,Michael BublÃ¯Â¿,1.0,2011.0,10.0,14.0,7655.0,0.0,476244795.0,5.0,0.0,291.0,0.0,0.0,151.0,G,Major,65.0,70.0,47.0,87.0,0.0,9.0,4.0
194,Mistletoe,Justin Bieber,1.0,2011.0,1.0,1.0,9577.0,0.0,629173063.0,195.0,111.0,310.0,0.0,0.0,162.0,F#,Minor,67.0,88.0,54.0,51.0,0.0,9.0,4.0
195,Sleigh Ride,The Ronettes,1.0,1963.0,11.0,22.0,10114.0,0.0,404664135.0,114.0,74.0,262.0,0.0,0.0,92.0,D,Major,53.0,84.0,77.0,40.0,0.0,32.0,3.0
196,Seek & Destroy,SZA,1.0,2022.0,12.0,9.0,1007.0,0.0,98709329.0,5.0,31.0,1.0,0.0,0.0,152.0,C#,Major,65.0,35.0,65.0,44.0,18.0,21.0,7.0
197,Love Language,SZA,1.0,2022.0,12.0,9.0,1127.0,0.0,110849052.0,16.0,63.0,8.0,0.0,0.0,65.0,A,Minor,71.0,55.0,26.0,85.0,0.0,13.0,8.0
198,The Christmas Song (Merry Christmas To You) - Remastered 1999,Nat King Cole,1.0,1946.0,11.0,1.0,11500.0,0.0,389771964.0,140.0,72.0,251.0,0.0,0.0,139.0,C#,Major,36.0,22.0,15.0,84.0,0.0,11.0,4.0
199,Wonderful Christmastime - Edited Version / Remastered 2011,Paul McCartney,1.0,1979.0,11.0,16.0,1685.0,0.0,403939487.0,1.0,0.0,29.0,0.0,0.0,95.0,B,Major,75.0,74.0,58.0,36.0,0.0,9.0,3.0
200,Merry Christmas Everyone,Shakin' Stevens,1.0,1984.0,1.0,1.0,1087.0,0.0,351636786.0,90.0,35.0,5.0,0.0,0.0,101.0,C#,Minor,72.0,91.0,87.0,14.0,0.0,13.0,3.0
201,SOS,SZA,1.0,2022.0,12.0,9.0,827.0,0.0,73981293.0,6.0,18.0,1.0,0.0,0.0,119.0,G,Minor,51.0,51.0,66.0,67.0,0.0,9.0,23.0
202,Driving Home for Christmas - 2019 Remaster,Chris Rea,1.0,1986.0,1.0,1.0,888.0,0.0,429504768.0,50.0,0.0,6.0,0.0,0.0,180.0,A,Major,51.0,87.0,58.0,36.0,0.0,18.0,4.0
203,Christmas (Baby Please Come Home),Darlene Love,1.0,1963.0,11.0,22.0,9122.0,0.0,242767149.0,121.0,58.0,212.0,0.0,0.0,126.0,D#,Major,34.0,35.0,76.0,39.0,0.0,8.0,5.0
204,Gone Girl,SZA,1.0,2022.0,12.0,9.0,892.0,0.0,65362788.0,3.0,17.0,2.0,0.0,0.0,150.0,F,Major,43.0,42.0,44.0,57.0,0.0,15.0,6.0
205,F2F,SZA,1.0,2022.0,12.0,9.0,989.0,0.0,67540165.0,5.0,9.0,1.0,0.0,0.0,90.0,D,Major,53.0,47.0,74.0,9.0,0.0,34.0,4.0
206,Notice Me,SZA,1.0,2022.0,12.0,9.0,819.0,0.0,62019074.0,14.0,22.0,0.0,0.0,0.0,160.0,F,Major,72.0,78.0,68.0,28.0,0.0,11.0,12.0
207,Wild Flower (with youjeen),RM,1.0,2022.0,12.0,2.0,353.0,2.0,135611421.0,2.0,74.0,14.0,0.0,2.0,155.0,G#,Major,49.0,42.0,77.0,3.0,0.0,12.0,9.0
208,I Hate U,SZA,1.0,2021.0,12.0,3.0,4094.0,0.0,356709897.0,66.0,96.0,43.0,0.0,0.0,107.0,G,Minor,54.0,41.0,39.0,51.0,0.0,11.0,16.0
209,SPIT IN MY FACE!,ThxSoMch,1.0,2022.0,10.0,31.0,573.0,0.0,301869854.0,1.0,0.0,18.0,0.0,24.0,166.0,C#,Major,70.0,57.0,57.0,9.0,20.0,11.0,7.0
210,Deck The Hall - Remastered 1999,Nat King Cole,1.0,1959.0,1.0,1.0,3299.0,0.0,127027715.0,65.0,39.0,41.0,0.0,0.0,107.0,F#,Minor,69.0,96.0,36.0,81.0,0.0,8.0,4.0
211,Smoking on my Ex Pack,SZA,1.0,2022.0,12.0,9.0,811.0,0.0,57144458.0,6.0,11.0,3.0,0.0,0.0,81.0,G#,Major,47.0,33.0,68.0,24.0,0.0,22.0,38.0
212,Conceited,SZA,1.0,2022.0,12.0,9.0,899.0,0.0,56870689.0,2.0,14.0,2.0,0.0,0.0,150.0,C#,Major,79.0,77.0,46.0,5.0,0.0,11.0,7.0
213,Maroon,Taylor Swift,1.0,2022.0,10.0,21.0,2304.0,0.0,317726339.0,12.0,16.0,14.0,0.0,0.0,108.0,G,Major,64.0,4.0,40.0,6.0,0.0,10.0,6.0
214,Bejeweled,Taylor Swift,1.0,2022.0,10.0,21.0,2699.0,0.0,328207708.0,39.0,35.0,22.0,2.0,0.0,164.0,G,Major,70.0,39.0,56.0,6.0,0.0,9.0,7.0
215,Too Late,SZA,1.0,2022.0,12.0,8.0,714.0,0.0,49262961.0,0.0,9.0,2.0,0.0,0.0,128.0,B,Major,45.0,35.0,68.0,78.0,0.0,39.0,8.0
216,Run Rudolph Run - Single Version,Chuck Berry,1.0,1958.0,1.0,1.0,8612.0,0.0,245350949.0,120.0,30.0,52.0,0.0,1.0,152.0,G,Minor,69.0,94.0,71.0,79.0,0.0,7.0,8.0
217,Jingle Bells - Remastered 1999,Frank Sinatra,1.0,1957.0,1.0,1.0,4326.0,0.0,178660459.0,32.0,3.0,65.0,0.0,0.0,175.0,G#,Major,51.0,94.0,34.0,73.0,0.0,10.0,5.0
218,Far,SZA,1.0,2022.0,12.0,9.0,680.0,0.0,51641685.0,2.0,15.0,1.0,0.0,0.0,116.0,D,Major,61.0,48.0,55.0,67.0,0.0,16.0,8.0
219,Is There Someone Else?,The Weeknd,1.0,2022.0,1.0,7.0,2881.0,6.0,391251368.0,13.0,89.0,34.0,0.0,3.0,135.0,A,Minor,70.0,60.0,58.0,4.0,0.0,16.0,3.0
220,How Do I Make You Love Me?,The Weeknd,1.0,2022.0,1.0,7.0,1915.0,0.0,119238316.0,7.0,47.0,15.0,0.0,0.0,121.0,G,Minor,80.0,62.0,51.0,2.0,0.0,9.0,8.0
221,Gasoline,The Weeknd,1.0,2022.0,1.0,7.0,2297.0,0.0,116903579.0,11.0,29.0,14.0,0.0,0.0,123.0,F#,Minor,74.0,35.0,73.0,0.0,0.0,21.0,5.0
222,Infinity,Jaymes Young,1.0,2017.0,6.0,23.0,4375.0,0.0,888046992.0,24.0,0.0,396.0,0.0,0.0,122.0,B,Minor,67.0,50.0,67.0,15.0,0.0,30.0,4.0
223,Take My Breath,The Weeknd,1.0,2021.0,8.0,6.0,2597.0,0.0,130655803.0,17.0,80.0,38.0,0.0,0.0,121.0,A#,Minor,70.0,35.0,77.0,1.0,0.0,26.0,4.0
224,Best Friends,The Weeknd,1.0,2022.0,1.0,7.0,1292.0,0.0,101114984.0,3.0,18.0,14.0,0.0,0.0,87.0,E,Minor,49.0,49.0,59.0,44.0,0.0,35.0,21.0
225,Dawn FM,The Weeknd,1.0,2022.0,1.0,7.0,811.0,0.0,53933526.0,1.0,8.0,6.0,0.0,0.0,78.0,A,Minor,27.0,10.0,49.0,62.0,0.0,49.0,5.0
226,Surface Pressure,Jessica Darrow,1.0,2021.0,11.0,19.0,1756.0,0.0,267758538.0,38.0,48.0,20.0,0.0,0.0,180.0,D,Major,65.0,37.0,58.0,2.0,0.0,4.0,31.0
227,Starry Eyes,The Weeknd,1.0,2022.0,1.0,7.0,1014.0,0.0,74601456.0,1.0,17.0,11.0,0.0,0.0,86.0,A,Minor,28.0,13.0,41.0,50.0,0.0,19.0,3.0
228,THATS WHAT I WANT,Lil Nas X,1.0,2021.0,9.0,17.0,7963.0,0.0,920797189.0,173.0,7.0,298.0,0.0,4.0,88.0,C#,Minor,74.0,55.0,85.0,1.0,0.0,5.0,22.0
229,Beggin,MÃ¯Â¿Â½Ã¯Â¿Â½ne,1.0,2017.0,12.0,8.0,8559.0,0.0,1367810478.0,183.0,64.0,964.0,9.0,75.0,134.0,B,Minor,71.0,59.0,80.0,13.0,0.0,36.0,5.0
230,DonÃ¯Â¿Â½Ã¯Â¿Â½Ã¯Â¿Â½t Break My,The Weeknd,1.0,2022.0,1.0,7.0,1184.0,0.0,63803529.0,1.0,5.0,6.0,0.0,0.0,122.0,A#,Major,77.0,25.0,62.0,34.0,0.0,23.0,3.0
231,Oh My God,Adele,1.0,2021.0,11.0,19.0,4431.0,0.0,466214729.0,105.0,7.0,199.0,0.0,0.0,88.0,C#,Major,53.0,55.0,73.0,9.0,0.0,3.0,5.0
232,A Tale By Quincy,The Weeknd,1.0,2022.0,1.0,7.0,733.0,0.0,41924466.0,0.0,2.0,2.0,0.0,0.0,94.0,F,Minor,46.0,55.0,50.0,71.0,0.0,10.0,11.0
233,I AM WOMAN,Emmy Meli,1.0,2021.0,11.0,18.0,2795.0,0.0,225259194.0,45.0,0.0,107.0,0.0,0.0,170.0,A#,Major,65.0,46.0,47.0,12.0,0.0,13.0,16.0
234,It'll Be Okay,Shawn Mendes,1.0,2021.0,12.0,1.0,1950.0,0.0,287201015.0,56.0,8.0,104.0,0.0,10.0,78.0,G,Major,40.0,7.0,29.0,62.0,0.0,9.0,3.0
235,Softcore,The Neighbourhood,1.0,2018.0,3.0,9.0,3947.0,12.0,599770206.0,33.0,102.0,93.0,0.0,30.0,94.0,D,Major,57.0,36.0,58.0,5.0,0.0,15.0,3.0
236,Super Gremlin,Kodak Black,1.0,2021.0,10.0,30.0,2551.0,0.0,342779426.0,52.0,15.0,35.0,0.0,1.0,73.0,D,Major,83.0,11.0,41.0,0.0,0.0,36.0,14.0
237,Todo De Ti,Rauw Alejandro,1.0,2020.0,11.0,2.0,11975.0,8.0,1168642797.0,188.0,75.0,268.0,6.0,16.0,128.0,D#,Minor,81.0,57.0,63.0,40.0,1.0,10.0,4.0
238,Tacones Rojos,Sebastian Yatra,1.0,2021.0,10.0,22.0,3047.0,9.0,510876816.0,77.0,31.0,85.0,5.0,28.0,123.0,B,Minor,75.0,93.0,86.0,8.0,0.0,14.0,3.0
239,LÃ¯Â¿Â½Ã¯Â¿Â½Ã¯Â¿,Stromae,1.0,2022.0,1.0,9.0,2035.0,0.0,108809090.0,41.0,122.0,394.0,0.0,2.0,88.0,D,Minor,56.0,58.0,55.0,35.0,0.0,23.0,11.0
240,Butter,BTS,1.0,2021.0,5.0,21.0,4779.0,6.0,1143647827.0,180.0,135.0,223.0,0.0,5.0,110.0,G#,Major,79.0,70.0,36.0,0.0,0.0,6.0,11.0
241,deja vu,Olivia Rodrigo,1.0,2021.0,4.0,1.0,7545.0,4.0,1256880657.0,117.0,39.0,141.0,0.0,46.0,181.0,A,Major,44.0,22.0,60.0,61.0,0.0,42.0,9.0
242,TO THE MOON,Jnr Choi,1.0,2021.0,11.0,5.0,2979.0,0.0,245095641.0,44.0,0.0,159.0,0.0,0.0,144.0,D,Major,74.0,39.0,65.0,5.0,1.0,11.0,35.0
243,Phantom Regret by Jim,The Weeknd,1.0,2022.0,1.0,7.0,768.0,0.0,31959571.0,1.0,1.0,3.0,0.0,0.0,108.0,A,Minor,46.0,23.0,48.0,75.0,30.0,14.0,4.0
244,Freaks,Surf Curse,1.0,2015.0,5.0,10.0,3006.0,3.0,824420218.0,23.0,21.0,121.0,0.0,13.0,180.0,A,Major,35.0,41.0,94.0,0.0,63.0,5.0,5.0
245,Acapulco,Jason Derulo,1.0,2021.0,9.0,1.0,3098.0,0.0,363467642.0,111.0,5.0,182.0,1.0,0.0,122.0,A#,Major,77.0,51.0,79.0,5.0,0.0,16.0,5.0
246,Daddy Issues,The Neighbourhood,1.0,2015.0,10.0,30.0,9771.0,4.0,1127468248.0,42.0,70.0,384.0,0.0,3.0,85.0,A#,Major,59.0,33.0,52.0,7.0,15.0,12.0,3.0
247,ELEVEN,IVE,1.0,2021.0,12.0,1.0,521.0,1.0,247737946.0,17.0,89.0,11.0,0.0,0.0,120.0,A,Major,83.0,59.0,73.0,6.0,0.0,5.0,11.0
248,Miserable Man,David Kushner,1.0,2022.0,1.0,7.0,788.0,0.0,124407432.0,13.0,0.0,32.0,1.0,0.0,110.0,A#,Major,63.0,31.0,35.0,93.0,0.0,29.0,3.0
249,happier,Olivia Rodrigo,1.0,2021.0,5.0,21.0,3069.0,4.0,850608354.0,25.0,46.0,105.0,0.0,45.0,169.0,F#,Major,39.0,36.0,45.0,81.0,0.0,8.0,13.0
250,Praise God,Kanye West,1.0,2021.0,8.0,29.0,4651.0,0.0,376333030.0,24.0,6.0,105.0,0.0,0.0,118.0,C#,Major,80.0,21.0,55.0,1.0,0.0,26.0,17.0
251,Get Into It (Yuh),Doja Cat,1.0,2021.0,6.0,25.0,4999.0,0.0,516784627.0,43.0,19.0,73.0,12.0,0.0,92.0,G#,Minor,91.0,79.0,66.0,32.0,0.0,9.0,16.0
252,Before You Go,Lewis Capaldi,1.0,2019.0,11.0,1.0,8327.0,24.0,1608045237.0,205.0,130.0,625.0,0.0,25.0,112.0,D#,Major,45.0,19.0,60.0,63.0,0.0,9.0,6.0
253,Sky,Playboi Carti,1.0,2020.0,12.0,25.0,3297.0,3.0,506778838.0,25.0,3.0,52.0,0.0,1.0,140.0,D,Major,79.0,56.0,91.0,26.0,0.0,13.0,21.0
254,Sobrio,Maluma,1.0,2021.0,7.0,8.0,3506.0,10.0,513643924.0,103.0,76.0,100.0,1.0,1.0,178.0,F,Major,76.0,63.0,77.0,14.0,0.0,15.0,22.0
255,favorite crime,Olivia Rodrigo,1.0,2021.0,5.0,21.0,3681.0,0.0,783706581.0,20.0,21.0,99.0,0.0,7.0,173.0,A,Major,40.0,19.0,29.0,86.0,0.0,34.0,4.0
256,The Business,TiÃ¯Â¿Â½Ã¯Â¿,1.0,2020.0,1.0,1.0,14311.0,0.0,1062345656.0,255.0,32.0,582.0,0.0,14.0,120.0,G#,Minor,80.0,24.0,62.0,41.0,2.0,11.0,23.0
257,I WANNA BE YOUR SLAVE,MÃ¯Â¿Â½Ã¯Â¿Â½ne,1.0,2021.0,3.0,19.0,4873.0,0.0,851070493.0,65.0,88.0,434.0,3.0,13.0,133.0,C#,Major,75.0,96.0,61.0,0.0,0.0,18.0,4.0
258,The Feels,TWICE,1.0,2021.0,10.0,1.0,1150.0,0.0,345903614.0,20.0,99.0,44.0,0.0,2.0,120.0,A,Major,81.0,92.0,90.0,9.0,0.0,8.0,7.0
259,Pope Is a Rockstar,SALES,1.0,2016.0,4.0,20.0,1966.0,0.0,156658366.0,4.0,2.0,50.0,0.0,0.0,90.0,E,Minor,73.0,31.0,45.0,85.0,24.0,11.0,3.0
260,2055,Sleepy hallow,1.0,2021.0,4.0,14.0,2226.0,0.0,624515457.0,29.0,0.0,44.0,0.0,0.0,161.0,F#,Minor,78.0,65.0,52.0,46.0,0.0,12.0,31.0
261,Bored,Billie Eilish,1.0,2017.0,3.0,30.0,4204.0,0.0,777765388.0,39.0,45.0,250.0,0.0,0.0,120.0,G,Major,60.0,11.0,33.0,90.0,0.0,8.0,5.0
262,Astronaut In The Ocean,Masked Wolf,1.0,2019.0,1.0,1.0,7191.0,0.0,1138474110.0,146.0,18.0,478.0,0.0,7.0,150.0,E,Minor,78.0,47.0,70.0,18.0,0.0,15.0,9.0
263,Every Summertime,NIKI,1.0,2021.0,8.0,10.0,1211.0,2.0,290228626.0,30.0,2.0,5.0,0.0,6.0,79.0,F#,Major,63.0,76.0,67.0,38.0,0.0,6.0,4.0
264,Talking To The Moon,Bruno Mars,1.0,2010.0,10.0,4.0,7109.0,2.0,1062956628.0,5.0,0.0,862.0,0.0,0.0,146.0,C#,Minor,52.0,7.0,61.0,51.0,0.0,11.0,3.0
265,you broke me first,Tate McRae,1.0,2020.0,4.0,17.0,6638.0,0.0,1180094974.0,167.0,19.0,318.0,0.0,1.0,124.0,E,Major,64.0,8.0,37.0,79.0,0.0,9.0,5.0
266,Take My Breath,The Weeknd,1.0,2021.0,8.0,6.0,6392.0,0.0,432702334.0,174.0,73.0,344.0,0.0,0.0,121.0,G#,Major,75.0,53.0,74.0,2.0,0.0,11.0,5.0
267,CÃ¯Â¿Â½Ã¯Â¿Â½,Rauw Alejandro,1.0,2021.0,6.0,25.0,2636.0,3.0,465959382.0,36.0,82.0,39.0,0.0,5.0,102.0,A,Minor,77.0,26.0,63.0,58.0,0.0,11.0,5.0
268,Lucid Dreams,Juice WRLD,1.0,2017.0,6.0,15.0,14749.0,0.0,2288695111.0,188.0,34.0,710.0,0.0,5.0,84.0,B,Minor,44.0,22.0,48.0,38.0,0.0,33.0,24.0
269,The Rumbling (TV Size),SiM,1.0,2022.0,1.0,10.0,254.0,0.0,71014967.0,0.0,4.0,23.0,0.0,0.0,145.0,G#,Major,41.0,65.0,88.0,0.0,0.0,26.0,5.0
270,Blessed-Cursed,ENHYPEN,1.0,2022.0,1.0,10.0,246.0,0.0,77337771.0,2.0,12.0,10.0,0.0,0.0,127.0,E,Minor,60.0,40.0,89.0,9.0,0.0,60.0,6.0
271,Streets,Doja Cat,1.0,2019.0,11.0,7.0,5728.0,0.0,865640097.0,85.0,87.0,179.0,0.0,12.0,90.0,B,Major,75.0,19.0,46.0,21.0,4.0,34.0,8.0
272,Polaroid Love,ENHYPEN,1.0,2022.0,1.0,10.0,461.0,0.0,211372494.0,10.0,56.0,17.0,0.0,0.0,138.0,G,Minor,74.0,65.0,67.0,46.0,0.0,36.0,4.0
273,Permission to Dance,BTS,1.0,2021.0,7.0,9.0,1801.0,2.0,608334048.0,77.0,134.0,74.0,0.0,2.0,125.0,A,Major,70.0,65.0,74.0,1.0,0.0,34.0,4.0
274,RAPSTAR,Polo G,1.0,2021.0,4.0,9.0,4731.0,0.0,797402345.0,141.0,12.0,78.0,0.0,0.0,81.0,F#,Major,79.0,44.0,54.0,41.0,0.0,13.0,24.0
275,Stay Alive (Prod. SUGA of BTS),Jung Kook,1.0,2022.0,2.0,11.0,590.0,5.0,246376690.0,4.0,113.0,20.0,0.0,1.0,130.0,D,Minor,51.0,50.0,76.0,30.0,0.0,10.0,7.0
276,Boyfriend,Dove Cameron,1.0,2022.0,2.0,11.0,3766.0,0.0,496311364.0,76.0,0.0,102.0,0.0,2.0,180.0,G,Minor,35.0,23.0,61.0,23.0,0.0,19.0,6.0
277,Light Switch,Charlie Puth,1.0,2022.0,1.0,19.0,4049.0,0.0,500340342.0,119.0,6.0,85.0,1.0,1.0,184.0,F#,Major,69.0,91.0,63.0,11.0,0.0,9.0,31.0
278,Lost,Frank Ocean,1.0,2012.0,1.0,1.0,29499.0,11.0,822239726.0,124.0,27.0,587.0,0.0,4.0,123.0,A#,Minor,91.0,49.0,61.0,3.0,0.0,17.0,22.0
279,she's all i wanna be,Tate McRae,1.0,2022.0,2.0,4.0,2711.0,0.0,343197054.0,105.0,12.0,51.0,0.0,12.0,160.0,D,Minor,61.0,65.0,64.0,1.0,0.0,12.0,4.0
280,Ginseng Strip 2002,Yung Lean,1.0,2013.0,8.0,16.0,4310.0,0.0,240769997.0,13.0,0.0,113.0,1.0,3.0,115.0,C#,Major,60.0,37.0,71.0,8.0,0.0,48.0,4.0
281,Notion,The Rare Occasions,1.0,2016.0,8.0,5.0,2393.0,0.0,421135627.0,22.0,13.0,65.0,0.0,6.0,160.0,A,Major,31.0,30.0,88.0,7.0,0.0,8.0,8.0
282,Formula,Labrinth,1.0,2019.0,10.0,4.0,3444.0,7.0,554875730.0,24.0,85.0,102.0,0.0,1.0,145.0,B,Major,57.0,23.0,66.0,4.0,6.0,15.0,4.0
283,Cigarettes,Juice WRLD,1.0,2021.0,12.0,10.0,975.0,0.0,185408548.0,11.0,0.0,10.0,0.0,0.0,160.0,D,Major,60.0,47.0,62.0,3.0,0.0,38.0,4.0
284,Mujeriego,Ryan Castro,1.0,2021.0,12.0,17.0,1492.0,0.0,231996128.0,44.0,63.0,91.0,0.0,24.0,80.0,A,Major,76.0,92.0,62.0,6.0,0.0,8.0,13.0
285,Swim,Chase Atlantic,1.0,2017.0,10.0,4.0,2742.0,0.0,498960285.0,5.0,1.0,62.0,0.0,0.0,120.0,G#,Major,67.0,8.0,54.0,27.0,0.0,8.0,4.0
286,Numb Little Bug,Em Beihold,1.0,2022.0,1.0,28.0,2026.0,0.0,258714692.0,47.0,3.0,42.0,12.0,6.0,85.0,G#,Minor,74.0,61.0,52.0,30.0,0.0,26.0,9.0
287,Worst Day,Future,1.0,2022.0,2.0,11.0,910.0,0.0,50746620.0,20.0,3.0,24.0,0.0,0.0,89.0,C#,Major,65.0,60.0,60.0,11.0,0.0,10.0,40.0
288,Malvada,ZÃ¯Â¿Â½Ã¯Â¿Â½ Fe,1.0,2022.0,1.0,28.0,601.0,0.0,154119539.0,28.0,73.0,64.0,0.0,0.0,135.0,F,Minor,89.0,89.0,86.0,16.0,0.0,8.0,5.0
289,Hrs and Hrs,Muni Long,1.0,2021.0,11.0,19.0,1800.0,0.0,181328253.0,43.0,36.0,46.0,13.0,4.0,140.0,G#,Minor,51.0,66.0,53.0,60.0,0.0,11.0,18.0
290,Alien Blues,Vundabar,1.0,2015.0,7.0,24.0,1930.0,0.0,370068639.0,3.0,0.0,28.0,0.0,1.0,82.0,D#,Major,47.0,44.0,76.0,8.0,91.0,9.0,3.0
291,Still Don't Know My Name,Labrinth,1.0,2019.0,10.0,4.0,6332.0,0.0,563902868.0,47.0,116.0,266.0,0.0,0.0,88.0,F,Major,31.0,31.0,63.0,47.0,27.0,21.0,12.0
292,Christmas Tree,V,1.0,2021.0,12.0,24.0,509.0,9.0,317622165.0,8.0,106.0,6.0,0.0,8.0,139.0,F,Major,44.0,18.0,38.0,70.0,0.0,12.0,4.0
293,When I R.I.P.,Labrinth,1.0,2019.0,10.0,4.0,2578.0,0.0,203680270.0,8.0,67.0,66.0,0.0,0.0,80.0,G#,Minor,39.0,45.0,55.0,73.0,0.0,9.0,21.0
294,Forever,Labrinth,1.0,2019.0,10.0,4.0,3618.0,0.0,282883169.0,21.0,86.0,138.0,0.0,2.0,80.0,E,Minor,56.0,19.0,46.0,92.0,72.0,11.0,3.0
295,Adore You,Harry Styles,1.0,2019.0,12.0,6.0,13454.0,1.0,1439191367.0,246.0,71.0,519.0,2.0,5.0,99.0,G#,Major,68.0,57.0,77.0,2.0,0.0,10.0,5.0
296,Una Noche en MedellÃ¯Â¿Â½,Cris Mj,1.0,2022.0,1.0,21.0,5415.0,32.0,682475162.0,46.0,16.0,53.0,1.0,2.0,96.0,A#,Minor,87.0,82.0,53.0,10.0,0.0,5.0,8.0
297,Envolver,Anitta,1.0,2021.0,11.0,11.0,4673.0,2.0,546191065.0,123.0,113.0,180.0,1.0,4.0,92.0,E,Minor,81.0,40.0,73.0,15.0,0.0,9.0,8.0
298,Starlight,Dave,1.0,2022.0,3.0,3.0,1856.0,3.0,229473310.0,29.0,40.0,31.0,1.0,1.0,124.0,G,Major,95.0,36.0,37.0,35.0,0.0,10.0,28.0
299,Hati-Hati di Jalan,Tulus,1.0,2022.0,3.0,3.0,200.0,2.0,202677468.0,12.0,4.0,0.0,0.0,0.0,72.0,F#,Major,64.0,76.0,44.0,70.0,9.0,12.0,4.0
300,Yo Voy (feat. Daddy Yankee),Zion & Lennox,1.0,2004.0,5.0,4.0,2954.0,2.0,527033089.0,18.0,82.0,0.0,0.0,5.0,95.0,A#,Major,81.0,56.0,70.0,4.0,0.0,5.0,24.0
301,Jordan,Ryan Castro,1.0,2021.0,4.0,30.0,2844.0,2.0,394030335.0,29.0,2.0,35.0,1.0,0.0,180.0,A#,Minor,80.0,71.0,68.0,6.0,0.0,10.0,37.0
302,Nail Tech,Jack Harlow,1.0,2022.0,2.0,18.0,2939.0,0.0,193443895.0,42.0,0.0,24.0,0.0,0.0,150.0,E,Minor,65.0,11.0,58.0,0.0,0.0,12.0,9.0
303,Chale,Eden MuÃ¯Â¿Â½Ã¯,1.0,2022.0,2.0,18.0,695.0,11.0,299648208.0,16.0,41.0,13.0,1.0,1.0,189.0,G#,Major,55.0,86.0,44.0,40.0,0.0,7.0,4.0
304,Ya No Somos Ni Seremos,Christian Nodal,1.0,2022.0,2.0,18.0,866.0,16.0,319757142.0,27.0,84.0,32.0,7.0,11.0,140.0,G,Major,59.0,73.0,45.0,44.0,0.0,34.0,3.0
305,this is what falling in love feels like,JVKE,1.0,2021.0,9.0,3.0,2005.0,0.0,346127840.0,16.0,5.0,43.0,0.0,7.0,129.0,B,Major,42.0,33.0,44.0,62.0,0.0,8.0,6.0
306,La Zona,Bad Bunny,1.0,2020.0,2.0,29.0,1188.0,0.0,312622938.0,13.0,1.0,15.0,0.0,1.0,94.0,C#,Minor,76.0,81.0,80.0,20.0,0.0,25.0,4.0
307,Hope,XXXTENTACION,1.0,2018.0,3.0,16.0,3659.0,0.0,1200808494.0,11.0,10.0,267.0,0.0,7.0,146.0,A,Minor,59.0,23.0,46.0,66.0,0.0,15.0,6.0
308,Levitating,Dua Lipa,1.0,2020.0,3.0,27.0,9833.0,0.0,797196073.0,233.0,82.0,531.0,1.0,1.0,103.0,F#,Minor,69.0,90.0,88.0,5.0,0.0,29.0,8.0
309,MonÃ¯Â¿Â½Ã¯Â¿Â½y so,YEAT,1.0,2021.0,9.0,10.0,1473.0,0.0,263779030.0,2.0,0.0,12.0,0.0,10.0,138.0,D,Major,69.0,35.0,57.0,12.0,0.0,10.0,9.0
310,Demasiadas Mujeres,C. Tangana,1.0,2020.0,10.0,8.0,2226.0,0.0,339473453.0,36.0,2.0,11.0,0.0,14.0,126.0,A,Minor,67.0,37.0,46.0,13.0,0.0,10.0,39.0
311,O.O,NMIXX,1.0,2022.0,2.0,22.0,290.0,0.0,135444283.0,9.0,66.0,10.0,0.0,0.0,200.0,B,Minor,39.0,28.0,77.0,4.0,0.0,6.0,29.0
312,First Class,Jack Harlow,1.0,2022.0,4.0,8.0,8737.0,0.0,694525298.0,163.0,32.0,137.0,15.0,12.0,107.0,G#,Major,91.0,32.0,56.0,3.0,0.0,11.0,10.0
313,Fuera del mercado,Danny Ocean,1.0,2022.0,2.0,17.0,2499.0,21.0,421365166.0,68.0,24.0,43.0,1.0,0.0,92.0,G#,Major,45.0,27.0,67.0,32.0,0.0,13.0,14.0
314,When You're Gone,Shawn Mendes,1.0,2022.0,3.0,31.0,2092.0,0.0,255120451.0,75.0,11.0,44.0,0.0,14.0,147.0,F,Major,60.0,58.0,69.0,2.0,0.0,58.0,4.0
315,In My Head,Lil Tjay,1.0,2022.0,4.0,1.0,1185.0,0.0,190981339.0,21.0,0.0,31.0,0.0,0.0,143.0,C#,Major,68.0,41.0,55.0,16.0,0.0,10.0,12.0
316,Wait a Minute!,Willow,1.0,2015.0,1.0,11.0,11985.0,0.0,924193303.0,79.0,80.0,250.0,3.0,10.0,101.0,D#,Minor,76.0,63.0,71.0,3.0,0.0,10.0,3.0
317,LOVE DIVE,IVE,1.0,2022.0,4.0,5.0,753.0,8.0,305771063.0,28.0,124.0,13.0,0.0,1.0,118.0,C#,Minor,70.0,54.0,71.0,0.0,0.0,33.0,4.0
318,Chance,Paulo Londra,1.0,2022.0,4.0,6.0,225.0,0.0,89566512.0,11.0,0.0,7.0,0.0,0.0,138.0,C#,Minor,72.0,22.0,46.0,24.0,0.0,9.0,6.0
319,Cool for the Summer,Demi Lovato,1.0,2015.0,1.0,1.0,9243.0,0.0,677389855.0,155.0,5.0,577.0,0.0,6.0,114.0,F,Minor,59.0,30.0,62.0,1.0,0.0,8.0,4.0
320,Angel Baby,Troye Sivan,1.0,2021.0,9.0,9.0,1959.0,9.0,408843328.0,52.0,25.0,32.0,0.0,10.0,145.0,B,Major,56.0,41.0,57.0,1.0,0.0,13.0,3.0
321,Right On,Lil Baby,1.0,2022.0,4.0,8.0,1116.0,0.0,101780047.0,31.0,9.0,15.0,0.0,1.0,166.0,D,Major,70.0,22.0,61.0,2.0,0.0,10.0,34.0
322,That's Hilarious,Charlie Puth,1.0,2022.0,4.0,8.0,686.0,2.0,146363130.0,11.0,6.0,12.0,0.0,15.0,108.0,F#,Major,71.0,55.0,44.0,74.0,0.0,11.0,6.0
323,Soy El Unico,Yahritza Y Su Esencia,1.0,2022.0,3.0,25.0,226.0,0.0,126443991.0,5.0,0.0,4.0,0.0,1.0,84.0,E,Minor,71.0,63.0,45.0,45.0,0.0,11.0,3.0
324,RUMBATÃ¯Â¿Â½,Daddy Yankee,1.0,2022.0,3.0,25.0,1264.0,0.0,157990698.0,20.0,4.0,52.0,0.0,1.0,95.0,D#,Minor,69.0,90.0,91.0,6.0,0.0,35.0,4.0
325,Falling,Harry Styles,1.0,2019.0,12.0,13.0,7556.0,0.0,1023187129.0,124.0,24.0,254.0,0.0,8.0,110.0,E,Major,57.0,6.0,27.0,84.0,0.0,9.0,3.0
326,Fim de Semana no Rio,teto,1.0,2022.0,3.0,30.0,315.0,2.0,139193812.0,27.0,2.0,31.0,0.0,0.0,119.0,C#,Minor,87.0,28.0,50.0,12.0,0.0,10.0,10.0
327,MANIAC,Stray Kids,1.0,2022.0,3.0,18.0,651.0,0.0,212234990.0,6.0,188.0,20.0,0.0,0.0,120.0,C#,Major,58.0,71.0,80.0,15.0,0.0,7.0,41.0
328,Golden,Harry Styles,1.0,2019.0,12.0,13.0,8429.0,1.0,807015863.0,85.0,24.0,200.0,0.0,2.0,140.0,E,Minor,45.0,25.0,84.0,21.0,0.0,13.0,6.0
329,Ain't Shit,Doja Cat,1.0,2021.0,6.0,25.0,3436.0,0.0,499710590.0,32.0,6.0,46.0,0.0,1.0,124.0,D#,Major,86.0,62.0,49.0,51.0,0.0,35.0,21.0
330,Still Life,BIGBANG,1.0,2022.0,4.0,5.0,181.0,0.0,53909146.0,16.0,14.0,7.0,0.0,0.0,118.0,G#,Major,68.0,24.0,58.0,44.0,0.0,6.0,3.0
331,N95,Kendrick Lamar,1.0,2022.0,5.0,13.0,5542.0,0.0,301242089.0,52.0,16.0,65.0,0.0,206.0,140.0,D#,Minor,81.0,39.0,66.0,38.0,0.0,12.0,14.0
332,About Damn Time,Lizzo,1.0,2022.0,4.0,14.0,9021.0,0.0,723894473.0,242.0,49.0,272.0,21.0,24.0,109.0,A#,Minor,84.0,72.0,74.0,10.0,0.0,34.0,7.0
333,DespuÃ¯Â¿Â½Ã¯Â¿Â½s de la P,Bad Bunny,1.0,2022.0,5.0,6.0,2229.0,0.0,461558540.0,27.0,44.0,24.0,0.0,5.0,78.0,F,Major,56.0,61.0,90.0,36.0,0.0,18.0,31.0
334,United In Grief,Kendrick Lamar,1.0,2022.0,5.0,13.0,2575.0,0.0,156898322.0,4.0,5.0,12.0,0.0,51.0,87.0,G#,Major,52.0,32.0,83.0,24.0,0.0,17.0,43.0
335,Rich Spirit,Kendrick Lamar,1.0,2022.0,5.0,13.0,3486.0,0.0,173702135.0,20.0,10.0,33.0,0.0,0.0,96.0,A#,Minor,85.0,41.0,43.0,39.0,0.0,12.0,21.0
336,Me Fui de Vacaciones,Bad Bunny,1.0,2022.0,5.0,6.0,1443.0,0.0,305650299.0,9.0,11.0,22.0,1.0,0.0,85.0,A#,Major,71.0,43.0,65.0,23.0,0.0,9.0,5.0
337,Count Me Out,Kendrick Lamar,1.0,2022.0,5.0,13.0,2729.0,0.0,126191104.0,3.0,7.0,13.0,0.0,1.0,134.0,G,Major,78.0,51.0,43.0,69.0,0.0,14.0,9.0
338,Dos Mil 16,Bad Bunny,1.0,2022.0,5.0,6.0,892.0,3.0,338422004.0,10.0,24.0,11.0,0.0,0.0,130.0,C#,Major,82.0,50.0,67.0,12.0,0.0,13.0,5.0
339,Un Coco,Bad Bunny,1.0,2022.0,5.0,6.0,1029.0,28.0,403231558.0,5.0,28.0,9.0,0.0,0.0,152.0,B,Major,84.0,74.0,69.0,21.0,0.0,18.0,6.0
340,Worldwide Steppers,Kendrick Lamar,1.0,2022.0,5.0,13.0,1480.0,0.0,61739839.0,1.0,0.0,5.0,0.0,0.0,72.0,A#,Minor,56.0,56.0,47.0,76.0,0.0,8.0,36.0
341,Aguacero,Bad Bunny,1.0,2022.0,5.0,6.0,829.0,0.0,283359161.0,4.0,15.0,10.0,0.0,0.0,121.0,F#,Minor,86.0,67.0,65.0,42.0,0.0,35.0,7.0
342,Un Verano Sin Ti,Bad Bunny,1.0,2022.0,5.0,6.0,1004.0,1.0,283332261.0,8.0,12.0,9.0,0.0,0.0,188.0,F,Minor,50.0,41.0,50.0,69.0,0.0,12.0,6.0
343,EnsÃ¯Â¿Â½Ã¯Â¿Â½Ã¯Â¿Â½Ã¯Â¿Â½ame ,Bad Bunny,1.0,2022.0,5.0,6.0,1112.0,3.0,279737940.0,7.0,25.0,12.0,0.0,0.0,105.0,G#,Major,81.0,77.0,79.0,19.0,0.0,47.0,8.0
344,El ApagÃ¯Â¿Â½,Bad Bunny,1.0,2022.0,5.0,6.0,1209.0,0.0,212351890.0,9.0,7.0,14.0,0.0,1.0,118.0,G#,Major,63.0,60.0,70.0,5.0,0.0,9.0,31.0
345,Dua Lipa,Jack Harlow,1.0,2022.0,5.0,6.0,1992.0,0.0,150500965.0,35.0,0.0,3.0,0.0,0.0,158.0,B,Major,83.0,41.0,65.0,0.0,10.0,11.0,8.0
346,Agosto,Bad Bunny,1.0,2022.0,5.0,6.0,897.0,0.0,246127838.0,6.0,20.0,8.0,0.0,0.0,115.0,C#,Minor,85.0,72.0,58.0,9.0,0.0,49.0,12.0
347,House Of Memories,Panic! At The Disco,1.0,2016.0,1.0,15.0,2948.0,0.0,582863434.0,10.0,2.0,150.0,0.0,0.0,110.0,B,Minor,51.0,48.0,82.0,0.0,0.0,5.0,3.0
348,In The Stars,Benson Boone,1.0,2022.0,4.0,29.0,2224.0,8.0,382199619.0,48.0,40.0,87.0,1.0,210.0,78.0,A#,Major,36.0,30.0,54.0,34.0,0.0,14.0,5.0
349,Rich - Interlude,Kendrick Lamar,1.0,2022.0,5.0,13.0,1103.0,0.0,41210087.0,0.0,0.0,0.0,0.0,0.0,104.0,G,Major,44.0,74.0,42.0,88.0,0.0,9.0,9.0
350,SUPERMODEL,MÃ¯Â¿Â½Ã¯Â¿Â½ne,1.0,2022.0,5.0,13.0,2265.0,0.0,231657891.0,93.0,12.0,173.0,11.0,3.0,121.0,G,Major,64.0,80.0,88.0,0.0,0.0,12.0,6.0
351,Stefania (Kalush Orchestra),KALUSH,1.0,2022.0,3.0,10.0,555.0,0.0,53729194.0,10.0,4.0,4.0,0.0,0.0,105.0,D,Major,83.0,32.0,82.0,14.0,0.0,12.0,4.0
352,Thousand Miles,The Kid Laroi,1.0,2022.0,4.0,22.0,2050.0,0.0,244741137.0,52.0,9.0,46.0,0.0,1.0,81.0,G,Major,38.0,20.0,66.0,9.0,0.0,9.0,8.0
353,Crown,Kendrick Lamar,1.0,2022.0,5.0,13.0,1493.0,0.0,42485571.0,2.0,0.0,10.0,0.0,0.0,170.0,C#,Minor,37.0,14.0,24.0,80.0,0.0,11.0,4.0
354,Auntie Diaries,Kendrick Lamar,1.0,2022.0,5.0,13.0,1545.0,0.0,37778188.0,1.0,0.0,4.0,0.0,0.0,78.0,G,Major,43.0,60.0,38.0,76.0,1.0,48.0,38.0
355,PUFFIN ON ZOOTIEZ,Future,1.0,2022.0,4.0,29.0,2350.0,0.0,254218729.0,28.0,42.0,23.0,0.0,0.0,125.0,G#,Major,88.0,28.0,66.0,6.0,0.0,13.0,31.0
356,Mirror,Kendrick Lamar,1.0,2022.0,5.0,13.0,1929.0,0.0,53603447.0,2.0,0.0,4.0,0.0,0.0,92.0,E,Minor,66.0,29.0,65.0,23.0,0.0,8.0,7.0
357,Beautiful Girl,Luciano,1.0,2022.0,4.0,22.0,710.0,4.0,160035717.0,16.0,11.0,18.0,0.0,0.0,140.0,B,Minor,84.0,61.0,42.0,31.0,0.0,9.0,9.0
358,Savior - Interlude,Kendrick Lamar,1.0,2022.0,5.0,13.0,1194.0,0.0,37091576.0,0.0,0.0,3.0,0.0,0.0,118.0,F,Minor,66.0,83.0,43.0,84.0,0.0,19.0,19.0
359,ZOOM,Jessi,1.0,2022.0,4.0,13.0,608.0,0.0,136996305.0,5.0,29.0,14.0,0.0,0.0,100.0,F#,Major,87.0,46.0,60.0,1.0,0.0,13.0,16.0
360,SloMo,Chanel,1.0,2021.0,12.0,24.0,1211.0,0.0,65719930.0,31.0,0.0,19.0,0.0,2.0,105.0,C#,Minor,73.0,59.0,81.0,13.0,0.0,9.0,6.0
361,FEARLESS,LE SSERAFIM,1.0,2022.0,5.0,2.0,629.0,0.0,229497852.0,18.0,75.0,9.0,0.0,0.0,104.0,G,Major,86.0,43.0,62.0,5.0,0.0,13.0,14.0
362,10 Things I Hate About You,Leah Kate,1.0,2022.0,3.0,23.0,1301.0,0.0,185550869.0,23.0,1.0,15.0,0.0,0.0,154.0,G#,Major,54.0,45.0,79.0,1.0,0.0,17.0,5.0
363,SPACE MAN,Sam Ryder,1.0,2022.0,2.0,22.0,1329.0,0.0,54682594.0,42.0,51.0,32.0,0.0,0.0,80.0,B,Major,47.0,33.0,83.0,18.0,0.0,10.0,5.0
364,Iris,The Goo Goo Dolls,1.0,1998.0,3.0,31.0,13101.0,9.0,1284942608.0,137.0,5.0,582.0,0.0,0.0,156.0,B,Minor,32.0,49.0,72.0,0.0,0.0,9.0,4.0
365,The Heart Part 5,Kendrick Lamar,1.0,2022.0,5.0,8.0,2939.0,0.0,71423324.0,29.0,0.0,30.0,0.0,0.0,98.0,G#,Minor,76.0,79.0,81.0,18.0,0.0,6.0,34.0
366,San Lucas,Kevin Kaarl,1.0,2019.0,11.0,7.0,407.0,1.0,244891912.0,5.0,0.0,5.0,0.0,0.0,92.0,G,Major,58.0,27.0,36.0,86.0,0.0,9.0,3.0
367,This Love (TaylorÃ¯Â¿Â½Ã¯Â¿Â½Ã¯Â¿Â½s Ve,Taylor Swift,1.0,2022.0,5.0,6.0,1492.0,0.0,132171975.0,26.0,2.0,15.0,0.0,2.0,144.0,E,Major,47.0,7.0,50.0,32.0,0.0,7.0,4.0
368,Good Looking,Suki Waterhouse,1.0,2017.0,10.0,20.0,2264.0,0.0,184706613.0,11.0,6.0,25.0,0.0,1.0,150.0,E,Major,37.0,27.0,56.0,8.0,0.0,13.0,3.0
369,Flowers,Lauren Spencer Smith,1.0,2021.0,8.0,9.0,801.0,0.0,184826429.0,42.0,9.0,24.0,1.0,1.0,138.0,D#,Major,70.0,31.0,44.0,84.0,0.0,9.0,39.0
370,Yet To Come,BTS,1.0,2022.0,6.0,10.0,829.0,0.0,302006641.0,32.0,110.0,26.0,0.0,0.0,172.0,C#,Major,56.0,68.0,89.0,4.0,0.0,33.0,19.0
371,Run BTS,BTS,1.0,2022.0,6.0,10.0,736.0,0.0,330881149.0,5.0,132.0,17.0,0.0,3.0,77.0,G#,Major,72.0,70.0,82.0,2.0,0.0,4.0,17.0
372,Music For a Sushi Restaurant,Harry Styles,1.0,2022.0,5.0,20.0,4449.0,1.0,334733572.0,80.0,11.0,66.0,0.0,1.0,107.0,B,Major,72.0,36.0,72.0,26.0,6.0,11.0,4.0
373,Matilda,Harry Styles,1.0,2022.0,5.0,20.0,3218.0,3.0,366214458.0,29.0,10.0,79.0,0.0,0.0,114.0,D,Major,51.0,39.0,29.0,90.0,0.0,10.0,4.0
374,For Youth,BTS,1.0,2022.0,6.0,10.0,327.0,0.0,114546317.0,5.0,40.0,12.0,0.0,0.0,117.0,D,Major,63.0,29.0,51.0,43.0,0.0,25.0,4.0
375,Vegas (From the Original Motion Picture Soundtrack ELVIS),Doja Cat,1.0,2022.0,5.0,6.0,4576.0,0.0,448500832.0,79.0,13.0,93.0,0.0,17.0,160.0,G#,Minor,80.0,74.0,60.0,8.0,0.0,14.0,26.0
376,Born Singer,BTS,1.0,2022.0,6.0,10.0,279.0,0.0,79095270.0,0.0,18.0,6.0,0.0,0.0,158.0,G#,Minor,60.0,68.0,84.0,4.0,0.0,24.0,11.0
377,Little Freak,Harry Styles,1.0,2022.0,5.0,20.0,2302.0,0.0,273194684.0,20.0,3.0,39.0,0.0,0.0,142.0,D#,Major,56.0,40.0,54.0,72.0,0.0,10.0,4.0
378,Pass The Dutchie,Musical Youth,1.0,1982.0,1.0,1.0,5328.0,0.0,195918494.0,54.0,76.0,900.0,0.0,0.0,151.0,G,Major,73.0,88.0,67.0,20.0,0.0,32.0,5.0
379,Love Of My Life,Harry Styles,1.0,2022.0,5.0,20.0,1933.0,0.0,233671263.0,13.0,2.0,31.0,0.0,0.0,118.0,G,Major,56.0,20.0,54.0,67.0,0.0,6.0,5.0
380,Grapejuice,Harry Styles,1.0,2022.0,5.0,20.0,1986.0,0.0,199587884.0,7.0,1.0,15.0,0.0,0.0,183.0,F,Major,65.0,88.0,72.0,36.0,14.0,20.0,3.0
381,So Good,Halsey,1.0,2022.0,6.0,9.0,1057.0,0.0,91781263.0,51.0,14.0,19.0,0.0,0.0,83.0,D#,Minor,63.0,29.0,62.0,4.0,0.0,18.0,4.0
382,Keep Driving,Harry Styles,1.0,2022.0,5.0,20.0,2094.0,1.0,236060709.0,8.0,1.0,18.0,0.0,0.0,165.0,A,Major,72.0,90.0,48.0,32.0,0.0,18.0,23.0
383,Cinema,Harry Styles,1.0,2022.0,5.0,20.0,2171.0,0.0,189236868.0,18.0,1.0,28.0,0.0,0.0,106.0,A,Minor,83.0,90.0,64.0,35.0,5.0,9.0,4.0
384,Only Love Can Hurt Like This,Paloma Faith,1.0,2014.0,1.0,1.0,5148.0,0.0,588955257.0,90.0,22.0,365.0,0.0,114.0,91.0,G#,Major,57.0,30.0,89.0,10.0,0.0,33.0,8.0
385,Hold My Hand,Lady Gaga,1.0,2022.0,5.0,3.0,2528.0,0.0,238350348.0,63.0,8.0,270.0,2.0,105.0,148.0,G,Major,51.0,21.0,63.0,5.0,0.0,41.0,3.0
386,Daydreaming,Harry Styles,1.0,2022.0,5.0,20.0,1900.0,1.0,187703102.0,15.0,1.0,23.0,0.0,0.0,114.0,E,Minor,71.0,90.0,81.0,31.0,2.0,13.0,3.0
387,Me and Your Mama,Childish Gambino,1.0,2016.0,11.0,10.0,8775.0,0.0,445590495.0,33.0,60.0,107.0,1.0,0.0,118.0,F,Major,56.0,25.0,45.0,1.0,3.0,7.0,3.0
388,SLOW DANCING IN THE DARK,Joji,1.0,2018.0,9.0,12.0,10211.0,0.0,1122364376.0,38.0,79.0,65.0,0.0,1.0,89.0,D#,Major,52.0,28.0,48.0,54.0,1.0,19.0,3.0
389,Antes de Perderte,Duki,1.0,2022.0,6.0,2.0,584.0,8.0,157136970.0,12.0,1.0,8.0,0.0,1.0,110.0,F,Minor,81.0,61.0,93.0,49.0,0.0,12.0,11.0
390,295,Sidhu Moose Wala,1.0,2021.0,5.0,15.0,246.0,4.0,183273246.0,4.0,106.0,0.0,0.0,7.0,90.0,B,Minor,68.0,54.0,76.0,21.0,0.0,11.0,20.0
391,En El Radio Un Cochinero,Victor Cibrian,1.0,2022.0,5.0,13.0,514.0,0.0,164856284.0,5.0,36.0,1.0,0.0,0.0,154.0,F#,Minor,70.0,97.0,62.0,47.0,0.0,10.0,4.0
392,Master of Puppets (Remastered),Metallica,1.0,1986.0,3.0,3.0,6080.0,0.0,704171068.0,112.0,198.0,406.0,1.0,0.0,105.0,E,Minor,54.0,59.0,83.0,0.0,44.0,20.0,4.0
393,BREAK MY SOUL,BeyoncÃ¯Â¿,1.0,2022.0,6.0,21.0,9724.0,0.0,354614964.0,222.0,61.0,259.0,14.0,2.0,115.0,C#,Minor,70.0,87.0,88.0,4.0,0.0,26.0,8.0
394,Massive,Drake,1.0,2022.0,6.0,17.0,5263.0,0.0,195628667.0,66.0,89.0,61.0,0.0,11.0,125.0,E,Minor,51.0,5.0,68.0,12.0,2.0,15.0,6.0
395,Betty (Get Money),Yung Gravy,1.0,2022.0,6.0,10.0,2402.0,0.0,221752937.0,45.0,2.0,26.0,0.0,1.0,102.0,C#,Major,73.0,62.0,75.0,0.0,0.0,34.0,8.0
396,Ojos Marrones,Lasso,1.0,2022.0,2.0,6.0,795.0,11.0,263280370.0,26.0,18.0,15.0,1.0,4.0,120.0,G#,Minor,81.0,72.0,65.0,4.0,0.0,14.0,4.0
397,POP!,Nayeon,1.0,2022.0,6.0,24.0,571.0,0.0,213505179.0,19.0,21.0,14.0,0.0,2.0,97.0,D,Major,80.0,36.0,86.0,4.0,0.0,3.0,5.0
398,MORE,j-hope,1.0,2022.0,7.0,1.0,565.0,0.0,155795783.0,6.0,52.0,11.0,0.0,0.0,97.0,D,Major,78.0,31.0,72.0,1.0,0.0,11.0,4.0
399,Last Last,Burna Boy,1.0,2022.0,5.0,12.0,4526.0,12.0,293466523.0,156.0,275.0,150.0,3.0,128.0,88.0,D#,Minor,80.0,55.0,56.0,13.0,0.0,8.0,9.0
400,Sticky,Drake,1.0,2022.0,6.0,17.0,2814.0,0.0,191448892.0,38.0,105.0,25.0,0.0,2.0,137.0,A#,Minor,88.0,8.0,49.0,9.0,0.0,9.0,14.0
401,die first,Nessa Barrett,1.0,2022.0,6.0,24.0,767.0,0.0,131746175.0,25.0,0.0,22.0,0.0,0.0,183.0,G#,Minor,44.0,44.0,67.0,7.0,0.0,12.0,13.0
402,Afraid To Feel,LF System,1.0,2022.0,5.0,2.0,5898.0,5.0,244790012.0,129.0,55.0,128.0,0.0,101.0,128.0,C#,Major,58.0,68.0,91.0,2.0,0.0,27.0,11.0
403,cÃ¯Â¿Â½Ã¯Â¿Â½mo dormi,Rels B,1.0,2022.0,8.0,4.0,1452.0,35.0,331511413.0,16.0,15.0,20.0,0.0,0.0,126.0,C#,Major,63.0,56.0,43.0,24.0,0.0,12.0,23.0
404,Si Te La Encuentras Por AhÃ¯Â¿,Feid,1.0,2022.0,8.0,5.0,1379.0,4.0,179061440.0,23.0,10.0,18.0,0.0,0.0,172.0,G#,Minor,74.0,46.0,58.0,15.0,0.0,13.0,8.0
405,GIVENCHY,Duki,1.0,2022.0,7.0,20.0,625.0,4.0,185236961.0,13.0,18.0,12.0,0.0,0.0,103.0,G#,Major,61.0,38.0,62.0,14.0,0.0,23.0,40.0
406,ALIEN SUPERSTAR,BeyoncÃ¯Â¿,1.0,2022.0,7.0,29.0,2688.0,0.0,171788484.0,39.0,47.0,36.0,0.0,0.0,122.0,A#,Minor,55.0,46.0,64.0,0.0,0.0,17.0,10.0
407,Mary On A Cross,Ghost,1.0,2019.0,9.0,13.0,2668.0,2.0,387080183.0,38.0,266.0,78.0,0.0,141.0,130.0,B,Major,47.0,56.0,90.0,0.0,0.0,10.0,4.0
408,Attention,NewJeans,1.0,2022.0,8.0,1.0,799.0,12.0,264717480.0,14.0,141.0,9.0,0.0,1.0,105.0,A#,Minor,81.0,70.0,65.0,24.0,0.0,8.0,4.0
409,THE SHADE,Rex Orange County,1.0,2022.0,3.0,11.0,1189.0,6.0,244928911.0,17.0,10.0,16.0,0.0,4.0,120.0,F,Major,90.0,73.0,51.0,39.0,0.0,9.0,6.0
410,Forget Me,Lewis Capaldi,1.0,2022.0,9.0,9.0,2520.0,4.0,239411309.0,93.0,95.0,84.0,9.0,202.0,102.0,C#,Minor,67.0,72.0,74.0,30.0,0.0,36.0,4.0
411,Bound 2,Kanye West,1.0,2013.0,1.0,1.0,19806.0,7.0,703301727.0,33.0,11.0,274.0,0.0,0.0,149.0,C#,Major,37.0,28.0,66.0,14.0,0.0,9.0,5.0
412,Talk that Talk,TWICE,1.0,2022.0,8.0,26.0,615.0,0.0,189476119.0,14.0,77.0,15.0,1.0,2.0,120.0,D#,Minor,77.0,78.0,91.0,14.0,0.0,33.0,12.0
413,BILLIE EILISH.,Armani White,1.0,2022.0,1.0,20.0,2537.0,0.0,277132266.0,49.0,1.0,67.0,11.0,1.0,100.0,C#,Major,90.0,75.0,50.0,11.0,0.0,9.0,26.0
414,Ferxxo 100,Feid,1.0,2022.0,6.0,3.0,1647.0,30.0,278920007.0,20.0,49.0,23.0,2.0,2.0,164.0,G#,Minor,70.0,58.0,57.0,25.0,0.0,15.0,7.0
415,KU LO SA - A COLORS SHOW,Oxlade,1.0,2022.0,6.0,10.0,2019.0,8.0,222410722.0,117.0,72.0,107.0,1.0,7.0,93.0,A#,Minor,65.0,79.0,66.0,31.0,0.0,22.0,7.0
416,Prohibidox,Feid,1.0,2022.0,9.0,13.0,1473.0,12.0,185392587.0,25.0,36.0,25.0,1.0,0.0,180.0,C#,Minor,65.0,52.0,80.0,5.0,0.0,6.0,25.0
417,Static,Steve Lacy,1.0,2022.0,7.0,15.0,1613.0,0.0,202452860.0,21.0,15.0,13.0,0.0,0.0,79.0,C#,Major,34.0,22.0,31.0,43.0,63.0,10.0,7.0
418,Sparks,Coldplay,1.0,2000.0,7.0,10.0,10826.0,4.0,624101957.0,24.0,0.0,805.0,0.0,0.0,103.0,C#,Major,37.0,17.0,27.0,75.0,5.0,10.0,3.0
419,Talk,YEAT,1.0,2022.0,9.0,2.0,920.0,0.0,148461629.0,10.0,1.0,8.0,0.0,0.0,140.0,E,Minor,70.0,26.0,76.0,8.0,0.0,54.0,23.0
420,Selfish,PnB Rock,1.0,2016.0,6.0,23.0,2468.0,0.0,380319238.0,15.0,0.0,0.0,0.0,0.0,102.0,C#,Minor,64.0,4.0,60.0,11.0,0.0,19.0,4.0
421,Lady Mi Amor,Feid,1.0,2022.0,9.0,13.0,330.0,0.0,53987404.0,3.0,0.0,2.0,0.0,0.0,93.0,D,Major,78.0,75.0,62.0,6.0,0.0,15.0,6.0
422,Poland,Lil Yachty,1.0,2022.0,6.0,23.0,1584.0,0.0,115331792.0,38.0,0.0,24.0,0.0,0.0,150.0,F,Minor,70.0,26.0,56.0,14.0,83.0,11.0,5.0
423,THE LONELIEST,MÃ¯Â¿Â½Ã¯Â¿Â½ne,1.0,2022.0,10.0,7.0,1585.0,5.0,225093344.0,78.0,65.0,328.0,1.0,198.0,130.0,D,Major,52.0,24.0,60.0,0.0,0.0,8.0,3.0
424,Nxde,(G)I-DLE,1.0,2022.0,10.0,17.0,430.0,6.0,170709584.0,14.0,116.0,9.0,0.0,11.0,136.0,E,Minor,73.0,65.0,91.0,4.0,0.0,48.0,18.0
425,Miss You,Southstar,1.0,1982.0,5.0,16.0,2020.0,0.0,154356956.0,77.0,10.0,119.0,0.0,40.0,145.0,A,Major,66.0,24.0,58.0,17.0,0.0,19.0,5.0
426,we fell in love in october,girl in red,1.0,2018.0,11.0,21.0,6858.0,0.0,723043854.0,31.0,21.0,15.0,0.0,4.0,130.0,G,Major,57.0,24.0,37.0,11.0,18.0,16.0,3.0
427,2 Be Loved (Am I Ready),Lizzo,1.0,2022.0,7.0,14.0,3682.0,6.0,247689123.0,41.0,0.0,158.0,2.0,68.0,156.0,G,Major,72.0,92.0,77.0,9.0,0.0,8.0,11.0
428,Celestial,Ed Sheeran,1.0,2022.0,9.0,29.0,1639.0,0.0,176474912.0,86.0,14.0,80.0,0.0,37.0,123.0,D,Major,57.0,50.0,85.0,5.0,0.0,16.0,4.0
429,Typa Girl,BLACKPINK,1.0,2022.0,9.0,16.0,452.0,10.0,235549288.0,2.0,129.0,13.0,0.0,1.0,132.0,G,Major,92.0,53.0,62.0,7.0,0.0,63.0,10.0
430,California Breeze,Lil Baby,1.0,2022.0,10.0,14.0,991.0,0.0,85559365.0,36.0,38.0,13.0,0.0,3.0,162.0,F,Minor,74.0,22.0,67.0,0.0,0.0,11.0,46.0
431,Vigilante Shit,Taylor Swift,1.0,2022.0,10.0,21.0,1948.0,0.0,253650850.0,12.0,9.0,16.0,0.0,0.0,80.0,E,Minor,80.0,16.0,28.0,17.0,0.0,12.0,39.0
432,Question...?,Taylor Swift,1.0,2022.0,10.0,21.0,1608.0,0.0,223064273.0,10.0,3.0,12.0,0.0,0.0,109.0,G,Major,75.0,11.0,50.0,20.0,0.0,30.0,17.0
433,Mastermind,Taylor Swift,1.0,2022.0,10.0,21.0,1936.0,0.0,218320587.0,7.0,5.0,13.0,0.0,0.0,126.0,E,Major,66.0,12.0,35.0,55.0,0.0,9.0,14.0
434,The Astronaut,Jin,1.0,2022.0,10.0,28.0,481.0,9.0,203436468.0,10.0,100.0,15.0,1.0,27.0,125.0,F,Major,54.0,22.0,76.0,0.0,0.0,14.0,3.0
435,BackOutsideBoyz,Drake,1.0,2022.0,11.0,4.0,1045.0,0.0,93367537.0,8.0,5.0,2.0,0.0,0.0,142.0,F,Minor,85.0,40.0,43.0,4.0,0.0,39.0,32.0
436,The Great War,Taylor Swift,1.0,2022.0,10.0,21.0,1274.0,0.0,181382590.0,1.0,6.0,11.0,0.0,0.0,96.0,F,Major,57.0,55.0,74.0,22.0,0.0,8.0,4.0
437,My Mind & Me,Selena Gomez,1.0,2022.0,11.0,3.0,953.0,0.0,91473363.0,61.0,13.0,37.0,1.0,0.0,144.0,A,Major,60.0,24.0,39.0,57.0,0.0,8.0,3.0
438,Bigger Than The Whole Sky,Taylor Swift,1.0,2022.0,10.0,21.0,1180.0,0.0,121871870.0,4.0,0.0,8.0,0.0,0.0,166.0,F#,Major,42.0,7.0,24.0,83.0,1.0,12.0,6.0
439,Alone,Burna Boy,1.0,2022.0,11.0,4.0,782.0,2.0,96007391.0,27.0,18.0,32.0,1.0,0.0,90.0,E,Minor,61.0,32.0,67.0,15.0,0.0,11.0,5.0
