,antena_id,antena_provider,antena_zip_code,antena_range,antena_capacity,country
0,3868558,Vodafone,3190,198,55389,AR
1,1010207,LYBRA,3206,68,15923,AR
2,6792277,Sunrise,4407,117,143768,AR
3,2794010,LYBRA,8311,144,32988,AR
4,4724531,Vodafone,2346,158,105400,AR
5,3083313,SWISSCOM,2516,112,162142,AR
6,6814186,LYBRA,2561,136,42450,AR
7,2242060,Vodafone,3045,43,42202,AR
8,3334427,SWISSCOM,4141,120,111215,AR
9,6193865,LYBRA,2342,84,124943,AR
10,6541096,LYBRA,1913,176,11247,AR
11,6558649,Vodafone,5111,187,95821,AR
12,5791259,Sunrise,4413,192,72002,AR
13,5363775,LYBRA,9211,43,128495,AR
14,4703172,AT&T,2454,44,124864,AR
15,2256559,ORANGE,1739,139,147010,AR
16,6184772,VERIZON,4124,119,190068,AR
17,2724868,ORANGE,2441,195,23692,AR
18,4130404,SWISSCOM,7116,191,142599,AR
19,4143819,LYBRA,5563,190,180375,AR
20,1622656,ORANGE,2587,43,48061,AR
21,4536992,ORANGE,5544,155,33606,AR
22,1615819,Sunrise,5115,133,151130,AR
23,6871930,AT&T,3101,107,121142,AR
24,2744118,T-MOBILE,3551,130,37095,AR
25,4717341,LYBRA,3051,158,91887,AR
26,4123681,T-MOBILE,8611,188,6124,AT
27,4526134,T-MOBILE,8684,48,21053,AT
28,3790747,Vodafone,6290,53,113638,AT
29,3443899,LYBRA,6675,87,197934,AT
30,2532898,Vodafone,3872,132,106654,AT
31,6629795,Vodafone,3053,123,78456,AT
32,2875173,VERIZON,3104,138,40607,AT
33,5591459,Vodafone,4362,154,146453,AT
34,3910350,AT&T,6521,81,38794,AT
35,4255646,SALT,3812,84,105511,AT
36,5492531,Vodafone,9602,99,197457,AT
37,5315995,AT&T,6173,76,140408,AT
38,6441934,LYBRA,8622,148,42067,AT
39,2150990,Vodafone,9624,146,123554,AT
40,804710,LYBRA,8121,133,186806,AT
41,836132,SALT,2221,139,92118,AT
42,2939206,SWISSCOM,2023,134,111299,AT
43,3018213,LYBRA,4682,178,99130,AT
44,1839250,T-MOBILE,6210,133,15872,AT
45,2237731,SALT,2062,121,196068,AT
46,861752,SWISSCOM,3193,150,22226,AT
47,6792256,AT&T,6353,172,156525,AT
48,2095273,Sunrise,2490,166,30003,AT
49,4918224,SWISSCOM,6934,61,164185,AT
50,812285,Vodafone,7132,160,46223,AT
51,748375,T-MOBILE,8073,86,61715,AT
52,1544154,Vodafone,AZ 4205,138,189877,AZ
53,2380710,VERIZON,AZ 2332,60,52582,AZ
54,864787,SWISSCOM,AZ 3012,190,152269,AZ
55,4889581,LYBRA,AZ 4202,73,161494,AZ
56,4583372,AT&T,AZ 1060,44,156061,AZ
57,3651253,Vodafone,AZ 6322,96,7839,AZ
58,6283157,AT&T,AZ 3111,55,62783,AZ
59,6893436,ORANGE,AZ 2727,188,197695,AZ
60,989294,SALT,AZ 4403,40,124983,AZ
61,2740811,VERIZON,AZ 4300,46,68533,AZ
62,2028130,LYBRA,AZ 4504,68,11641,AZ
63,3374202,SWISSCOM,AZ 1137,158,108926,AZ
64,3823752,VERIZON,AZ 0340,67,51071,AZ
65,5987939,SALT,AZ 6518,152,9645,AZ
66,5423291,LYBRA,AZ 5619,155,118208,AZ
67,6755118,Vodafone,AZ 3615,141,127446,AZ
68,6642939,AT&T,AZ 3520,97,117482,AZ
69,2194277,ORANGE,AZ 2704,140,28856,AZ
70,2505567,Sunrise,AZ 3013,152,10312,AZ
71,1087918,LYBRA,AZ 5601,187,185431,AZ
72,2146784,SALT,AZ 4224,50,68742,AZ
73,3779643,LYBRA,AZ 0514,71,152021,AZ
74,6824703,Vodafone,AZ 3623,149,153218,AZ
75,1731667,VERIZON,AZ 0720,151,130030,AZ
76,1766740,LYBRA,AZ 3316,109,36455,AZ
77,5599228,SALT,AZ 4901,181,64436,AZ
78,1017513,AT&T,9230,147,176796,BD
79,4916103,Vodafone,1912,115,89767,BD
80,5600257,Sunrise,5930,79,109027,BD
81,1377052,Vodafone,1951,56,64589,BD
82,1554740,VERIZON,1344,138,123581,BD
83,6601075,LYBRA,4348,197,83131,BD
84,3506125,SALT,1996,141,143806,BD
85,1991762,VERIZON,8640,164,152024,BD
86,5836354,AT&T,1992,53,9069,BD
87,3782673,LYBRA,9383,51,44281,BD
88,5954787,LYBRA,1936,105,85109,BD
89,2349489,LYBRA,9380,114,172264,BD
90,5275075,VERIZON,9350,173,160742,BD
91,6625077,LYBRA,8331,178,174950,BD
92,1218341,T-MOBILE,8513,177,138659,BD
93,2317269,Vodafone,1977,117,191137,BD
94,2035694,ORANGE,3829,162,180481,BD
95,5221248,LYBRA,1556,68,62475,BD
96,1316218,Vodafone,4398,151,42784,BD
97,4283495,Vodafone,9271,118,9790,BD
98,4270796,Sunrise,3879,151,158570,BD
99,5014939,T-MOBILE,8231,156,101671,BD
100,2217878,Sunrise,8730,157,152780,BD
101,6233140,SALT,1721,78,48599,BD
102,3209302,T-MOBILE,3879,194,129798,BD
103,5153746,ORANGE,5842,130,22109,BD
104,5619022,AT&T,1653,159,89502,BE
105,5205799,Sunrise,9690,76,175343,BE
106,2008735,T-MOBILE,7863,55,6932,BE
107,6718728,ORANGE,7912,70,57988,BE
108,5101971,VERIZON,9750,59,153071,BE
109,4212464,T-MOBILE,7538,136,107570,BE
110,4071735,SWISSCOM,9255,115,83437,BE
111,6917028,SALT,7604,188,25945,BE
112,5302944,SALT,8810,54,38870,BE
113,4423083,ORANGE,7880,133,160973,BE
114,3594266,AT&T,9160,193,160828,BE
115,3242048,SALT,1760,118,10298,BE
116,5058304,LYBRA,9890,159,181969,BE
117,6622442,VERIZON,9042,139,106477,BE
118,1187643,Vodafone,6821,109,104668,BE
119,6608862,T-MOBILE,6592,148,181047,BE
120,2811783,Vodafone,9681,155,89467,BE
121,5638466,Sunrise,4602,104,44457,BE
122,5532165,VERIZON,6593,178,87931,BE
123,2111265,LYBRA,6592,148,179616,BE
124,5638744,ORANGE,1472,161,196008,BE
125,4557714,Sunrise,5644,191,109908,BE
126,4878967,LYBRA,1301,189,100481,BE
127,5126229,Sunrise,1932,90,164476,BE
128,6764248,SALT,6813,69,172313,BE
129,3884498,Vodafone,8760,164,160305,BE
130,3033744,SALT,5396,133,127116,BG
131,1389397,T-MOBILE,4966,184,59571,BG
132,5212541,AT&T,3247,169,104548,BG
133,3028477,AT&T,9785,70,29059,BG
134,2947724,LYBRA,5379,123,18468,BG
135,5943524,VERIZON,9799,166,123955,BG
136,1043968,Sunrise,6729,194,142711,BG
137,6336069,LYBRA,4919,197,41070,BG
138,6517136,VERIZON,2945,139,18782,BG
139,6777138,ORANGE,8738,108,84309,BG
140,4949743,T-MOBILE,9929,79,80246,BG
141,5829033,AT&T,7079,106,70633,BG
142,6841145,ORANGE,9947,125,34529,BG
143,1997835,Vodafone,6539,185,115791,BG
144,4344636,SWISSCOM,8845,116,159800,BG
145,3633133,LYBRA,7768,118,185965,BG
146,5167509,ORANGE,2457,152,57770,BG
147,5218384,AT&T,7073,53,9403,BG
148,4591915,LYBRA,1758,100,148802,BG
149,4633493,Sunrise,4759,134,13409,BG
150,2980438,AT&T,7966,55,151528,BG
151,3642109,VERIZON,6749,42,71866,BG
152,4757457,AT&T,9193,96,46060,BG
153,4455628,SWISSCOM,6194,188,24238,BG
154,1556012,SWISSCOM,7570,86,64169,BG
155,2849409,SWISSCOM,7068,155,89489,BG
156,5201677,LYBRA,18460-000,115,93220,BR
157,4751381,VERIZON,39950-000,70,21977,BR
158,3609894,Sunrise,59808-000,100,46258,BR
159,5267167,SWISSCOM,87810-000,56,153481,BR
160,1614076,LYBRA,39530-000,128,41234,BR
161,4563687,SWISSCOM,19740-000,96,17768,BR
162,5424717,ORANGE,36513-000,105,78797,BR
163,4441485,T-MOBILE,13890-000,130,53237,BR
164,2356956,ORANGE,84550-000,80,124335,BR
165,4622497,SWISSCOM,76220-000,95,18011,BR
166,3533281,LYBRA,55630-000,180,106719,BR
167,4015081,ORANGE,88550-000,76,132279,BR
168,3148496,SALT,64300-000,184,6080,BR
169,6651628,ORANGE,58123-000,178,54736,BR
170,6264669,VERIZON,48610-000,149,137888,BR
171,946512,Sunrise,17480-000,115,50737,BR
172,893697,AT&T,97450-000,168,187228,BR
173,2439921,SWISSCOM,13870-000,109,176205,BR
174,3079570,SALT,85615-000,59,123478,BR
175,6526171,T-MOBILE,83535-000,95,133372,BR
176,3957692,ORANGE,64378-000,187,196869,BR
177,4006966,SALT,17580-000,162,193460,BR
178,4313294,Vodafone,39563-000,137,121683,BR
179,4630715,LYBRA,86380-000,119,152108,BR
180,2171055,Vodafone,62255-000,83,86122,BR
181,3967270,AT&T,49985-000,103,42649,BR
182,3298914,SALT,V4B,117,16781,CA
183,2021995,ORANGE,T5X,173,174031,CA
184,1078360,VERIZON,H2Y,103,144998,CA
185,3179130,Sunrise,V0R,128,121223,CA
186,5831856,Sunrise,N1K,136,91160,CA
187,2606930,SWISSCOM,L5R,132,187166,CA
188,1607692,Sunrise,T2B,52,83846,CA
189,2126347,Sunrise,E8R,198,92072,CA
190,5521480,LYBRA,X0A,108,151023,CA
191,1105874,SWISSCOM,N0N,103,41682,CA
192,4674191,VERIZON,M4K,118,138998,CA
193,4495140,SWISSCOM,P3L,93,111404,CA
194,4615903,LYBRA,L7R,42,169166,CA
195,5319110,LYBRA,L3M,197,50100,CA
196,1565564,LYBRA,L4V,140,8100,CA
197,6852785,Sunrise,T6V,139,61877,CA
198,2016202,SWISSCOM,H1G,43,67907,CA
199,2889363,AT&T,G9B,99,96188,CA
200,1206370,LYBRA,L8B,87,31395,CA
201,1230793,AT&T,R0G,42,70123,CA
202,987642,SALT,T6B,194,129535,CA
203,6385315,SALT,L4G,78,20234,CA
204,2427658,ORANGE,E7M,138,155944,CA
205,6490121,SALT,J2B,193,39223,CA
206,3124390,Sunrise,E4P,159,180390,CA
207,5466898,AT&T,V9G,161,5026,CA
208,2528398,ORANGE,1567,104,23761,CH
209,6595806,VERIZON,1244,163,75917,CH
210,1581453,SALT,8037,143,72900,CH
211,5185892,T-MOBILE,8608,77,161484,CH
212,4982715,SALT,7484,61,24937,CH
213,6763518,LYBRA,1922,173,180048,CH
214,4065443,Vodafone,6287,51,80463,CH
215,3297518,VERIZON,8608,130,146465,CH
216,6609676,VERIZON,7204,146,21571,CH
217,5433948,LYBRA,1433,163,180836,CH
218,4012077,VERIZON,8613,122,115509,CH
219,4317228,LYBRA,7415,89,41195,CH
220,2605708,Vodafone,4247,129,65595,CH
221,3657348,LYBRA,8414,163,165059,CH
222,2148949,Vodafone,9028,114,169141,CH
223,6803783,Vodafone,4917,123,55752,CH
224,4241839,LYBRA,1738,134,190344,CH
225,3762821,Vodafone,8408,164,132775,CH
226,1992546,T-MOBILE,3296,51,36425,CH
227,3450475,ORANGE,9436,173,122064,CH
228,6806253,Sunrise,7272,142,151870,CH
229,5946426,ORANGE,8259,137,121365,CH
230,3934522,LYBRA,4058,41,15347,CH
231,2018418,SALT,1244,195,76864,CH
232,5742562,Sunrise,8615,157,25750,CH
233,3315947,AT&T,8087,111,97498,CH
234,5913824,Sunrise,3230000,101,59432,CL
235,3599369,Vodafone,2960000,71,109499,CL
236,3933906,AT&T,5480000,112,151240,CL
237,6430740,AT&T,4580000,58,157134,CL
238,5455417,Vodafone,8540000,80,107523,CL
239,1118969,LYBRA,1650000,194,40065,CL
240,3744806,LYBRA,2930000,132,113318,CL
241,2247051,ORANGE,2880000,53,165239,CL
242,2539057,SALT,4740000,105,67827,CL
243,5713948,AT&T,4520000,192,174430,CL
244,3292350,VERIZON,4940000,115,167437,CL
245,5004607,T-MOBILE,4160000,183,190297,CL
246,5721330,VERIZON,3490000,144,147291,CL
247,1613545,LYBRA,5740000,198,26973,CL
248,4956974,LYBRA,4500000,174,37637,CL
249,2544389,SWISSCOM,5580000,102,193273,CL
250,4951004,LYBRA,4370000,152,144483,CL
251,6731319,SALT,4410000,173,114415,CL
252,3411826,LYBRA,3910000,121,123647,CL
253,1593989,LYBRA,2050000,48,113383,CL
254,5168166,LYBRA,9200000,151,84256,CL
255,6904216,SWISSCOM,3170000,40,65481,CL
256,4967099,LYBRA,3150000,199,30544,CL
257,3460536,LYBRA,3540000,153,192771,CL
258,1394155,LYBRA,5770000,90,192099,CL
259,5569380,Vodafone,1900000,147,162572,CL
260,6004734,T-MOBILE,190557,189,120105,CO
261,5940113,AT&T,054810,75,86355,CO
262,6324046,T-MOBILE,917018,81,25823,CO
263,6026247,T-MOBILE,864009,112,15397,CO
264,4518263,AT&T,153887,64,78845,CO
265,2647197,Vodafone,683569,153,70517,CO
266,2583209,LYBRA,473040,98,6975,CO
267,5256933,AT&T,762501,46,102017,CO
268,4007384,T-MOBILE,520007,148,92324,CO
269,3239996,LYBRA,445008,84,60049,CO
270,4194446,T-MOBILE,233009,93,156774,CO
271,2936637,SWISSCOM,082060,96,99844,CO
272,4342204,ORANGE,270009,196,179003,CO
273,3088539,SALT,252668,49,140375,CO
274,5650531,Sunrise,252407,76,125308,CO
275,1277503,LYBRA,153808,180,130838,CO
276,1794637,Vodafone,111981,166,26197,CO
277,6513656,T-MOBILE,917018,97,179796,CO
278,2922155,LYBRA,763010,188,97299,CO
279,4369332,ORANGE,253258,156,63094,CO
280,4685208,LYBRA,231048,89,135249,CO
281,4633391,T-MOBILE,991039,176,117891,CO
282,3160026,ORANGE,541038,86,68624,CO
283,5113249,LYBRA,544010,144,70191,CO
284,2824699,T-MOBILE,203060,71,119697,CO
285,4506293,T-MOBILE,232537,42,106713,CO
286,6363522,SWISSCOM,60203,169,84565,CR
287,4047818,T-MOBILE,60301,182,164801,CR
288,734901,T-MOBILE,10405,104,29578,CR
289,6884338,SALT,10103,41,189407,CR
290,3022514,SWISSCOM,60502,199,96654,CR
291,1711429,AT&T,20306,145,158678,CR
292,4060248,SWISSCOM,11401,134,16060,CR
293,5293596,LYBRA,21501,56,135317,CR
294,5938214,ORANGE,20205,155,109277,CR
295,3794648,Sunrise,60110,191,17942,CR
296,2099357,VERIZON,30204,81,83388,CR
297,3311392,SALT,11904,68,116156,CR
298,2541046,VERIZON,40101,168,97921,CR
299,6001468,Vodafone,20212,180,125377,CR
300,4250468,ORANGE,20702,186,61182,CR
301,2647096,AT&T,60205,183,154512,CR
302,955075,SWISSCOM,11304,64,135602,CR
303,4362004,AT&T,50104,40,138871,CR
304,3112930,Vodafone,20704,143,141221,CR
305,5063926,T-MOBILE,11504,182,26951,CR
306,6645716,VERIZON,11604,193,173045,CR
307,3842564,ORANGE,10604,175,65355,CR
308,2584935,VERIZON,21306,144,184529,CR
309,4177446,VERIZON,21402,71,192746,CR
310,2279605,T-MOBILE,10906,196,112340,CR
311,6069682,SALT,60701,135,146966,CR
312,1581833,LYBRA,281 51,82,39065,CZ
313,6239786,SALT,796 04,121,17702,CZ
314,5950942,AT&T,542 38,159,164249,CZ
315,6749689,LYBRA,270 51,58,78917,CZ
316,3678642,SWISSCOM,517 43,199,136530,CZ
317,2766902,ORANGE,341 01,152,23800,CZ
318,1230283,Vodafone,512 38,53,191311,CZ
319,1186346,SWISSCOM,387 72,103,46130,CZ
320,6639871,SALT,696 38,149,23658,CZ
321,6299072,LYBRA,341 92,129,86226,CZ
322,5393805,SWISSCOM,517 92,66,117789,CZ
323,4660344,SWISSCOM,671 39,118,68456,CZ
324,6794601,Sunrise,503 02,67,71366,CZ
325,5994681,VERIZON,390 02,142,161162,CZ
326,2413913,SALT,267 25,62,5688,CZ
327,2313634,SALT,384 01,90,143311,CZ
328,2692643,LYBRA,262 93,120,114648,CZ
329,937853,T-MOBILE,468 48,130,42077,CZ
330,3793372,LYBRA,753 56,59,183626,CZ
331,6377315,AT&T,468 48,80,150573,CZ
332,4954899,SALT,382 92,86,122634,CZ
333,4203614,LYBRA,294 21,81,100318,CZ
334,4550806,Vodafone,691 24,119,73277,CZ
335,6863495,LYBRA,250 92,198,49255,CZ
336,6070213,T-MOBILE,503 27,193,80441,CZ
337,1121668,LYBRA,664 04,83,138741,CZ
338,2106958,T-MOBILE,72270,50,16367,DE
339,6852649,T-MOBILE,24253,63,102974,DE
340,3202049,ORANGE,28325,84,163706,DE
341,5756490,ORANGE,79650,88,171319,DE
342,5663598,SALT,67685,113,39668,DE
343,5042934,SWISSCOM,57584,158,9579,DE
344,4028772,SALT,47249,188,175176,DE
345,5229921,LYBRA,34497,47,111616,DE
346,3828719,LYBRA,73540,72,199667,DE
347,1141404,AT&T,23628,199,38907,DE
348,1031343,ORANGE,22587,167,166013,DE
349,5497046,AT&T,64807,98,124771,DE
350,1342722,LYBRA,94518,167,57203,DE
351,2131218,LYBRA,21385,159,180037,DE
352,1405092,Sunrise,57290,88,192690,DE
353,4064529,LYBRA,86519,138,78997,DE
354,2060749,VERIZON,70435,91,166310,DE
355,6939134,Sunrise,28197,62,10375,DE
356,2555802,T-MOBILE,55129,112,15653,DE
357,5022541,Vodafone,25335,71,35543,DE
358,6321263,LYBRA,56237,70,93327,DE
359,2103810,VERIZON,59229,178,117691,DE
360,3566499,LYBRA,84107,51,181951,DE
361,4832767,LYBRA,16727,74,88936,DE
362,2423436,LYBRA,63579,177,131873,DE
363,3902661,Sunrise,70329,66,118731,DE
364,6470578,AT&T,1065,69,151342,DK
365,6655594,LYBRA,1855,57,57647,DK
366,6185191,Sunrise,1364,95,184884,DK
367,5912673,T-MOBILE,1707,185,187496,DK
368,941108,AT&T,1448,48,97369,DK
369,1437317,ORANGE,1705,61,10909,DK
370,4945344,T-MOBILE,1074,165,88442,DK
371,1849944,LYBRA,1013,65,4757,DK
372,4330037,Vodafone,1592,149,20813,DK
373,2188301,T-MOBILE,1259,148,17410,DK
374,4573976,AT&T,1368,156,39398,DK
375,6460493,Sunrise,9574,185,38584,DK
376,5395622,Sunrise,7790,149,76478,DK
377,4778304,Vodafone,1504,70,156395,DK
378,3117294,T-MOBILE,7490,77,132115,DK
379,1414564,LYBRA,1705,63,181719,DK
380,3434532,LYBRA,1507,156,106884,DK
381,736074,LYBRA,9574,142,9104,DK
382,1080533,Sunrise,1507,171,152486,DK
383,738025,T-MOBILE,1952,123,51044,DK
384,1361877,Sunrise,1448,72,17335,DK
385,3173233,AT&T,1561,106,109081,DK
386,6354477,LYBRA,1829,153,33419,DK
387,4308038,VERIZON,1877,143,153390,DK
388,6595645,Sunrise,1662,147,75357,DK
389,2829275,ORANGE,1799,68,122147,DK
390,4112453,LYBRA,33011,108,94514,DZ
391,2759235,SALT,05021,118,132551,DZ
392,2162629,Vodafone,06048,70,122277,DZ
393,735244,AT&T,15038,169,93946,DZ
394,3371703,T-MOBILE,10060,45,62998,DZ
395,5283667,Sunrise,15040,116,8271,DZ
396,4427148,SALT,35059,172,113538,DZ
397,2961765,SALT,37004,49,135513,DZ
398,5519510,ORANGE,17064,192,19073,DZ
399,4289384,VERIZON,42052,82,95624,DZ
400,1836894,AT&T,02084,68,112215,DZ
401,2360554,SWISSCOM,31030,158,20248,DZ
402,3196332,SWISSCOM,26025,194,74131,DZ
403,4867503,SALT,22013,147,36313,DZ
404,2712473,VERIZON,25007,136,36839,DZ
405,3117561,LYBRA,28028,187,75368,DZ
406,5355644,LYBRA,15115,74,39360,DZ
407,3565633,Sunrise,15004,63,40337,DZ
408,3110763,LYBRA,05005,77,98937,DZ
409,5744196,SALT,31022,115,138597,DZ
410,4050575,SWISSCOM,14012,90,26799,DZ
411,5394743,LYBRA,39012,161,40995,DZ
412,4938398,LYBRA,17060,88,67283,DZ
413,2083458,LYBRA,01000,77,26218,DZ
414,1111446,T-MOBILE,06010,56,62528,DZ
415,4057302,ORANGE,19029,79,59764,DZ
416,5417599,VERIZON,10414,111,48281,EE
417,3659691,SALT,75033,88,24869,EE
418,3020918,AT&T,65152,178,7898,EE
419,5446649,AT&T,64609,138,138782,EE
420,4738368,SALT,79012,125,47017,EE
421,5405967,T-MOBILE,72302,141,133572,EE
422,2120435,ORANGE,79020,80,6151,EE
423,4786777,ORANGE,75033,82,128865,EE
424,968988,Vodafone,72509,161,61114,EE
425,1937414,T-MOBILE,65214,47,5800,EE
426,4253387,AT&T,93634,199,36462,EE
427,4867914,Sunrise,45313,90,6359,EE
428,3030546,AT&T,93448,74,69202,EE
429,6728941,VERIZON,50111,195,19195,EE
430,6936327,Sunrise,93526,134,124635,EE
431,2886947,Sunrise,75515,41,194528,EE
432,2026509,T-MOBILE,66409,143,168322,EE
433,2356009,LYBRA,65308,114,4248,EE
434,6520422,T-MOBILE,79051,56,86438,EE
435,5545368,VERIZON,11416,117,8973,EE
436,2830746,SWISSCOM,72814,167,141849,EE
437,3179602,T-MOBILE,92341,135,149539,EE
438,4840753,SALT,92202,86,53755,EE
439,3816883,ORANGE,62307,132,142034,EE
440,2430102,SWISSCOM,76804,40,53362,EE
441,3726474,T-MOBILE,92246,141,119543,EE
442,5301522,SWISSCOM,38540,95,117312,ES
443,6758373,LYBRA,25220,47,41411,ES
444,1631948,Vodafone,46172,155,113058,ES
445,2033620,LYBRA,49342,103,66003,ES
446,6206826,SWISSCOM,24608,172,31145,ES
447,5885377,Sunrise,30859,113,159173,ES
448,3356334,SWISSCOM,37618,130,34459,ES
449,3965315,Sunrise,49708,50,124315,ES
450,3672383,SWISSCOM,16522,111,160504,ES
451,6483890,LYBRA,50004,60,150708,ES
452,3699781,LYBRA,38850,146,105588,ES
453,2739877,LYBRA,43830,63,108606,ES
454,4602193,AT&T,27233,52,115109,ES
455,3536390,Vodafone,31243,199,62543,ES
456,4600718,SWISSCOM,24970,133,22125,ES
457,2810048,T-MOBILE,26528,120,151278,ES
458,3211176,SWISSCOM,27300,160,185278,ES
459,6649713,LYBRA,48311,131,186537,ES
460,4676633,ORANGE,45840,60,95817,ES
461,2789189,Sunrise,39588,116,165616,ES
462,4188334,LYBRA,28232,54,126138,ES
463,1260391,VERIZON,28100,66,50895,ES
464,1429919,LYBRA,16430,94,30961,ES
465,2156434,LYBRA,36618,105,165238,ES
466,2897454,Vodafone,27376,65,34296,ES
467,4209791,ORANGE,02248,67,90746,ES
468,6841595,VERIZON,07410,159,62333,FI
469,5475796,SWISSCOM,92330,146,110094,FI
470,6842156,ORANGE,68660,181,72696,FI
471,4701430,SWISSCOM,98230,40,169665,FI
472,6308763,VERIZON,20780,124,173547,FI
473,1075158,T-MOBILE,97580,75,18507,FI
474,5181700,Vodafone,62940,162,76632,FI
475,3937545,T-MOBILE,31900,190,87371,FI
476,4173139,LYBRA,99430,88,191006,FI
477,4644148,Sunrise,98350,148,36185,FI
478,1457983,LYBRA,33480,106,13697,FI
479,2985327,Vodafone,70600,73,182835,FI
480,2065414,ORANGE,00410,82,175838,FI
481,1465238,Sunrise,63360,103,60449,FI
482,3387606,AT&T,07960,161,133730,FI
483,5430556,Vodafone,58450,189,145230,FI
484,1614219,LYBRA,58430,112,84513,FI
485,4550625,Sunrise,25910,149,196283,FI
486,2891331,LYBRA,02710,90,34960,FI
487,1031710,AT&T,68150,43,178190,FI
488,4237749,ORANGE,69850,45,19893,FI
489,1784456,AT&T,68150,184,191766,FI
490,1588345,LYBRA,00200,41,94388,FI
491,6771434,SWISSCOM,53200,70,116610,FI
492,5081191,AT&T,58680,48,33158,FI
493,4204512,T-MOBILE,75840,125,96268,FI
494,3469865,LYBRA,60744 CEDEX,126,178449,FR
495,3758762,Sunrise,68440,156,144055,FR
496,1505729,ORANGE,13833 CEDEX,126,197855,FR
497,4581343,VERIZON,73154 CEDEX,87,134022,FR
498,3350534,Vodafone,69770,119,19283,FR
499,3023327,SWISSCOM,34958 CEDEX 2,192,172290,FR
500,5421516,LYBRA,67820,106,49912,FR
501,5569694,AT&T,31078 CEDEX 4,134,13942,FR
502,4863828,ORANGE,64008 CEDEX,192,151072,FR
503,3288339,LYBRA,86260,193,163048,FR
504,3031907,AT&T,51689 CEDEX 2,133,132530,FR
505,4824364,Sunrise,44099 CEDEX 1,174,192362,FR
506,2791121,AT&T,91490,64,183147,FR
507,5132464,T-MOBILE,94653 CEDEX 1,96,45490,FR
508,850489,VERIZON,94725 CEDEX,171,126686,FR
509,5514949,AT&T,27607 CEDEX,155,42921,FR
510,1379994,VERIZON,07307 CEDEX,94,106516,FR
511,3007750,ORANGE,62954 CEDEX,85,152533,FR
512,6802910,SALT,25207 CEDEX,91,180881,FR
513,4252058,T-MOBILE,74706 CEDEX,65,116668,FR
514,4704522,Vodafone,92146 CEDEX,166,17899,FR
515,5415935,Vodafone,21040 CEDEX,105,140571,FR
516,5211908,T-MOBILE,16101 CEDEX,152,59404,FR
517,6346373,SALT,54404 CEDEX,117,161514,FR
518,1077201,VERIZON,35132,48,21119,FR
519,1671866,ORANGE,01109 CEDEX,63,34613,FR
520,5782425,SALT,CV13,52,142212,GB
521,3418482,Sunrise,W1H,48,163709,GB
522,4296020,ORANGE,FK15,184,197439,GB
523,2322958,SALT,DL8,89,43037,GB
524,1155050,T-MOBILE,SS13,164,182576,GB
525,3762211,LYBRA,NR5,61,56984,GB
526,2750155,VERIZON,PL35,116,117717,GB
527,4957541,LYBRA,HD8,117,10076,GB
528,2212637,VERIZON,PE14,86,98103,GB
529,2996722,LYBRA,LN6,193,48209,GB
530,3178964,LYBRA,E10,142,63955,GB
531,6933329,Sunrise,LS4,128,40592,GB
532,5378676,SWISSCOM,BT45,182,58623,GB
533,3254843,LYBRA,TD15,106,123541,GB
534,4788394,T-MOBILE,NG23,52,44294,GB
535,3615021,AT&T,G84,194,152800,GB
536,2840763,AT&T,PA46,152,168979,GB
537,4311751,ORANGE,B48,160,11666,GB
538,3719184,T-MOBILE,NN6,41,61622,GB
539,3128467,SALT,ME13,65,96122,GB
540,6203136,T-MOBILE,EC3V,158,13414,GB
541,2495286,AT&T,SY21,156,128908,GB
542,6102569,T-MOBILE,TS15,45,95249,GB
543,2019897,LYBRA,S3,82,133739,GB
544,4283847,LYBRA,DN19,137,19491,GB
545,4837433,VERIZON,DE23,171,84622,GB
546,3592270,SALT,01055,63,61984,GT
547,4922864,LYBRA,01073,192,92753,GT
548,6276917,Vodafone,01056,199,83513,GT
549,3629880,SWISSCOM,01066,148,68759,GT
550,4865601,SWISSCOM,01072,142,121079,GT
551,2098364,T-MOBILE,01064,62,51695,GT
552,3392316,T-MOBILE,01070,158,176646,GT
553,6320563,LYBRA,01056,123,144802,GT
554,5143811,Sunrise,01073,42,53113,GT
555,3202691,ORANGE,01061,177,22762,GT
556,2566069,SALT,01068,111,4159,GT
557,3444473,SWISSCOM,01058,74,131672,GT
558,825593,AT&T,01054,57,92563,GT
559,4304852,VERIZON,01053,154,57774,GT
560,1083269,Vodafone,01056,45,78891,GT
561,1865614,Vodafone,01056,59,105867,GT
562,4243876,Sunrise,01070,174,70673,GT
563,2545433,LYBRA,01066,181,171689,GT
564,2042755,LYBRA,01057,166,116754,GT
565,3274045,AT&T,01065,196,108793,GT
566,5673999,LYBRA,01073,84,10336,GT
567,5968158,SWISSCOM,01068,78,58931,GT
568,4722325,VERIZON,01065,109,148673,GT
569,2658042,T-MOBILE,01073,67,91844,GT
570,4183046,LYBRA,01073,192,144424,GT
571,6280056,T-MOBILE,01061,146,92396,GT
572,5173132,ORANGE,52470,117,137714,HR
573,6070574,T-MOBILE,51216,71,72725,HR
574,1678309,Vodafone,23283,111,195126,HR
575,6540568,LYBRA,10454,183,45524,HR
576,6658142,VERIZON,10342,51,179544,HR
577,2048976,LYBRA,21214,55,91611,HR
578,2163934,Sunrise,23205,165,32632,HR
579,6438195,SALT,51326,160,150502,HR
580,4065788,LYBRA,23273,100,34643,HR
581,4753597,Sunrise,32284,164,156587,HR
582,4661024,LYBRA,40323,129,179864,HR
583,2211597,Vodafone,23232,153,172618,HR
584,4416384,ORANGE,34551,54,5056,HR
585,4682619,LYBRA,10342,191,90769,HR
586,2714494,Sunrise,48331,41,109646,HR
587,2202870,T-MOBILE,51557,153,32833,HR
588,2418390,T-MOBILE,43280,51,72828,HR
589,2521211,VERIZON,22211,74,97244,HR
590,1328879,Sunrise,22235,173,186505,HR
591,3685266,SWISSCOM,51217,111,66446,HR
592,1001137,Sunrise,22235,77,80891,HR
593,3386546,LYBRA,20274,116,167074,HR
594,4393107,ORANGE,32242,66,52380,HR
595,4341968,LYBRA,31326,90,172648,HR
596,6697684,T-MOBILE,51215,50,57762,HR
597,5248800,LYBRA,32242,179,117773,HR
598,2663177,SWISSCOM,5747,59,158558,HU
599,5579956,T-MOBILE,4086,87,97747,HU
600,2364690,T-MOBILE,7391,83,144595,HU
601,2779878,SWISSCOM,8084,60,67159,HU
602,1965777,Vodafone,9730,178,135373,HU
603,3507553,Sunrise,2704,186,115810,HU
604,4692857,SALT,7039,104,144761,HU
605,5447632,VERIZON,9985,176,135747,HU
606,6261767,ORANGE,7347,89,74115,HU
607,5166067,SALT,4646,119,139649,HU
608,2508353,LYBRA,9749,144,16032,HU
609,2596885,Sunrise,3598,126,26377,HU
610,5580078,LYBRA,9744,177,151073,HU
611,6245975,ORANGE,5664,194,165460,HU
612,2247509,T-MOBILE,8229,62,156738,HU
613,3532711,SALT,7696,149,93033,HU
614,1983730,SALT,7354,128,11136,HU
615,4483051,SWISSCOM,8681,111,90596,HU
616,2867133,Vodafone,9097,141,21901,HU
617,2896776,Vodafone,9331,169,38872,HU
618,1044910,Sunrise,8419,89,23341,HU
619,1705109,SWISSCOM,5534,80,61746,HU
620,2454832,Vodafone,9736,107,9094,HU
621,1210233,LYBRA,7696,136,161679,HU
622,6928185,LYBRA,8296,173,160931,HU
623,4035507,T-MOBILE,7038,95,156945,HU
624,5063190,LYBRA,P75,85,5875,IE
625,6609594,SALT,V35,135,64311,IE
626,2039030,Sunrise,K34,56,31886,IE
627,5549474,LYBRA,T45,150,85086,IE
628,6846888,ORANGE,A86,180,168207,IE
629,5737489,LYBRA,R32,98,175539,IE
630,2148073,Sunrise,V95,107,27762,IE
631,2944707,SALT,V94,179,153303,IE
632,3683751,T-MOBILE,E91,138,195404,IE
633,3387029,SALT,D24,196,180688,IE
634,3801069,LYBRA,P85,66,112713,IE
635,5285030,T-MOBILE,A96,53,99888,IE
636,4057118,Vodafone,R56,122,41898,IE
637,5495734,AT&T,D05,142,56371,IE
638,2064740,Sunrise,A75,93,11082,IE
639,1797499,Vodafone,F56,77,52563,IE
640,2499441,LYBRA,N39,146,175130,IE
641,2260917,VERIZON,N39,87,7875,IE
642,5099057,LYBRA,D09,172,172878,IE
643,5917366,Vodafone,D11,100,175458,IE
644,4405895,SALT,A84,123,131102,IE
645,5904004,SALT,H53,144,194234,IE
646,2826736,LYBRA,C15,139,51942,IE
647,2948779,T-MOBILE,E34,51,193510,IE
648,2075044,T-MOBILE,F12,94,100985,IE
649,2043274,LYBRA,H16,46,175317,IE
650,934663,VERIZON,342029,146,134490,IN
651,1101591,SALT,843331,63,20370,IN
652,4552955,VERIZON,370511,60,10668,IN
653,6463742,VERIZON,678595,168,10505,IN
654,5762030,ORANGE,523301,155,79328,IN
655,6275862,LYBRA,443304,64,143833,IN
656,4957819,LYBRA,743426,44,166422,IN
657,6453339,LYBRA,680631,144,125906,IN
658,5941210,AT&T,144003,148,105864,IN
659,4782532,ORANGE,673612,99,165000,IN
660,2985029,T-MOBILE,506329,43,24573,IN
661,6949237,VERIZON,334808,103,135397,IN
662,6721631,Sunrise,784510,96,44737,IN
663,2982187,SWISSCOM,563123,110,96833,IN
664,3286680,LYBRA,466554,43,8790,IN
665,1471646,Vodafone,676109,101,42948,IN
666,6245060,Vodafone,731243,66,135266,IN
667,4844896,T-MOBILE,670006,181,149770,IN
668,1770659,Vodafone,396430,44,147990,IN
669,6066521,Sunrise,524366,134,70342,IN
670,2123607,LYBRA,228161,88,58358,IN
671,5253303,SWISSCOM,796710,123,94734,IN
672,6597987,Vodafone,580026,80,138502,IN
673,3030914,SALT,532455,199,100254,IN
674,2200903,AT&T,641049,132,36715,IN
675,5917578,AT&T,201310,97,90326,IN
676,4005920,VERIZON,675,41,58362,IS
677,3244812,SALT,250,175,119052,IS
678,6486462,VERIZON,116,144,69473,IS
679,5822754,SALT,565,41,151813,IS
680,6040779,T-MOBILE,566,59,144950,IS
681,5073529,T-MOBILE,170,181,140829,IS
682,5468554,SALT,425,189,62050,IS
683,2635200,Sunrise,107,148,117210,IS
684,4831212,AT&T,302,86,162879,IS
685,6084434,Vodafone,371,63,159918,IS
686,3031049,SWISSCOM,203,52,134674,IS
687,4167566,VERIZON,675,106,168284,IS
688,1113268,AT&T,104,93,47073,IS
689,6349690,VERIZON,524,182,124901,IS
690,827008,Sunrise,311,59,20779,IS
691,6481353,LYBRA,203,90,55218,IS
692,2900753,T-MOBILE,861,108,121030,IS
693,3657132,LYBRA,602,126,108345,IS
694,3249781,T-MOBILE,570,72,13184,IS
695,2763536,SALT,111,151,66582,IS
696,5259420,Sunrise,861,165,105682,IS
697,4235910,SALT,601,103,113247,IS
698,6487693,AT&T,302,135,199053,IS
699,5953594,VERIZON,670,190,157695,IS
700,4430016,AT&T,225,44,77121,IS
701,2090825,Vodafone,113,168,80468,IS
702,773918,LYBRA,00126,42,167961,IT
703,2032661,AT&T,25088,133,8514,IT
704,2272794,Vodafone,34075,173,117189,IT
705,1739222,SWISSCOM,13871,199,107571,IT
706,3370944,SALT,84135,183,156031,IT
707,2909322,LYBRA,86036,147,58619,IT
708,939039,LYBRA,50037,182,27641,IT
709,3165691,ORANGE,87061,50,156262,IT
710,5083506,SWISSCOM,88025,66,28882,IT
711,1360226,AT&T,26814,107,196271,IT
712,2849888,SALT,00061,149,75063,IT
713,3532374,Sunrise,37026,135,106852,IT
714,3189357,T-MOBILE,82025,72,56055,IT
715,4041720,LYBRA,93010,181,152284,IT
716,6331662,LYBRA,95018,115,86454,IT
717,849517,SALT,25129,139,98457,IT
718,5892564,SALT,41040,147,90937,IT
719,2201646,LYBRA,47841,130,176438,IT
720,2994071,SALT,09081,197,63050,IT
721,995127,AT&T,19138,73,139797,IT
722,6384884,AT&T,33057,145,163783,IT
723,4656993,ORANGE,41059,120,129644,IT
724,1771883,AT&T,00023,65,35065,IT
725,3324022,SWISSCOM,85030,102,76068,IT
726,4792246,AT&T,30135,179,66428,IT
727,6540889,AT&T,37030,133,83278,IT
728,3307947,T-MOBILE,799-1513,142,185762,JP
729,6500176,Vodafone,600-8035,142,133955,JP
730,1305255,LYBRA,781-4217,192,174268,JP
731,4054271,LYBRA,980-6108,97,74866,JP
732,6715686,Vodafone,518-0714,124,57297,JP
733,5253098,AT&T,800-0253,46,195877,JP
734,4252617,LYBRA,412-0043,61,13635,JP
735,6621546,T-MOBILE,300-4354,199,55786,JP
736,3936546,Vodafone,406-0821,164,125102,JP
737,4576853,Sunrise,470-3504,70,193865,JP
738,6535950,VERIZON,689-1432,76,155309,JP
739,5147215,AT&T,088-0877,126,31656,JP
740,5180156,Sunrise,381-0036,103,90337,JP
741,1239413,SWISSCOM,399-6303,115,144822,JP
742,2554111,LYBRA,078-0349,73,167218,JP
743,1413200,VERIZON,520-1233,111,27964,JP
744,1485271,LYBRA,489-0881,165,198472,JP
745,2595724,SALT,462-0023,79,48693,JP
746,2753920,Sunrise,999-6606,53,190668,JP
747,3904828,T-MOBILE,944-0205,145,199097,JP
748,2907050,AT&T,455-0855,192,139558,JP
749,5786743,Vodafone,943-0153,63,132223,JP
750,3003054,LYBRA,038-2705,158,26583,JP
751,2212623,LYBRA,254-0054,142,63049,JP
752,4392263,VERIZON,531-0041,81,47477,JP
753,5170941,AT&T,616-8285,144,87980,JP
754,1089466,AT&T,02872,190,142615,KR
755,4382384,ORANGE,13481,84,27053,KR
756,752460,T-MOBILE,61651,50,23666,KR
757,2927029,AT&T,14616,182,197889,KR
758,4132041,VERIZON,38853,197,66613,KR
759,5685316,LYBRA,32809,131,4578,KR
760,4384199,Sunrise,51188,73,60030,KR
761,2139346,LYBRA,14311,136,94776,KR
762,5082866,Sunrise,11754,116,69011,KR
763,4763421,SWISSCOM,31128,64,7221,KR
764,3152746,Vodafone,54128,191,20770,KR
765,1119657,ORANGE,07411,52,73118,KR
766,3437131,ORANGE,51369,189,26128,KR
767,1702867,SALT,38641,116,188263,KR
768,1356617,LYBRA,48263,197,114469,KR
769,2620463,ORANGE,52324,77,177405,KR
770,2653869,SWISSCOM,48229,71,32333,KR
771,5839993,SALT,39643,168,194319,KR
772,3841341,VERIZON,35069,152,16155,KR
773,2282750,LYBRA,16875,73,43954,KR
774,6316238,ORANGE,55760,174,31363,KR
775,3216932,SWISSCOM,58262,53,7815,KR
776,979583,Sunrise,01698,86,77510,KR
777,5458057,AT&T,08774,179,99106,KR
778,5032058,T-MOBILE,10452,123,78740,KR
779,4754856,Vodafone,11142,61,68534,KR
780,1061005,ORANGE,69013,148,177419,LT
781,5282251,AT&T,08413,108,185199,LT
782,3877941,T-MOBILE,81006,80,6576,LT
783,5186659,T-MOBILE,07156,85,50032,LT
784,2776758,SWISSCOM,99053,57,36968,LT
785,3704405,LYBRA,08444,65,184233,LT
786,933213,LYBRA,89094,71,79891,LT
787,1666744,LYBRA,04216,110,185539,LT
788,2525226,LYBRA,70057,163,113870,LT
789,6228065,Vodafone,96026,95,170486,LT
790,6687317,LYBRA,08124,80,133182,LT
791,1701015,Vodafone,07188,96,69365,LT
792,5662282,ORANGE,09102,187,82143,LT
793,998579,SALT,08448,134,123457,LT
794,2882211,LYBRA,70069,147,192190,LT
795,6058414,Vodafone,80001,77,106719,LT
796,6048851,LYBRA,07186,52,84429,LT
797,3558181,T-MOBILE,98008,118,76750,LT
798,3039522,SWISSCOM,08438,60,15105,LT
799,6270218,Sunrise,89066,69,177933,LT
800,1877244,SALT,07151,113,136251,LT
801,5003131,SALT,08406,135,11949,LT
802,2294643,AT&T,58050,93,154495,LT
803,2222142,Sunrise,89076,183,39016,LT
804,1943729,VERIZON,69037,179,27594,LT
805,3151642,LYBRA,04226,81,78517,LT
806,6880019,T-MOBILE,L-1630,128,15062,LU
807,1944978,AT&T,L-4244,143,129960,LU
808,4047067,LYBRA,L-3272,184,61385,LU
809,4918593,Vodafone,L-6614,187,151747,LU
810,2269623,ORANGE,L-8032,143,116879,LU
811,4585560,ORANGE,L-8620,133,65539,LU
812,6651896,Vodafone,L-4394,89,134892,LU
813,4246171,T-MOBILE,L-1409,71,199859,LU
814,1164458,ORANGE,L-3521,178,76444,LU
815,2912874,ORANGE,L-9805,142,162957,LU
816,5219666,LYBRA,L-8808,90,18930,LU
817,5268973,ORANGE,L-1123,165,31272,LU
818,2219229,AT&T,L-6793,93,21375,LU
819,4878835,LYBRA,L-8007,80,167462,LU
820,3185812,AT&T,L-6463,113,150075,LU
821,4212583,SALT,L-9671,95,35283,LU
822,3897125,Sunrise,L-4402,144,150183,LU
823,4920815,Sunrise,L-3596,40,17544,LU
824,3144203,SWISSCOM,L-4690,140,64918,LU
825,4159973,LYBRA,L-5711,68,60320,LU
826,1517387,SWISSCOM,L-5605,89,7639,LU
827,3093164,SWISSCOM,L-4965,42,30426,LU
828,4945848,T-MOBILE,L-2409,145,199730,LU
829,5888031,SWISSCOM,L-4384,163,166755,LU
830,5973759,AT&T,L-2141,192,102464,LU
831,930980,ORANGE,L-6133,175,34966,LU
832,4438995,SWISSCOM,MD-5715,41,169167,MD
833,3600378,LYBRA,MD-5815,119,113406,MD
834,4456939,AT&T,MD-3514,59,80957,MD
835,4172795,VERIZON,MD-4925,107,60519,MD
836,5564647,SWISSCOM,MD-6641,137,78709,MD
837,6274624,Sunrise,MD-4313,122,60422,MD
838,1099273,T-MOBILE,MD-6522,123,41313,MD
839,6235946,LYBRA,MD-6240,103,60535,MD
840,3595643,Sunrise,MD-4320,63,116850,MD
841,1450184,ORANGE,MD-4829,70,117147,MD
842,5288283,SWISSCOM,MD-4021,148,90080,MD
843,2608530,T-MOBILE,MD-3417,135,145265,MD
844,1438617,Vodafone,MD-3251,86,193241,MD
845,6317819,SWISSCOM,MD-3435,160,163177,MD
846,1251495,SWISSCOM,MD-7414,146,65036,MD
847,2747912,LYBRA,MD-3019,116,155635,MD
848,1304551,T-MOBILE,MD-4119,58,121530,MD
849,4990714,AT&T,MD-4812,140,56620,MD
850,5162795,SALT,MD-5434,190,105197,MD
851,4329926,VERIZON,MD-6234,101,49194,MD
852,1671145,LYBRA,MD-4578,147,152081,MD
853,1605562,ORANGE,MD-4224,167,21258,MD
854,6510112,VERIZON,MD-4215,156,31385,MD
855,3836534,T-MOBILE,MD-5016,178,158482,MD
856,731078,T-MOBILE,MD-4819,126,169002,MD
857,2721782,T-MOBILE,MD-6317,140,61891,MD
858,3703834,SALT,DGL,177,162901,MT
859,5697985,VERIZON,SLZ,145,29598,MT
860,3209660,Sunrise,SGN,130,144211,MT
861,6193958,SALT,PLA,145,121594,MT
862,6776632,Vodafone,XJR,139,59105,MT
863,3822017,LYBRA,BKR,161,137564,MT
864,4534087,AT&T,BKR,130,165480,MT
865,1867589,SALT,MFN,75,63710,MT
866,5110212,ORANGE,VCT,56,181988,MT
867,3083068,T-MOBILE,QRD,154,23491,MT
868,1418664,VERIZON,GXQ,101,121349,MT
869,5614856,VERIZON,FNT,120,105104,MT
870,2269911,ORANGE,MFN,95,45085,MT
871,5407165,T-MOBILE,BML,90,183248,MT
872,2075069,VERIZON,BZN,47,39387,MT
873,3068457,ORANGE,FNT,83,52024,MT
874,5834402,SALT,PBK,199,34214,MT
875,704495,LYBRA,MQB,99,113484,MT
876,3546661,LYBRA,DGL,129,175225,MT
877,2921980,VERIZON,TXN,183,191317,MT
878,4204378,LYBRA,FGR,104,186921,MT
879,6279998,Vodafone,ZBB,103,171643,MT
880,1936016,LYBRA,SWQ,165,90515,MT
881,6020255,ORANGE,QRM,91,156169,MT
882,2819918,VERIZON,GXQ,138,123039,MT
883,4560596,AT&T,XRA,48,196714,MT
884,5828760,SALT,56539,82,187890,MX
885,4354377,LYBRA,45068,175,7492,MX
886,1231987,LYBRA,54435,139,14246,MX
887,3390332,VERIZON,77079,182,12369,MX
888,2511284,AT&T,50665,105,16710,MX
889,6322190,VERIZON,20909,197,70253,MX
890,3350063,Sunrise,68924,171,63099,MX
891,2027515,Vodafone,30437,124,159363,MX
892,3848092,AT&T,89497,172,78859,MX
893,5548776,LYBRA,92997,83,177483,MX
894,5923829,Vodafone,80927,43,154590,MX
895,3581474,ORANGE,96736,163,178912,MX
896,4692700,T-MOBILE,70221,136,31743,MX
897,1282857,Vodafone,62823,175,9105,MX
898,2721576,LYBRA,20264,107,98952,MX
899,2258120,SWISSCOM,68928,42,194842,MX
900,4939490,LYBRA,77923,159,60011,MX
901,3757243,LYBRA,68805,122,7527,MX
902,4424156,AT&T,30524,70,140176,MX
903,4355809,T-MOBILE,82743,180,177880,MX
904,6138248,ORANGE,50716,120,39323,MX
905,2799066,T-MOBILE,83423,95,191718,MX
906,900025,VERIZON,60827,165,163778,MX
907,3198072,VERIZON,30422,171,10176,MX
908,5714797,LYBRA,84515,196,119567,MX
909,3772176,LYBRA,26174,63,65411,MX
910,2675373,Sunrise,80578,68,103331,MY
911,4754797,AT&T,46787,153,95329,MY
912,6458773,LYBRA,93762,154,127456,MY
913,3394771,VERIZON,40576,163,162056,MY
914,2477570,LYBRA,70578,114,65528,MY
915,2027281,Sunrise,70596,131,160879,MY
916,1455036,LYBRA,89809,140,149451,MY
917,5833043,Sunrise,80628,71,57563,MY
918,4368877,Sunrise,88996,192,179771,MY
919,2515629,T-MOBILE,88590,133,72073,MY
920,1215878,T-MOBILE,90731,197,199956,MY
921,1207298,T-MOBILE,91117,64,109095,MY
922,3250641,SWISSCOM,80668,187,97313,MY
923,2547825,SALT,88556,135,132604,MY
924,5725554,ORANGE,93519,125,127720,MY
925,6712736,VERIZON,75582,159,112548,MY
926,4727918,VERIZON,50712,160,61655,MY
927,4503880,SALT,70644,104,69718,MY
928,5412250,SWISSCOM,89009,193,85485,MY
929,5564202,SWISSCOM,94009,102,100548,MY
930,4781886,LYBRA,89747,192,140189,MY
931,4921121,SALT,89259,169,196633,MY
932,3142479,AT&T,88626,194,78313,MY
933,1454412,LYBRA,88869,80,182495,MY
934,4687009,AT&T,15664,193,122213,MY
935,3456264,AT&T,40612,102,56894,MY
936,3737862,LYBRA,9089,169,154267,NL
937,2226407,T-MOBILE,9699,160,80245,NL
938,4785682,Sunrise,5681,174,70066,NL
939,4344350,Sunrise,9067,149,75110,NL
940,4894838,Vodafone,9489,125,185167,NL
941,6717277,AT&T,9845,87,60490,NL
942,6280050,LYBRA,5808,132,156489,NL
943,5779407,VERIZON,7481,84,160683,NL
944,1991818,ORANGE,9976,108,183589,NL
945,4252270,LYBRA,2993,108,49350,NL
946,4560401,VERIZON,9891,68,111438,NL
947,3098655,SWISSCOM,6129,157,13260,NL
948,5954166,AT&T,1444,192,59672,NL
949,2107851,LYBRA,9256,87,119607,NL
950,5662424,LYBRA,9356,59,55226,NL
951,6939938,Sunrise,5926,69,112586,NL
952,4240675,LYBRA,5975,88,64482,NL
953,739298,SWISSCOM,7686,56,97644,NL
954,5006508,ORANGE,9976,100,142835,NL
955,6083152,SWISSCOM,7788,191,170437,NL
956,6497804,SWISSCOM,9646,50,72256,NL
957,3513906,T-MOBILE,1769,140,17562,NL
958,858414,AT&T,2977,161,145602,NL
959,2091553,SWISSCOM,9989,196,125475,NL
960,1109033,AT&T,7048,147,144995,NL
961,6038616,T-MOBILE,7399,66,19934,NL
962,1944923,AT&T,0372,133,171085,NO
963,1532249,LYBRA,0578,170,97205,NO
964,4963907,SALT,0266,105,181089,NO
965,3214910,T-MOBILE,0691,120,153586,NO
966,4547123,T-MOBILE,0450,60,189146,NO
967,5446953,Vodafone,4679,178,159017,NO
968,1521650,LYBRA,0489,129,121431,NO
969,2285662,ORANGE,0495,48,10874,NO
970,2022578,Vodafone,0979,40,152722,NO
971,4319790,LYBRA,0684,61,76906,NO
972,998821,AT&T,7898,162,97985,NO
973,4812416,Sunrise,0971,152,101864,NO
974,1943106,LYBRA,0031,171,48016,NO
975,3698224,SWISSCOM,0132,78,166447,NO
976,1385750,T-MOBILE,5832,140,143732,NO
977,2015321,LYBRA,9195,181,29044,NO
978,6781955,VERIZON,0604,92,62232,NO
979,3847118,ORANGE,5776,198,57251,NO
980,2171685,SALT,4619,44,70236,NO
981,4006165,AT&T,0667,110,96404,NO
982,3980382,VERIZON,2966,117,122927,NO
983,3341217,LYBRA,0595,47,28422,NO
984,5090220,SALT,9195,44,78915,NO
985,5127477,VERIZON,5695,181,30924,NO
986,4541305,VERIZON,5978,51,129601,NO
987,6925246,LYBRA,0213,186,21562,NO
988,4728406,Vodafone,0921,67,52861,PH
989,1031354,Vodafone,0919,150,86599,PH
990,955774,SWISSCOM,0921,149,152359,PH
991,2793392,LYBRA,7308,116,11613,PH
992,1061558,AT&T,1289,160,77227,PH
993,3442152,Vodafone,1282,62,104706,PH
994,1132760,VERIZON,0400,77,63808,PH
995,5948035,ORANGE,0911,57,79815,PH
996,2881937,Sunrise,0927,61,101769,PH
997,1894251,SALT,8119,168,69881,PH
998,5506075,Vodafone,0928,116,126480,PH
999,5159739,Vodafone,7308,65,115495,PH
1000,6251642,VERIZON,0918,93,148218,PH
1001,1014333,T-MOBILE,0911,189,109561,PH
1002,2707375,Sunrise,0929,184,85337,PH
1003,4493706,AT&T,1099,183,197614,PH
1004,2475002,LYBRA,1280,73,62024,PH
1005,4959581,VERIZON,0400,137,87013,PH
1006,6175050,Sunrise,0911,183,129989,PH
1007,2820078,VERIZON,8119,126,198615,PH
1008,2184640,LYBRA,0924,104,143491,PH
1009,5125861,LYBRA,6329,42,115682,PH
1010,3628658,ORANGE,8119,79,141467,PH
1011,3093573,Vodafone,1099,119,173146,PH
1012,4237965,LYBRA,4429,96,18514,PH
1013,4250882,LYBRA,0912,108,100025,PH
1014,2731022,Sunrise,43-256,56,19497,PL
1015,2352127,LYBRA,17-100,44,71302,PL
1016,5635339,SWISSCOM,60-729,134,20277,PL
1017,5316204,T-MOBILE,46-048,127,117567,PL
1018,6173866,VERIZON,15-758,136,125944,PL
1019,2596162,SWISSCOM,04-306,107,189957,PL
1020,2171416,Vodafone,15-092,92,159838,PL
1021,1298731,AT&T,01-652,93,41951,PL
1022,3201650,ORANGE,61-846,82,198311,PL
1023,3574795,AT&T,45-403,196,9378,PL
1024,6916856,SWISSCOM,49-300,99,94922,PL
1025,6798418,VERIZON,40-641,156,107645,PL
1026,5687288,LYBRA,80-774,85,34934,PL
1027,3528553,ORANGE,01-059,89,41280,PL
1028,2886166,SALT,53-145,105,15311,PL
1029,812325,SWISSCOM,43-318,64,95860,PL
1030,6811264,T-MOBILE,21-010,48,119693,PL
1031,5431706,SALT,40-469,45,43470,PL
1032,809228,AT&T,50-073,126,148697,PL
1033,2146575,LYBRA,02-314,189,43933,PL
1034,5546757,Sunrise,52-428,143,183417,PL
1035,5425988,SWISSCOM,53-522,182,66819,PL
1036,3368470,VERIZON,70-798,75,94614,PL
1037,1211681,SALT,81-130,153,163611,PL
1038,3110633,VERIZON,31-420,85,103337,PL
1039,1763428,ORANGE,22-330,55,119070,PL
1040,4205739,SWISSCOM,00957,199,147797,PR
1041,1484662,Sunrise,00682,98,127704,PR
1042,6390137,AT&T,00977,165,106915,PR
1043,4625790,Vodafone,00704,60,109184,PR
1044,5320647,VERIZON,00906,132,144927,PR
1045,4221113,SALT,00966,41,185041,PR
1046,2441196,SWISSCOM,00641,169,193104,PR
1047,1564245,LYBRA,00637,193,120974,PR
1048,5395249,LYBRA,00921,84,163116,PR
1049,2708566,SALT,00616,109,17299,PR
1050,800087,SALT,00969,68,60428,PR
1051,1091118,Sunrise,00963,121,88612,PR
1052,3734760,LYBRA,00771,179,80502,PR
1053,5791341,SALT,00936,70,33275,PR
1054,6103302,AT&T,00924,64,131484,PR
1055,1734084,ORANGE,00912,125,169987,PR
1056,4350331,AT&T,00664,86,150766,PR
1057,2906533,SWISSCOM,00769,66,195675,PR
1058,6781720,T-MOBILE,00731,47,79194,PR
1059,1149558,LYBRA,00778,81,196407,PR
1060,6763597,ORANGE,00924,148,75857,PR
1061,4976845,T-MOBILE,00669,135,126173,PR
1062,2615036,ORANGE,00959,197,49705,PR
1063,6029893,ORANGE,00714,167,136950,PR
1064,960309,T-MOBILE,00957,107,101398,PR
1065,4125627,SWISSCOM,00646,73,40520,PR
1066,5785079,AT&T,3030-040,78,24049,PT
1067,3490668,T-MOBILE,4745-354,131,20432,PT
1068,1338827,Vodafone,3060-611,124,43778,PT
1069,4444141,Sunrise,4615-472,72,93699,PT
1070,2016155,T-MOBILE,4835-060,165,74071,PT
1071,2770638,Vodafone,4700-058,104,130034,PT
1072,2894551,LYBRA,7800-672,110,181308,PT
1073,3264156,Vodafone,5400-834,174,35143,PT
1074,5269855,ORANGE,2485-095,84,178620,PT
1075,4382102,Vodafone,4810-024,157,19333,PT
1076,6344226,SALT,6230-210,134,198085,PT
1077,6210839,LYBRA,3100-316,172,137437,PT
1078,4414012,AT&T,9325-254,56,82928,PT
1079,1095650,Vodafone,2660-426,99,188972,PT
1080,5705744,T-MOBILE,8400-495,42,59239,PT
1081,3816443,VERIZON,4415-921,83,140726,PT
1082,4795989,ORANGE,3105-252,65,137165,PT
1083,1944628,SWISSCOM,2705-075,180,103273,PT
1084,4992982,ORANGE,4455-191,187,39573,PT
1085,2388949,AT&T,2780-003,112,144920,PT
1086,4751608,Vodafone,4455-527,44,94141,PT
1087,5445196,LYBRA,2710-742,173,63727,PT
1088,4549966,T-MOBILE,2425-762,176,79494,PT
1089,2228218,SWISSCOM,4595-375,176,63080,PT
1090,2729608,SALT,2400-151,128,81034,PT
1091,5359864,Sunrise,2820-369,178,82449,PT
1092,5188804,Vodafone,456113,136,60941,RU
1093,3333041,Vodafone,443115,56,59855,RU
1094,2836032,Vodafone,664520,108,86441,RU
1095,2621055,LYBRA,659505,65,38533,RU
1096,2523223,LYBRA,658111,174,130225,RU
1097,3275040,ORANGE,396447,106,9701,RU
1098,4244372,VERIZON,182440,153,6495,RU
1099,4574377,SALT,169212,121,142853,RU
1100,902034,LYBRA,606366,66,27620,RU
1101,1420959,ORANGE,630900,132,12912,RU
1102,4805882,LYBRA,660023,169,147842,RU
1103,6086703,T-MOBILE,164860,91,186132,RU
1104,1996116,LYBRA,414044,83,51983,RU
1105,720348,LYBRA,143344,182,52713,RU
1106,1496466,Sunrise,368620,120,144033,RU
1107,2009936,Sunrise,368811,135,165621,RU
1108,4613770,SALT,397208,49,54012,RU
1109,6206258,LYBRA,181413,150,166055,RU
1110,5597822,AT&T,612836,169,199491,RU
1111,2440841,LYBRA,142271,119,176708,RU
1112,4530187,SALT,606724,54,150198,RU
1113,4598514,LYBRA,393947,69,104050,RU
1114,5531944,T-MOBILE,442464,70,177731,RU
1115,2305222,SWISSCOM,462435,189,104499,RU
1116,5520927,T-MOBILE,215540,59,101751,RU
1117,5337017,Sunrise,140342,180,190619,RU
1118,2362240,SWISSCOM,387 96,65,64859,SE
1119,787561,SWISSCOM,516 20,48,159452,SE
1120,789564,LYBRA,169 36,112,134186,SE
1121,5232823,LYBRA,408 35,42,70595,SE
1122,3700145,SALT,747 32,110,61020,SE
1123,4199210,SWISSCOM,802 50,132,152427,SE
1124,2949308,LYBRA,181 04,127,93327,SE
1125,6767946,Sunrise,110 55,119,141424,SE
1126,2567774,AT&T,521 72,166,165332,SE
1127,6718419,LYBRA,573 91,183,139894,SE
1128,795992,SALT,437 22,135,175831,SE
1129,3158921,LYBRA,961 86,54,29179,SE
1130,4383000,AT&T,682 34,45,100738,SE
1131,3665005,Sunrise,981 31,122,131311,SE
1132,2914871,AT&T,442 81,89,59049,SE
1133,6064195,T-MOBILE,943 23,184,53741,SE
1134,2823870,T-MOBILE,792 93,156,136642,SE
1135,3815684,ORANGE,673 21,181,70550,SE
1136,5585404,Vodafone,114 32,60,168914,SE
1137,6661405,VERIZON,422 58,71,139213,SE
1138,4954674,AT&T,362 00,143,133636,SE
1139,3943027,LYBRA,209 46,129,15724,SE
1140,5572294,AT&T,136 66,63,131587,SE
1141,1360274,Vodafone,891 01,172,174260,SE
1142,4818598,VERIZON,461 12,85,194191,SE
1143,3226122,Vodafone,371 62,67,112727,SE
1144,5202207,Sunrise,829695,119,12525,SG
1145,4344649,SWISSCOM,578522,172,86212,SG
1146,6092449,Sunrise,543296,122,116916,SG
1147,2802955,VERIZON,229836,44,185858,SG
1148,4912798,LYBRA,329021,99,33557,SG
1149,3616915,AT&T,259398,185,29118,SG
1150,3944991,SALT,487170,179,103246,SG
1151,5736615,AT&T,809529,44,173490,SG
1152,3392419,VERIZON,289548,192,97065,SG
1153,5227456,T-MOBILE,425937,117,168673,SG
1154,3327531,SWISSCOM,299268,109,159008,SG
1155,1319573,T-MOBILE,578639,92,69913,SG
1156,5350902,Vodafone,439556,55,181921,SG
1157,4038051,LYBRA,486321,117,97672,SG
1158,5428755,VERIZON,417424,108,100119,SG
1159,4052833,VERIZON,388664,85,50974,SG
1160,3171946,T-MOBILE,488291,107,125836,SG
1161,1226535,Sunrise,466044,118,14163,SG
1162,3295484,ORANGE,546475,104,38868,SG
1163,6836276,AT&T,207913,185,183183,SG
1164,4516815,ORANGE,618374,158,142662,SG
1165,2537429,VERIZON,530432,109,109093,SG
1166,3329290,VERIZON,208273,170,51632,SG
1167,924590,SWISSCOM,455797,176,172998,SG
1168,4488008,LYBRA,298531,165,159214,SG
1169,5197153,ORANGE,289003,162,4806,SG
1170,1520069,T-MOBILE,48375,94,22875,TR
1171,3893945,Sunrise,48363,165,104323,TR
1172,2174148,Vodafone,31835,177,20878,TR
1173,6641992,Sunrise,42538,64,186580,TR
1174,3316418,SWISSCOM,07475,73,181169,TR
1175,5684089,AT&T,35790,163,67907,TR
1176,6275252,LYBRA,34742,136,39785,TR
1177,3140493,AT&T,06863,166,188540,TR
1178,3903023,ORANGE,35725,197,64203,TR
1179,3652757,LYBRA,55860,84,21363,TR
1180,1649668,T-MOBILE,46373,191,19438,TR
1181,4275856,SALT,35476,82,135912,TR
1182,4231302,SWISSCOM,45072,123,169471,TR
1183,3586978,LYBRA,09965,80,34347,TR
1184,6779989,LYBRA,46372,116,138240,TR
1185,822761,AT&T,35476,60,80190,TR
1186,4002499,SALT,42533,142,175280,TR
1187,4950732,Vodafone,20980,63,12526,TR
1188,1332711,SWISSCOM,26576,115,189295,TR
1189,4081544,Vodafone,07475,117,98040,TR
1190,2356993,LYBRA,06824,151,102287,TR
1191,2824055,LYBRA,20325,82,79700,TR
1192,6764702,AT&T,20555,169,186045,TR
1193,980009,LYBRA,10975,90,171809,TR
1194,4658849,LYBRA,20565,84,37269,TR
1195,1469823,SWISSCOM,53740,186,64981,TR
1196,2564548,LYBRA,98852,57,195400,US
1197,5610208,T-MOBILE,03575,87,160884,US
1198,6676347,VERIZON,71858,146,99154,US
1199,1707419,T-MOBILE,77444,179,95587,US
1200,6794325,Vodafone,04476,46,157297,US
1201,6625001,VERIZON,14889,168,180234,US
1202,6329184,LYBRA,13783,46,195657,US
1203,890846,LYBRA,75229,125,156274,US
1204,3138927,SALT,97868,106,191821,US
1205,3223433,SALT,93925,43,165274,US
1206,4597048,Sunrise,43617,107,92881,US
1207,3660588,VERIZON,73093,45,46325,US
1208,6317391,AT&T,60459,99,151651,US
1209,5650043,ORANGE,94177,196,129347,US
1210,6412526,AT&T,71438,136,118066,US
1211,1780752,Sunrise,30711,89,53141,US
1212,2036035,VERIZON,30581,74,71299,US
1213,6407097,Sunrise,05904,192,27839,US
1214,6193941,VERIZON,59485,73,193234,US
1215,741009,VERIZON,95222,175,154587,US
1216,817600,SWISSCOM,73651,100,43276,US
1217,902648,LYBRA,40075,93,29236,US
1218,6346843,AT&T,93792,68,74530,US
1219,2278025,VERIZON,83827,91,177818,US
1220,1343317,AT&T,60688,150,171918,US
1221,5712776,Vodafone,96804,134,113044,US
1222,4798627,T-MOBILE,0848,149,85204,ZA
1223,5829750,Sunrise,1491,100,18682,ZA
1224,4264346,AT&T,0896,120,178712,ZA
1225,1203898,Vodafone,0799,151,171650,ZA
1226,1742187,ORANGE,0386,174,156863,ZA
1227,6296397,Vodafone,0387,91,97457,ZA
1228,2795702,SALT,0043,51,48254,ZA
1229,6080088,Sunrise,0721,167,151075,ZA
1230,1287229,Sunrise,0427,125,118308,ZA
1231,6091330,Sunrise,0062,45,142773,ZA
1232,6217773,T-MOBILE,0003,63,114580,ZA
1233,2962292,LYBRA,0068,160,12455,ZA
1234,6637545,T-MOBILE,0633,41,149959,ZA
1235,6079219,Vodafone,0062,154,155454,ZA
1236,3128695,SWISSCOM,0646,181,126840,ZA
1237,2450390,Sunrise,0393,95,46842,ZA
1238,2886906,T-MOBILE,0499,175,160767,ZA
1239,5864683,Vodafone,0637,176,91086,ZA
1240,5119425,Sunrise,0896,121,195336,ZA
1241,2192723,SALT,0435,68,92873,ZA
1242,6306168,AT&T,0934,139,37021,ZA
1243,6529484,Vodafone,0721,82,155686,ZA
1244,6839515,LYBRA,0937,140,28761,ZA
1245,2999888,Vodafone,0012,70,136124,ZA
1246,5148770,LYBRA,0849,163,85183,ZA
1247,4451709,Sunrise,0937,48,32250,ZA
