Order Date,number_orders,number_items,number_segments,number_subcategory,sales_per_day,year,month,day,log_sales
03/01/2015,1,1,1,1,16.448,2015,1,3,2.800203889
04/01/2015,1,3,1,3,288.06,2015,1,4,5.663168792
05/01/2015,1,1,1,1,19.536,2015,1,5,2.972258917
06/01/2015,3,9,3,6,4407.1,2015,1,6,8.390972156
07/01/2015,1,2,1,2,87.158,2015,1,7,4.467722564
09/01/2015,1,2,1,2,40.544,2015,1,9,3.702387804
10/01/2015,1,2,1,2,54.83,2015,1,10,4.004237489
11/01/2015,1,1,1,1,9.94,2015,1,11,2.296567021
13/01/2015,4,11,2,8,3553.795,2015,1,13,8.175771326
14/01/2015,1,1,1,1,61.96,2015,1,14,4.126489016
15/01/2015,1,1,1,1,149.95,2015,1,15,5.010301905
16/01/2015,1,4,1,4,299.964,2015,1,16,5.703662467
18/01/2015,1,1,1,1,64.864,2015,1,18,4.17229277
19/01/2015,1,4,1,4,378.594,2015,1,19,5.936464391
20/01/2015,4,17,2,9,2673.87,2015,1,20,7.89128214
23/01/2015,1,1,1,1,40.08,2015,1,23,3.690877457
26/01/2015,2,9,2,6,1097.25,2015,1,26,7.000562329
27/01/2015,1,3,1,3,426.67,2015,1,27,6.056010881
28/01/2015,1,1,1,1,3.928,2015,1,28,1.36813039
30/01/2015,1,2,1,2,240.5,2015,1,30,5.48272009
31/01/2015,1,1,1,1,290.666,2015,1,31,5.672174842
01/02/2015,1,1,1,1,468.9,2015,2,1,6.150389526
02/02/2015,2,3,2,3,211.646,2015,2,2,5.354915068
03/02/2015,1,2,1,1,97.112,2015,2,3,4.575864952
04/02/2015,2,3,2,2,134.384,2015,2,4,4.900701373
06/02/2015,2,4,2,3,330.512,2015,2,6,5.800642967
07/02/2015,2,2,1,2,180.32,2015,2,7,5.19473305
08/02/2015,1,1,1,1,14.56,2015,2,8,2.678278043
11/02/2015,2,9,1,7,2043.4,2015,2,11,7.622370366
12/02/2015,1,1,1,1,129.568,2015,2,12,4.86420584
14/02/2015,2,4,2,4,576.726,2015,2,14,6.357367284
15/02/2015,1,1,1,1,21.36,2015,2,15,3.061520014
16/02/2015,1,2,1,2,9.04,2015,2,16,2.201659174
17/02/2015,1,1,1,1,54.208,2015,2,17,3.992828499
18/02/2015,2,2,1,2,37.784,2015,2,18,3.631885733
20/02/2015,2,3,2,3,95.59,2015,2,20,4.560068212
21/02/2015,1,1,1,1,8.85,2015,2,21,2.180417459
22/02/2015,1,1,1,1,19.44,2015,2,22,2.967332799
23/02/2015,1,2,1,2,11.364,2015,2,23,2.430450464
24/02/2015,1,2,1,1,55.672,2015,2,24,4.019477328
27/02/2015,1,1,1,1,19.456,2015,2,27,2.968155506
01/03/2015,5,10,2,7,2203.151,2015,3,1,7.697643887
02/03/2015,1,2,1,2,47.76,2015,3,2,3.866188469
03/03/2015,5,9,3,8,1345.892,2015,3,3,7.204812269
04/03/2015,2,2,1,2,370.452,2015,3,4,5.914723882
05/03/2015,1,5,1,5,705.562,2015,3,5,6.558994648
07/03/2015,3,8,3,4,1561.062,2015,3,7,7.353121638
10/03/2015,2,3,1,3,741.956,2015,3,10,6.609289942
11/03/2015,4,8,2,7,918.314,2015,3,11,6.82253938
14/03/2015,5,11,3,7,2108.55,2015,3,14,7.653755786
15/03/2015,1,5,1,4,370.782,2015,3,15,5.915614289
16/03/2015,1,1,1,1,471.92,2015,3,16,6.15680948
17/03/2015,5,19,2,5,3960.358,2015,3,17,8.284089704
18/03/2015,3,11,1,7,28106.716,2015,3,18,10.24376383
19/03/2015,1,7,1,6,590.762,2015,3,19,6.381413229
21/03/2015,4,11,2,8,4109.816,2015,3,21,8.321133538
22/03/2015,3,5,2,4,464.093,2015,3,22,6.140084963
23/03/2015,2,3,1,3,945.064,2015,3,23,6.85125265
24/03/2015,2,2,1,2,65.38,2015,3,24,4.180216401
25/03/2015,2,5,1,3,459.146,2015,3,25,6.129368242
26/03/2015,3,5,2,5,145.13,2015,3,26,4.977629892
28/03/2015,2,3,2,3,1493.216,2015,3,28,7.308687462
29/03/2015,1,1,1,1,890.841,2015,3,29,6.79216596
30/03/2015,6,9,3,7,1170.322,2015,3,30,7.065034204
31/03/2015,5,9,2,5,1959.552,2015,3,31,7.580471155
01/04/2015,2,4,2,3,119.888,2015,4,1,4.786557974
02/04/2015,3,6,2,4,1458.558,2015,4,2,7.285203555
04/04/2015,4,8,3,7,475.844,2015,4,4,6.165090069
05/04/2015,4,12,3,6,5179.738,2015,4,5,8.552509755
06/04/2015,5,13,2,7,1650.69,2015,4,6,7.408948661
07/04/2015,3,5,3,3,1021.17,2015,4,7,6.928704308
08/04/2015,5,7,3,4,1958.75,2015,4,8,7.580061794
11/04/2015,4,9,2,6,1915.24,2015,4,11,7.55759822
12/04/2015,2,5,2,4,1872.443,2015,4,12,7.534999274
13/04/2015,2,5,2,5,638.576,2015,4,13,6.459240697
15/04/2015,1,2,1,2,294.72,2015,4,15,5.686025753
16/04/2015,1,1,1,1,39.072,2015,4,16,3.665406098
18/04/2015,2,8,1,6,1020.532,2015,4,18,6.928079339
19/04/2015,2,3,2,3,205.47,2015,4,19,5.325300038
20/04/2015,2,4,1,3,1250.45,2015,4,20,7.131258766
21/04/2015,2,2,2,2,845.36,2015,4,21,6.739762572
22/04/2015,1,2,1,2,257.752,2015,4,22,5.551997882
23/04/2015,3,6,2,4,643.98,2015,4,23,6.46766767
25/04/2015,3,6,2,6,2379.994,2015,4,25,7.774853246
26/04/2015,2,4,2,4,282.568,2015,4,26,5.64391923
28/04/2015,4,9,2,6,2578.476,2015,4,28,7.854953806
29/04/2015,4,6,2,5,768.844,2015,4,29,6.644888088
30/04/2015,2,3,1,3,1048.74,2015,4,30,6.955344723
02/05/2015,2,2,1,2,506.12,2015,5,2,6.226773795
03/05/2015,2,3,2,2,72.632,2015,5,3,4.285405596
04/05/2015,4,6,2,5,187.432,2015,5,4,5.233416113
05/05/2015,4,7,2,5,260.977,2015,5,5,5.564432281
06/05/2015,2,3,1,3,254.456,2015,5,6,5.539127933
07/05/2015,1,4,1,4,1091.35,2015,5,7,6.995170741
08/05/2015,1,1,1,1,1799.97,2015,5,8,7.495525277
09/05/2015,2,6,2,4,394.48,2015,5,9,5.977568442
10/05/2015,3,8,1,7,2343.799,2015,5,10,7.759528396
11/05/2015,5,8,3,7,1642.802,2015,5,11,7.4041586
12/05/2015,2,2,1,2,734.846,2015,5,12,6.599660953
13/05/2015,4,6,3,6,898.382,2015,5,13,6.800595368
14/05/2015,1,1,1,1,310.88,2015,5,14,5.739406986
16/05/2015,2,2,2,2,289.28,2015,5,16,5.667395077
17/05/2015,1,1,1,1,91.68,2015,5,17,4.518304253
18/05/2015,2,3,1,3,944.964,2015,5,18,6.851146832
19/05/2015,2,2,1,2,91.62,2015,5,19,4.517649588
20/05/2015,2,7,1,6,320.104,2015,5,20,5.768645943
21/05/2015,4,10,3,7,4264.328,2015,5,21,8.358039886
22/05/2015,1,2,1,1,180.93,2015,5,22,5.198110216
23/05/2015,3,7,1,6,323.758,2015,5,23,5.779996323
24/05/2015,1,1,1,1,116.28,2015,5,24,4.756001076
25/05/2015,2,3,1,3,119.54,2015,5,25,4.783651043
26/05/2015,4,8,3,6,1325.718,2015,5,26,7.189709478
27/05/2015,3,5,2,5,2157.394,2015,5,27,7.676656291
28/05/2015,2,3,2,3,221.968,2015,5,28,5.402533227
30/05/2015,5,8,2,6,1924.913,2015,5,30,7.562636051
31/05/2015,1,2,1,1,773.7,2015,5,31,6.651184202
01/06/2015,4,11,3,8,5188.52,2015,6,1,8.554203772
02/06/2015,2,5,2,5,738.598,2015,6,2,6.604753795
03/06/2015,2,2,2,2,531.16,2015,6,3,6.275063294
04/06/2015,2,5,2,4,456.272,2015,6,4,6.123089123
06/06/2015,5,9,3,7,1374.001,2015,6,6,7.225482201
07/06/2015,2,2,2,2,281.397,2015,6,7,5.639766484
08/06/2015,3,4,2,3,2501.264,2015,6,8,7.824551483
09/06/2015,5,16,3,9,5463.008,2015,6,9,8.605754833
10/06/2015,1,1,1,1,491.55,2015,6,10,6.197563664
13/06/2015,1,1,1,1,14.52,2015,6,13,2.675527009
14/06/2015,1,1,1,1,212.94,2015,6,14,5.361010436
15/06/2015,2,4,2,4,942.974,2015,6,15,6.849038711
16/06/2015,2,4,1,4,763.792,2015,6,16,6.638295501
17/06/2015,2,4,1,4,3356.486,2015,6,17,8.118649872
18/06/2015,1,1,1,1,139.8,2015,6,18,4.94021283
20/06/2015,2,9,1,8,1828.9496,2015,6,20,7.511497092
21/06/2015,7,18,1,10,4107.443,2015,6,21,8.320555973
22/06/2015,4,7,1,5,1975.498,2015,6,22,7.588575797
23/06/2015,2,3,1,3,109.496,2015,6,23,4.695888019
24/06/2015,1,1,1,1,4.272,2015,6,24,1.452082102
25/06/2015,2,4,1,3,792.76,2015,6,25,6.675520528
27/06/2015,1,3,1,3,616.14,2015,6,27,6.42347421
28/06/2015,2,6,2,4,1645.791,2015,6,28,7.405976399
29/06/2015,2,2,1,2,46.68,2015,6,29,3.843315807
30/06/2015,6,8,2,4,739.624,2015,6,30,6.606141949
01/07/2015,2,3,1,2,601.024,2015,7,1,6.398634867
02/07/2015,1,2,1,2,79.56,2015,7,2,4.376511454
04/07/2015,2,4,2,3,247.408,2015,7,4,5.511038796
05/07/2015,5,10,3,7,1444.104,2015,7,5,7.275244339
06/07/2015,2,2,2,2,1038.472,2015,7,6,6.945505681
07/07/2015,1,2,1,2,241.194,2015,7,7,5.485601589
08/07/2015,2,3,2,3,763.074,2015,7,8,6.637355012
09/07/2015,3,9,2,6,265.521,2015,7,9,5.581693934
11/07/2015,3,9,2,6,2022.356,2015,7,11,7.612018447
12/07/2015,5,12,3,9,1960.012,2015,7,12,7.580705875
13/07/2015,1,1,1,1,351.216,2015,7,13,5.861401419
14/07/2015,5,9,3,6,292.594,2015,7,14,5.678785983
15/07/2015,1,2,1,2,9.51,2015,7,15,2.252343877
18/07/2015,2,2,2,2,273.04,2015,7,18,5.609618305
19/07/2015,2,5,2,3,461.326,2015,7,19,6.134104951
20/07/2015,5,15,3,7,2285.786,2015,7,20,7.734465227
21/07/2015,3,8,2,7,1961.482,2015,7,21,7.581455589
22/07/2015,4,8,2,5,1348.344,2015,7,22,7.206632452
23/07/2015,3,9,2,5,2613.184,2015,7,23,7.86832468
25/07/2015,2,5,2,4,8341.29,2015,7,25,9.02897316
26/07/2015,5,15,2,8,5039.994,2015,7,26,8.525160171
27/07/2015,3,3,2,3,580.06,2015,7,27,6.363131546
28/07/2015,1,3,1,3,193.152,2015,7,28,5.263477444
30/07/2015,1,1,1,1,1367.84,2015,7,30,7.220988132
01/08/2015,3,6,3,6,228.328,2015,8,1,5.430783192
02/08/2015,1,3,1,3,886.28,2015,8,2,6.787032928
03/08/2015,3,6,2,5,477.994,2015,8,3,6.16959818
04/08/2015,2,9,2,7,2743.154,2015,8,4,7.916863632
05/08/2015,5,12,2,8,2408.724,2015,8,5,7.786852426
06/08/2015,2,2,1,1,262.89,2015,8,6,5.571735694
08/08/2015,5,13,2,8,3955.629,2015,8,8,8.282894907
09/08/2015,6,9,3,5,3605.685,2015,8,9,8.190267046
11/08/2015,2,4,1,4,451.62,2015,8,11,6.112841118
12/08/2015,3,9,3,9,1545.73,2015,8,12,7.34325157
15/08/2015,3,4,1,3,337.5,2015,8,15,5.82156551
16/08/2015,1,1,1,1,853.092,2015,8,16,6.748867396
17/08/2015,2,5,1,4,500.342,2015,8,17,6.215291865
19/08/2015,5,7,2,6,1439.106,2015,8,19,7.271777366
20/08/2015,2,4,2,3,1838.722,2015,8,20,7.516826044
22/08/2015,3,3,2,3,23.104,2015,8,22,3.140005763
23/08/2015,4,10,3,5,565.224,2015,8,23,6.337222113
24/08/2015,3,4,1,3,59.74,2015,8,24,4.090001813
25/08/2015,5,14,2,8,1451.65,2015,8,25,7.280456119
26/08/2015,3,6,2,4,366.81,2015,8,26,5.904844003
27/08/2015,3,7,2,6,2070.13,2015,8,27,7.635366686
29/08/2015,2,5,2,4,832.3225,2015,8,29,6.724219986
30/08/2015,1,2,1,2,121.24,2015,8,30,4.797772052
31/08/2015,1,1,1,1,92.52,2015,8,31,4.527424837
01/09/2015,3,5,1,4,469.436,2015,9,1,6.151531974
02/09/2015,7,9,2,7,3254.15,2015,9,2,8.087686384
03/09/2015,2,2,2,2,22.08,2015,9,3,3.094672221
05/09/2015,2,2,1,2,296.304,2015,9,5,5.691385954
06/09/2015,1,2,1,2,100.36,2015,9,6,4.608763721
07/09/2015,7,25,3,12,3523.875,2015,9,7,8.167316515
08/09/2015,11,27,3,10,14228.428,2015,9,8,9.562997214
09/09/2015,6,13,3,9,4043.588,2015,9,9,8.304887696
10/09/2015,3,5,2,5,1855.228,2015,9,10,7.525762879
11/09/2015,1,1,1,1,127.95,2015,9,11,4.851639563
12/09/2015,6,11,3,8,4904.66,2015,9,12,8.497941053
13/09/2015,7,15,3,10,1275.408,2015,9,13,7.151021406
14/09/2015,6,19,2,11,5023.716,2015,9,14,8.521925178
15/09/2015,2,3,2,2,133.436,2015,9,15,4.893621962
16/09/2015,1,1,1,1,33.552,2015,9,16,3.513096474
17/09/2015,5,14,2,8,820.523,2015,9,17,6.709941942
19/09/2015,7,9,3,5,9338.637,2015,9,19,9.141915589
20/09/2015,8,18,3,11,5335.968,2015,9,20,8.582225591
21/09/2015,7,16,3,9,2679.652,2015,9,21,7.893442214
22/09/2015,4,8,2,6,1240.266,2015,9,22,7.123081152
23/09/2015,7,12,3,6,10662.337,2015,9,23,9.274472904
24/09/2015,1,1,1,1,211.96,2015,9,24,5.356397578
25/09/2015,2,5,1,5,354.8888,2015,9,25,5.871804501
26/09/2015,7,12,3,7,1326.79,2015,9,26,7.19051777
27/09/2015,2,3,2,3,773.44,2015,9,27,6.650848098
28/09/2015,3,4,2,3,490.292,2015,9,28,6.195001132
29/09/2015,5,19,3,9,8109.07,2015,9,29,9.000738467
30/09/2015,6,6,2,4,987.532,2015,9,30,6.895208901
01/10/2015,1,1,1,1,4.71,2015,10,1,1.549687908
02/10/2015,1,7,1,6,598.144,2015,10,2,6.393831528
03/10/2015,5,13,3,10,862.683,2015,10,3,6.7600473
04/10/2015,3,4,1,3,728.748,2015,10,4,6.591327993
05/10/2015,2,2,1,2,191.9,2015,10,5,5.256974403
06/10/2015,4,4,2,3,494.71,2015,10,6,6.203971732
07/10/2015,2,2,2,2,237.36,2015,10,7,5.469577976
08/10/2015,2,2,1,2,147.392,2015,10,8,4.993095704
09/10/2015,2,3,2,3,249.36,2015,10,9,5.518897635
10/10/2015,5,10,3,7,2049.386,2015,10,10,7.625295515
11/10/2015,5,9,3,6,1381.164,2015,10,11,7.230681901
12/10/2015,2,3,2,3,58.53,2015,10,12,4.069539443
13/10/2015,4,11,3,8,2212.182,2015,10,13,7.701734638
14/10/2015,4,10,2,7,4525.484,2015,10,14,8.417479812
15/10/2015,2,3,1,3,206.724,2015,10,15,5.33138457
16/10/2015,1,2,1,2,194.322,2015,10,16,5.269516577
17/10/2015,2,3,1,3,136.068,2015,10,17,4.913154761
18/10/2015,4,9,2,6,3134.916,2015,10,18,8.050357658
19/10/2015,3,7,3,4,641.104,2015,10,19,6.46319169
20/10/2015,3,8,3,6,1501.104,2015,10,20,7.313956116
21/10/2015,3,6,2,5,1356.602,2015,10,21,7.212738323
22/10/2015,2,2,2,1,223.808,2015,10,22,5.410788541
24/10/2015,3,3,2,3,56.49,2015,10,24,4.034063631
25/10/2015,2,3,2,2,103.882,2015,10,25,4.64325564
26/10/2015,1,2,1,2,447.88,2015,10,26,6.104525339
27/10/2015,1,2,1,1,22.32,2015,10,27,3.105483138
28/10/2015,2,6,1,5,1510.582,2015,10,28,7.320250286
29/10/2015,2,3,2,3,2813.812,2015,10,29,7.942295427
31/10/2015,5,19,3,10,5362.026,2015,10,31,8.587097168
01/11/2015,8,17,3,8,4637.816,2015,11,1,8.441998845
02/11/2015,6,11,3,6,2126.37,2015,11,2,7.66217158
03/11/2015,8,14,3,9,2784.163,2015,11,3,7.931702569
04/11/2015,6,15,3,12,6693.748,2015,11,4,8.808929235
05/11/2015,4,8,2,5,1694.564,2015,11,5,7.43518076
07/11/2015,5,12,2,8,1302.454,2015,11,7,7.172005456
08/11/2015,1,1,1,1,333.576,2015,11,8,5.809870725
09/11/2015,2,7,2,5,1574.094,2015,11,9,7.361435148
10/11/2015,2,12,1,8,2002.556,2015,11,10,7.602179644
11/11/2015,8,23,3,10,7836.978,2015,11,11,8.96660858
12/11/2015,4,9,2,7,901.6492,2015,11,12,6.804225531
14/11/2015,5,8,3,4,1034.73,2015,11,14,6.941895802
15/11/2015,4,8,2,7,1780.822,2015,11,15,7.484830334
16/11/2015,5,10,3,8,1355.9285,2015,11,16,7.212241738
17/11/2015,7,13,3,10,11544.274,2015,11,17,9.353944835
18/11/2015,9,20,2,8,3406.855,2015,11,18,8.133544857
19/11/2015,7,13,3,7,7226.086,2015,11,19,8.885452813
20/11/2015,1,4,1,4,907.56,2015,11,20,6.81075968
21/11/2015,4,9,2,6,1249.622,2015,11,21,7.130596385
22/11/2015,5,8,3,4,1103.298,2015,11,22,7.006059155
23/11/2015,7,12,3,7,1363.28,2015,11,23,7.21764884
24/11/2015,10,18,3,9,5572.864,2015,11,24,8.625664384
25/11/2015,6,16,3,11,4415.695,2015,11,25,8.392920519
26/11/2015,5,14,3,7,1705.99,2015,11,26,7.441900866
27/11/2015,2,2,2,2,203.66,2015,11,27,5.316451937
28/11/2015,7,13,3,11,2280.83,2015,11,28,7.732294691
29/11/2015,4,5,2,3,649.044,2015,11,29,6.475500511
30/11/2015,3,4,2,4,219.154,2015,11,30,5.389774679
01/12/2015,6,12,2,6,5624.39,2015,12,1,8.634867777
02/12/2015,6,14,2,9,1771.808,2015,12,2,7.479755773
03/12/2015,2,2,2,2,505.88,2015,12,3,6.226299487
04/12/2015,1,1,1,1,129.98,2015,12,4,4.867380592
05/12/2015,7,16,2,9,2963.642,2015,12,5,7.994174196
06/12/2015,5,11,2,7,1970.978,2015,12,6,7.586285145
07/12/2015,4,4,2,3,548.4,2015,12,7,6.307004948
08/12/2015,4,13,2,9,1095.12,2015,12,8,6.998619225
09/12/2015,5,8,2,5,1522.652,2015,12,9,7.32820883
10/12/2015,2,5,2,3,573.336,2015,12,10,6.351471932
12/12/2015,5,9,2,6,4938.4045,2015,12,12,8.504797582
13/12/2015,5,6,2,4,293.152,2015,12,13,5.680691246
14/12/2015,5,9,2,7,7641.658,2015,12,14,8.941369874
15/12/2015,4,5,2,3,1264.466,2015,12,15,7.142405178
16/12/2015,7,13,3,7,4065.595,2015,12,16,8.310315383
17/12/2015,2,2,1,2,45.534,2015,12,17,3.8184593
19/12/2015,4,12,2,9,3436.76,2015,12,19,8.142284446
20/12/2015,10,24,3,10,6962.44,2015,12,20,8.848285267
21/12/2015,3,4,2,3,1933.44,2015,12,21,7.567056079
22/12/2015,4,6,2,4,798.968,2015,12,22,6.683320895
23/12/2015,4,9,2,6,942.108,2015,12,23,6.848119918
24/12/2015,5,11,3,7,1950.202,2015,12,24,7.575688236
26/12/2015,7,15,3,9,2041.414,2015,12,26,7.621397984
27/12/2015,9,16,3,9,2966.388,2015,12,27,7.99510033
28/12/2015,2,4,1,4,2682.326,2015,12,28,7.894439608
29/12/2015,7,16,3,9,2072.096,2015,12,29,7.636315934
30/12/2015,7,13,2,8,2172.651,2015,12,30,7.68370336
31/12/2015,7,14,2,9,5253.27,2015,12,31,8.566606019
02/01/2016,2,8,1,8,1932.096,2016,1,2,7.566360703
03/01/2016,2,4,2,4,1768.2216,2016,1,3,7.477729575
04/01/2016,2,3,1,3,264.46,2016,1,4,5.577690011
05/01/2016,3,6,2,5,295.272,2016,1,5,5.687896965
06/01/2016,1,2,1,2,31.538,2016,1,6,3.451193168
09/01/2016,1,4,1,3,364.07,2016,1,9,5.897346157
10/01/2016,1,1,1,1,1018.104,2016,1,10,6.925697353
12/01/2016,2,5,1,4,747.496,2016,1,12,6.616728954
13/01/2016,2,4,2,3,622.278,2016,1,13,6.433386938
17/01/2016,3,3,3,3,350.384,2016,1,17,5.859029696
19/01/2016,1,2,1,2,301.742,2016,1,19,5.709572348
23/01/2016,1,2,1,2,43.66,2016,1,23,3.776432351
24/01/2016,1,1,1,1,13.12,2016,1,24,2.574137784
26/01/2016,1,1,1,1,182.72,2016,1,26,5.207954926
27/01/2016,2,4,1,2,3573.252,2016,1,27,8.181231385
28/01/2016,1,1,1,1,4297.644,2016,1,28,8.365822245
30/01/2016,2,3,1,3,2161.64,2016,1,30,7.678622472
31/01/2016,1,3,1,3,99.26,2016,1,31,4.59774267
03/02/2016,5,6,2,5,492.836,2016,2,3,6.200176461
06/02/2016,4,9,2,7,2432.544,2016,2,6,7.796692902
07/02/2016,1,2,1,2,324.11,2016,2,7,5.781082964
08/02/2016,2,4,1,4,129.092,2016,2,8,4.860525328
09/02/2016,4,5,2,4,785.552,2016,2,9,6.666386655
10/02/2016,1,1,1,1,77.24,2016,2,10,4.346917458
14/02/2016,2,7,1,4,1079.962,2016,2,14,6.984681134
15/02/2016,2,8,2,5,1602.38,2016,2,15,7.379245303
16/02/2016,2,3,2,2,160.43,2016,2,16,5.07785771
18/02/2016,2,3,2,2,105.844,2016,2,18,4.661966312
20/02/2016,2,2,1,2,316.78,2016,2,20,5.758207527
21/02/2016,2,2,1,2,2591.1,2016,2,21,7.859837775
22/02/2016,1,1,1,1,79.36,2016,2,22,4.373994463
23/02/2016,1,2,1,2,37.776,2016,2,23,3.63167398
25/02/2016,1,2,1,2,25.87,2016,2,25,3.253083996
27/02/2016,3,5,2,5,1159.271,2016,2,27,7.055546638
28/02/2016,1,2,1,1,551.264,2016,2,28,6.312213823
01/03/2016,5,7,2,6,1642.1744,2016,3,1,7.403776496
02/03/2016,2,3,2,3,899.57,2016,3,2,6.801916871
05/03/2016,7,16,2,9,1969.267,2016,3,5,7.585416671
06/03/2016,1,2,1,2,1555.244,2016,3,6,7.349387725
07/03/2016,1,4,1,3,807.54,2016,3,7,6.693992589
08/03/2016,4,8,2,7,2563.296,2016,3,8,7.849049209
09/03/2016,2,3,2,3,478.008,2016,3,9,6.169627469
10/03/2016,2,2,2,2,90.932,2016,3,10,4.510111974
12/03/2016,2,4,2,3,51.016,2016,3,12,3.932139309
13/03/2016,2,3,2,3,1384.856,2016,3,13,7.233351442
14/03/2016,2,3,1,3,707.9,2016,3,14,6.562302841
15/03/2016,1,1,1,1,16.776,2016,3,15,2.819949294
16/03/2016,6,10,3,8,7230.21,2016,3,16,8.88602336
17/03/2016,1,2,1,2,48.84,2016,3,17,3.888549649
19/03/2016,6,11,3,8,5203.89,2016,3,19,8.557161702
20/03/2016,3,4,2,4,102.52,2016,3,20,4.630057901
21/03/2016,1,3,1,3,1270.379,2016,3,21,7.14707056
22/03/2016,5,10,2,7,2481.424,2016,3,22,7.816587868
23/03/2016,4,6,2,5,633.302,2016,3,23,6.450947402
24/03/2016,3,3,2,3,412.95,2016,3,24,6.02332652
26/03/2016,2,3,2,2,131.16,2016,3,26,4.876417952
27/03/2016,1,1,1,1,83.7,2016,3,27,4.427238977
28/03/2016,3,5,1,3,243.344,2016,3,28,5.49447608
29/03/2016,5,8,2,6,1559.08,2016,3,29,7.351851183
30/03/2016,2,3,2,3,571.224,2016,3,30,6.347781427
31/03/2016,2,3,1,3,200.716,2016,3,31,5.301890974
02/04/2016,4,6,2,5,299.22,2016,4,2,5.701179089
04/04/2016,2,9,2,7,1484.598,2016,4,4,7.302899308
05/04/2016,5,13,3,10,2974.058,2016,4,5,7.997682629
06/04/2016,2,6,1,4,140.004,2016,4,6,4.941670994
07/04/2016,3,5,2,5,907.436,2016,4,7,6.81062304
09/04/2016,3,3,1,3,757.992,2016,4,9,6.630672831
10/04/2016,2,3,2,3,169.542,2016,4,10,5.133100684
11/04/2016,3,7,1,6,1328.346,2016,4,11,7.191689838
13/04/2016,8,15,3,9,3192.678,2016,4,13,8.068615342
14/04/2016,1,1,1,1,35.208,2016,4,14,3.56127333
16/04/2016,5,14,2,10,4161.972,2016,4,16,8.333744279
17/04/2016,2,8,1,6,2745.106,2016,4,17,7.917574969
18/04/2016,6,18,3,9,2006.96,2016,4,18,7.604376418
19/04/2016,1,2,1,2,329.96,2016,4,19,5.798971435
20/04/2016,3,5,2,4,1194.726,2016,4,20,7.085672149
21/04/2016,1,4,1,4,893.09,2016,4,21,6.79468736
22/04/2016,1,2,1,2,152.916,2016,4,22,5.029888751
24/04/2016,1,1,1,1,25.99,2016,4,24,3.257711849
25/04/2016,5,7,2,6,920.946,2016,4,25,6.825401403
26/04/2016,4,10,2,7,2090.1055,2016,4,26,7.644969822
27/04/2016,2,5,2,5,2719.59,2016,4,27,7.908236413
28/04/2016,2,5,2,3,4044.362,2016,4,28,8.305079091
29/04/2016,1,1,1,1,7.968,2016,4,29,2.07543352
30/04/2016,4,9,3,5,1571.695,2016,4,30,7.359909934
01/05/2016,3,7,2,6,450.94,2016,5,1,6.111334293
02/05/2016,1,2,1,2,167.232,2016,5,2,5.11938207
03/05/2016,4,13,2,8,2198.76,2016,5,3,7.695648844
04/05/2016,4,4,1,3,1121.362,2016,5,4,7.022299297
07/05/2016,2,3,1,2,305.622,2016,5,7,5.722349044
08/05/2016,5,11,3,8,3981.968,2016,5,8,8.289531448
09/05/2016,1,1,1,1,48.81,2016,5,9,3.88793521
10/05/2016,2,3,2,3,154.442,2016,5,10,5.039818621
11/05/2016,1,1,1,1,191.968,2016,5,11,5.257328691
12/05/2016,5,8,1,5,1060.35,2016,5,12,6.966354321
13/05/2016,1,2,1,2,238.384,2016,5,13,5.473882819
14/05/2016,3,12,3,8,3141.1995,2016,5,14,8.052360012
15/05/2016,2,2,1,2,69.908,2016,5,15,4.247180092
16/05/2016,1,1,1,1,255.968,2016,5,16,5.545052437
17/05/2016,1,2,1,2,47.368,2016,5,17,3.857946895
18/05/2016,1,1,1,1,10.86,2016,5,18,2.385086315
20/05/2016,1,2,1,2,169.544,2016,5,20,5.13311248
21/05/2016,3,3,2,2,72.332,2016,5,21,4.281266632
22/05/2016,1,4,1,4,3862.098,2016,5,22,8.258965838
23/05/2016,4,6,3,5,1304.956,2016,5,23,7.173924603
24/05/2016,1,2,1,2,610.307,2016,5,24,6.413962109
25/05/2016,5,8,3,8,1739.418,2016,5,25,7.461305853
26/05/2016,3,8,2,6,982.564,2016,5,26,6.890165482
28/05/2016,4,9,2,6,794.146,2016,5,28,6.677267323
29/05/2016,3,7,2,7,1119.786,2016,5,29,7.020892875
30/05/2016,2,4,2,3,681.1,2016,5,30,6.523709138
31/05/2016,8,17,3,9,5178.138,2016,5,31,8.552200811
01/06/2016,3,7,3,4,834.198,2016,6,1,6.726470784
04/06/2016,3,6,2,5,1192.31,2016,6,4,7.083647881
05/06/2016,2,2,1,2,1533.198,2016,6,5,7.335111029
07/06/2016,2,4,2,3,59.768,2016,6,7,4.090470401
08/06/2016,1,2,1,2,145.504,2016,6,8,4.980203578
09/06/2016,4,7,2,5,797.116,2016,6,9,6.681000214
11/06/2016,2,13,2,8,3373.564,2016,6,11,8.123725031
12/06/2016,4,5,2,4,174.476,2016,6,12,5.161787196
13/06/2016,5,10,3,5,1128.898,2016,6,13,7.028997215
14/06/2016,1,1,1,1,51.072,2016,6,14,3.933236402
15/06/2016,3,6,2,5,734.144,2016,6,15,6.598705195
16/06/2016,3,6,1,5,3443.904,2016,6,16,8.144360991
18/06/2016,5,14,3,7,1883.087,2016,6,18,7.54066773
19/06/2016,4,6,2,6,446.346,2016,6,19,6.101094436
20/06/2016,3,4,3,3,829.544,2016,6,20,6.720876152
21/06/2016,1,1,1,1,107.976,2016,6,21,4.68190898
22/06/2016,3,3,2,3,2018.953,2016,6,22,7.610334339
23/06/2016,3,7,2,5,836.958,2016,6,23,6.72977389
25/06/2016,4,10,2,6,857.08,2016,6,25,6.753531263
26/06/2016,4,7,3,6,1592.196,2016,6,26,7.372869474
28/06/2016,2,4,1,4,1126.156,2016,6,28,7.026565343
29/06/2016,4,4,2,4,432.926,2016,6,29,6.070566813
02/07/2016,5,13,3,7,1631.902,2016,7,2,7.397501485
03/07/2016,2,5,2,4,823.982,2016,7,3,6.714148685
04/07/2016,3,3,2,3,1138.288,2016,7,4,7.037280658
05/07/2016,4,7,3,5,121.646,2016,7,5,4.801115187
06/07/2016,4,7,3,6,1379.812,2016,7,6,7.229702537
08/07/2016,1,1,1,1,21.12,2016,7,8,3.050220459
09/07/2016,5,14,2,10,1587.114,2016,7,9,7.369672552
10/07/2016,2,2,1,1,43.286,2016,7,10,3.767829257
11/07/2016,3,11,2,7,1941.952,2016,7,11,7.571448932
12/07/2016,2,8,1,5,2052.567,2016,7,12,7.626846484
13/07/2016,3,5,3,3,2033.256,2016,7,13,7.617393728
14/07/2016,1,4,1,4,860.916,2016,7,14,6.757996939
16/07/2016,3,7,2,5,3029.386,2016,7,16,8.016115238
17/07/2016,3,4,2,3,448.082,2016,7,17,6.104976251
18/07/2016,2,2,2,2,525.72,2016,7,18,6.264768752
19/07/2016,1,1,1,1,2.025,2016,7,19,0.705569701
20/07/2016,2,10,1,7,2693.168,2016,7,20,7.898473475
23/07/2016,2,3,2,3,208.272,2016,7,23,5.338844918
24/07/2016,1,4,1,3,525.95,2016,7,24,6.265206151
25/07/2016,4,8,3,8,2395.024,2016,7,25,7.781148531
26/07/2016,4,6,2,5,958.857,2016,7,26,6.86574195
27/07/2016,1,1,1,1,29.97,2016,7,27,3.400196881
30/07/2016,3,5,3,5,443.802,2016,7,30,6.095378517
31/07/2016,3,5,2,4,3712.162,2016,7,31,8.219369735
01/08/2016,1,2,1,2,1011.696,2016,8,1,6.919383409
02/08/2016,3,7,2,7,1290.478,2016,8,2,7.162767971
05/08/2016,1,4,1,4,72.65,2016,8,5,4.28565339
06/08/2016,2,5,1,4,494.8692,2016,8,6,6.204293485
07/08/2016,6,8,3,6,968.206,2016,8,7,6.875444875
08/08/2016,2,6,1,4,760.112,2016,8,8,6.633465791
09/08/2016,5,17,3,11,4878.392,2016,8,9,8.492570936
10/08/2016,3,7,2,5,851.474,2016,8,10,6.746968965
11/08/2016,2,3,2,3,196.112,2016,8,11,5.278685925
13/08/2016,6,6,2,4,586.896,2016,8,13,6.374847632
15/08/2016,2,3,2,2,497.59,2016,8,15,6.209776445
16/08/2016,3,13,2,9,3378.932,2016,8,16,8.125314962
17/08/2016,2,5,2,4,381.64,2016,8,17,5.944477756
21/08/2016,5,16,2,9,2827.52,2016,8,21,7.947155281
22/08/2016,2,2,2,2,66.632,2016,8,22,4.199184943
23/08/2016,2,11,1,6,1202.278,2016,8,23,7.09197337
24/08/2016,6,14,2,9,7194.775,2016,8,24,8.881110347
25/08/2016,2,5,2,4,178.526,2016,8,25,5.184734249
27/08/2016,3,5,2,5,639.974,2016,8,27,6.461427551
28/08/2016,4,10,2,7,6491.293,2016,8,28,8.778217019
29/08/2016,1,2,1,2,246.5,2016,8,29,5.507361993
31/08/2016,4,7,3,6,2601.797,2016,8,31,7.863957639
01/09/2016,2,7,2,5,2367.564,2016,9,1,7.769616857
03/09/2016,8,14,3,10,1874.898,2016,9,3,7.536309537
04/09/2016,4,7,2,4,1071.284,2016,9,4,6.976613208
05/09/2016,4,9,3,5,934.103,2016,9,5,6.839586711
06/09/2016,7,9,2,7,919.674,2016,9,6,6.824019259
07/09/2016,7,14,3,8,2922.667,2016,9,7,7.980251835
08/09/2016,2,3,2,3,89.64,2016,9,8,4.495801649
10/09/2016,7,9,2,8,1415.726,2016,9,10,7.255397753
11/09/2016,5,13,3,8,1962.13,2016,9,11,7.581785897
12/09/2016,3,9,1,8,707.824,2016,9,12,6.562195475
13/09/2016,5,8,1,6,2109.42,2016,9,13,7.654168307
14/09/2016,5,7,3,4,3262.42,2016,9,14,8.09022453
15/09/2016,5,14,2,9,2535.85,2016,9,15,7.838284166
16/09/2016,1,1,1,1,31.12,2016,9,16,3.437850699
17/09/2016,7,23,3,12,11525.006,2016,9,17,9.352274388
18/09/2016,6,14,3,8,3924.32,2016,9,18,8.274948367
19/09/2016,6,6,3,6,500.38,2016,9,19,6.21536781
20/09/2016,5,7,2,3,1836.052,2016,9,20,7.515372893
21/09/2016,7,20,3,11,6982.058,2016,9,21,8.851098995
22/09/2016,5,11,3,9,1783.504,2016,9,22,7.486335248
24/09/2016,9,18,3,10,4180.614,2016,9,24,8.338213405
25/09/2016,11,21,3,9,3033.757,2016,9,25,8.017557064
26/09/2016,7,20,3,9,3722.273,2016,9,26,8.222089782
27/09/2016,5,10,3,6,2382.958,2016,9,27,7.776097852
28/09/2016,4,11,2,6,1058.364,2016,9,28,6.964479599
01/10/2016,4,6,3,4,1158.414,2016,10,1,7.054807107
02/10/2016,9,15,3,8,1269.266,2016,10,2,7.14619406
03/10/2016,3,6,2,4,275.218,2016,10,3,5.617563511
04/10/2016,3,4,3,4,505.58,2016,10,4,6.225706285
05/10/2016,5,7,3,6,851.092,2016,10,5,6.746520231
08/10/2016,3,3,2,2,222.12,2016,10,8,5.403217776
09/10/2016,5,12,2,9,2133.535,2016,10,9,7.665535507
10/10/2016,3,3,2,3,1855.008,2016,10,10,7.525644288
11/10/2016,2,3,1,3,1011.8955,2016,10,11,6.919580584
12/10/2016,4,11,2,8,2390.758,2016,10,12,7.779365749
13/10/2016,1,2,1,2,371.66,2016,10,13,5.917979458
15/10/2016,5,8,2,6,3219.554,2016,10,15,8.07699812
16/10/2016,1,1,1,1,824.97,2016,10,16,6.715347022
17/10/2016,1,1,1,1,77.88,2016,10,17,4.355169181
18/10/2016,2,5,2,5,378.494,2016,10,18,5.936200221
19/10/2016,4,6,3,5,2135.09,2016,10,19,7.666264079
20/10/2016,3,5,2,4,720.086,2016,10,20,6.579370649
22/10/2016,2,2,1,2,15.128,2016,10,22,2.716547331
23/10/2016,5,15,2,8,2262.296,2016,10,23,7.724135506
24/10/2016,3,5,2,4,831.145,2016,10,24,6.722804268
25/10/2016,4,6,2,4,1425.412,2016,10,25,7.262216174
26/10/2016,3,8,1,6,1395.333,2016,10,26,7.240888375
28/10/2016,1,4,1,3,104.51,2016,10,28,4.649282761
29/10/2016,1,2,1,2,244.24,2016,10,29,5.498151348
30/10/2016,4,7,3,5,2122.044,2016,10,30,7.660135054
31/10/2016,5,17,3,11,3211.009,2016,10,31,8.074340497
01/11/2016,7,12,3,8,3106.106,2016,11,1,8.041125131
02/11/2016,7,11,3,8,5528.551,2016,11,2,8.617681035
03/11/2016,3,5,2,5,2800.846,2016,11,3,7.937676793
05/11/2016,7,8,2,6,834.874,2016,11,5,6.727280815
06/11/2016,1,2,1,2,11.481,2016,11,6,2.440693495
07/11/2016,6,13,2,9,2357.873,2016,11,7,7.76551522
08/11/2016,10,26,3,12,7792.097,2016,11,8,8.960865294
09/11/2016,6,13,2,8,4620.292,2016,11,9,8.438213186
10/11/2016,4,8,3,6,3536.904,2016,11,10,8.171007047
11/11/2016,1,2,1,2,542.178,2016,11,11,6.295594361
12/11/2016,4,11,2,7,1127.992,2016,11,12,7.02819434
13/11/2016,9,18,2,7,2867.9132,2016,11,13,7.961339936
14/11/2016,6,13,3,8,2512.71,2016,11,14,7.829117131
15/11/2016,4,8,2,5,702.17,2016,11,15,6.55417554
16/11/2016,5,12,2,8,4072.334,2016,11,16,8.311971578
17/11/2016,3,11,1,6,3885.986,2016,11,17,8.265132027
19/11/2016,3,4,3,4,1040.784,2016,11,19,6.947729554
20/11/2016,13,25,3,11,2861.15,2016,11,20,7.958978921
21/11/2016,8,21,2,13,3613.5748,2016,11,21,8.192452811
22/11/2016,9,14,2,9,614.499,2016,11,22,6.420807302
23/11/2016,3,10,2,7,3450.188,2016,11,23,8.146184001
24/11/2016,3,10,1,6,1218.764,2016,11,24,7.105592509
25/11/2016,1,1,1,1,13.12,2016,11,25,2.574137784
26/11/2016,3,6,1,5,1484.082,2016,11,26,7.302551678
27/11/2016,8,17,3,9,3109.7835,2016,11,27,8.042308389
28/11/2016,8,13,3,8,1864.482,2016,11,28,7.530738546
29/11/2016,5,10,3,7,2760.168,2016,11,29,7.923046826
30/11/2016,8,15,3,8,1798.397,2016,11,30,7.494650992
01/12/2016,7,14,3,7,7130.594,2016,12,1,8.87214982
03/12/2016,7,12,3,8,1972.645,2016,12,3,7.587130561
04/12/2016,7,16,2,7,5185.814,2016,12,4,8.5536821
05/12/2016,8,12,3,8,897.322,2016,12,5,6.799414772
06/12/2016,12,24,3,11,6061.502,2016,12,6,8.709712903
07/12/2016,5,9,2,8,1338.298,2016,12,7,7.199153936
08/12/2016,4,6,2,4,2672.728,2016,12,8,7.890854953
09/12/2016,1,1,1,1,34.02,2016,12,9,3.526948587
10/12/2016,8,20,3,9,3080.38,2016,12,10,8.032808245
11/12/2016,7,18,2,10,1590.894,2016,12,11,7.372051401
12/12/2016,8,14,2,10,1448.854,2016,12,12,7.278528178
13/12/2016,4,9,3,6,1023.386,2016,12,13,6.930872016
14/12/2016,7,8,3,5,488.744,2016,12,14,6.191838835
15/12/2016,4,9,3,7,5494.796,2016,12,15,8.611556741
16/12/2016,1,1,1,1,4.98,2016,12,16,1.605429891
17/12/2016,3,12,1,6,1918.492,2016,12,17,7.55929474
18/12/2016,5,7,3,7,935.288,2016,12,18,6.840854503
19/12/2016,7,14,3,8,6120.656,2016,12,19,8.719424559
20/12/2016,8,11,3,9,1107.464,2016,12,20,7.009827996
21/12/2016,6,11,3,8,3257.76,2016,12,21,8.088795122
22/12/2016,2,3,2,3,473.313,2016,12,22,6.159756903
23/12/2016,1,1,1,1,194.32,2016,12,23,5.269506285
24/12/2016,7,19,2,11,7484.566,2016,12,24,8.920598313
25/12/2016,8,16,3,10,4204.968,2016,12,25,8.344021962
26/12/2016,4,4,2,4,561.486,2016,12,26,6.330586841
27/12/2016,10,22,3,11,5148.4472,2016,12,27,8.546450434
28/12/2016,2,2,1,2,79.2,2016,12,28,4.371976299
30/12/2016,1,5,1,5,3251.34,2016,12,30,8.086822498
31/12/2016,5,11,2,5,1381.344,2016,12,31,7.230812217
02/01/2017,1,2,1,2,405.92,2017,1,2,6.006156096
03/01/2017,3,6,2,5,2095.83,2017,1,3,7.647704935
04/01/2017,2,3,1,3,1069.22,2017,1,4,6.97468469
05/01/2017,1,3,1,3,255.904,2017,1,5,5.544802374
07/01/2017,2,3,2,3,83.576,2017,1,7,4.425756398
08/01/2017,2,5,2,4,1859.158,2017,1,8,7.527878976
09/01/2017,2,3,1,3,743.046,2017,1,9,6.610757954
10/01/2017,2,3,2,2,174.75,2017,1,10,5.163356381
11/01/2017,2,4,1,3,149.444,2017,1,11,5.006921741
14/01/2017,1,2,1,2,405.344,2017,1,14,6.004736089
15/01/2017,4,8,2,6,701.923,2017,1,15,6.553823711
16/01/2017,1,2,1,2,102.218,2017,1,16,4.627107788
17/01/2017,2,4,2,2,1040.55,2017,1,17,6.947504698
21/01/2017,1,2,1,1,1167.056,2017,1,21,7.062239617
22/01/2017,7,11,3,9,917.63,2017,1,22,6.821794259
23/01/2017,1,1,1,1,59.99,2017,1,23,4.094177882
24/01/2017,1,1,1,1,31.36,2017,1,24,3.445533195
25/01/2017,2,6,1,6,858.712,2017,1,25,6.755433592
28/01/2017,1,1,1,1,39.68,2017,1,28,3.680847282
30/01/2017,5,10,2,8,3107.316,2017,1,30,8.04151461
31/01/2017,4,6,3,4,1601.554,2017,1,31,7.378729687
01/02/2017,2,2,1,2,161.97,2017,2,1,5.087411133
02/02/2017,3,5,2,4,8996.784,2017,2,2,9.104622459
03/02/2017,1,1,1,1,866.4,2017,2,3,6.764346696
04/02/2017,3,3,2,3,197.868,2017,2,4,5.287600142
05/02/2017,2,15,2,9,2994.476,2017,2,5,8.004524537
06/02/2017,1,1,1,1,132.224,2017,2,6,4.884497454
07/02/2017,3,4,2,4,762.142,2017,2,7,6.63613289
08/02/2017,2,2,2,2,1369.476,2017,2,8,7.222183464
09/02/2017,1,2,1,1,121.83,2017,2,9,4.80262663
11/02/2017,1,1,1,1,69.93,2017,2,11,4.247494742
12/02/2017,1,2,1,2,1366.04,2017,2,12,7.219671322
13/02/2017,1,1,1,1,146.82,2017,2,13,4.989207347
14/02/2017,2,5,1,4,837.921,2017,2,14,6.730923824
15/02/2017,1,2,1,2,407.072,2017,2,15,6.008990074
16/02/2017,4,9,2,7,1135.638,2017,2,16,7.034949887
19/02/2017,3,5,2,5,392.66,2017,2,19,5.972944097
20/02/2017,1,1,1,1,16.496,2017,2,20,2.803117927
21/02/2017,4,11,2,5,1524.126,2017,2,21,7.32917641
22/02/2017,2,4,2,4,983.17,2017,2,22,6.890782045
23/02/2017,1,1,1,1,57.576,2017,2,23,4.053105814
25/02/2017,1,1,1,1,46.72,2017,2,25,3.844172339
27/02/2017,3,3,1,3,243.892,2017,2,27,5.496725504
28/02/2017,2,2,2,2,147.584,2017,2,28,4.994397505
01/03/2017,2,5,2,5,6285.806,2017,3,1,8.746049355
03/03/2017,6,15,2,11,7264.422,2017,3,3,8.890744013
04/03/2017,4,4,3,4,315.45,2017,3,4,5.754000191
05/03/2017,1,2,1,2,162.344,2017,3,5,5.089717541
06/03/2017,2,7,2,5,811.303,2017,3,6,6.698641597
07/03/2017,1,1,1,1,21.072,2017,3,7,3.047945145
08/03/2017,6,13,3,9,2190.81,2017,3,8,7.692026617
09/03/2017,2,5,2,5,635.6,2017,3,9,6.454569435
10/03/2017,5,7,3,6,7879.734,2017,3,10,8.972049426
11/03/2017,4,6,3,5,896.022,2017,3,11,6.797964966
12/03/2017,4,7,2,5,1694.642,2017,3,12,7.435226788
13/03/2017,6,20,3,11,8866.882,2017,3,13,9.090078492
14/03/2017,5,7,2,6,669.368,2017,3,14,6.506333984
15/03/2017,3,5,2,4,1805.992,2017,3,15,7.498865304
17/03/2017,4,7,1,6,2360.334,2017,3,17,7.766558413
18/03/2017,2,2,1,2,1061.682,2017,3,18,6.967609722
19/03/2017,3,4,2,3,138.68,2017,3,19,4.932169121
20/03/2017,4,7,3,5,928.311,2017,3,20,6.833366806
21/03/2017,2,5,2,4,645.706,2017,3,21,6.470344292
22/03/2017,2,2,2,2,226.468,2017,3,22,5.422603655
24/03/2017,3,4,2,4,745.774,2017,3,24,6.614422605
25/03/2017,2,2,2,2,1346.97,2017,3,25,7.205612904
26/03/2017,3,5,2,4,682.246,2017,3,26,6.525390297
27/03/2017,1,3,1,2,92.7,2017,3,27,4.529368473
28/03/2017,2,3,2,2,125.3,2017,3,28,4.830710862
29/03/2017,3,9,2,6,2659.339,2017,3,29,7.885832875
30/03/2017,1,1,1,1,11.34,2017,3,30,2.428336298
31/03/2017,2,3,1,3,640.762,2017,3,31,6.462658093
01/04/2017,7,17,3,10,2161.48,2017,4,1,7.678548451
02/04/2017,1,1,1,1,1454.9,2017,4,2,7.282692449
03/04/2017,3,4,2,4,441.198,2017,4,3,6.089493754
04/04/2017,3,6,2,6,970.194,2017,4,4,6.877496052
05/04/2017,2,3,2,3,1046.334,2017,4,5,6.953047905
07/04/2017,4,4,2,4,1900.302,2017,4,7,7.5497681
08/04/2017,8,18,2,10,2906.404,2017,4,8,7.974671857
09/04/2017,3,4,3,3,1115.197,2017,4,9,7.01678635
10/04/2017,4,8,2,5,950.594,2017,4,10,6.857087052
12/04/2017,4,11,2,6,1542.53,2017,4,12,7.341179205
13/04/2017,1,1,1,1,6.12,2017,4,13,1.811562097
14/04/2017,4,5,1,3,1466.572,2017,4,14,7.290682984
15/04/2017,4,8,3,7,2201.856,2017,4,15,7.69705592
16/04/2017,4,7,2,7,9335.086,2017,4,16,9.141535269
17/04/2017,4,5,3,4,421.085,2017,4,17,6.042834714
18/04/2017,4,9,3,8,2514.538,2017,4,18,7.829844368
19/04/2017,3,15,2,7,1414.132,2017,4,19,7.254271194
21/04/2017,3,6,2,5,271.616,2017,4,21,5.604389304
22/04/2017,5,10,2,7,1765.465,2017,4,22,7.476169391
23/04/2017,4,8,2,5,720.368,2017,4,23,6.579762193
24/04/2017,3,5,2,4,1607.1,2017,4,24,7.382186592
25/04/2017,1,3,1,2,108.42,2017,4,25,4.686012574
26/04/2017,1,1,1,1,434.646,2017,4,26,6.074531907
28/04/2017,4,5,3,5,486.672,2017,4,28,6.187590385
30/04/2017,3,3,3,2,142.208,2017,4,30,4.957290775
01/05/2017,2,6,1,5,517.866,2017,5,1,6.249716522
02/05/2017,5,8,1,5,767.316,2017,5,2,6.642898711
03/05/2017,2,9,1,8,1099.013,2017,5,3,7.002167783
05/05/2017,8,12,3,6,2701.28,2017,5,5,7.901481014
06/05/2017,4,7,2,6,236.96,2017,5,6,5.467891351
07/05/2017,1,6,1,6,4835.976,2017,5,7,8.483838249
08/05/2017,3,7,2,4,1340.244,2017,5,8,7.200606966
09/05/2017,7,12,3,8,1283.512,2017,5,9,7.15735535
10/05/2017,3,3,2,3,763.02,2017,5,10,6.637284243
11/05/2017,1,1,1,1,5.98,2017,5,11,1.788420568
12/05/2017,5,7,2,7,918.878,2017,5,12,6.823153361
14/05/2017,3,9,2,6,455.93,2017,5,14,6.122339289
15/05/2017,4,6,2,3,648.912,2017,5,15,6.475297114
16/05/2017,3,4,1,4,880.46,2017,5,16,6.780444498
17/05/2017,3,9,2,6,346.922,2017,5,17,5.849099971
18/05/2017,1,2,1,2,122.22,2017,5,18,4.805822699
19/05/2017,5,9,2,6,1582.008,2017,5,19,7.366450205
20/05/2017,4,5,2,3,2471.913,2017,5,20,7.812747624
21/05/2017,5,7,2,5,2718.214,2017,5,21,7.907730326
22/05/2017,3,8,2,6,1799.2,2017,5,22,7.495097401
23/05/2017,4,7,2,5,10560.978,2017,5,23,9.264921167
24/05/2017,2,3,1,3,277.756,2017,5,24,5.62674303
25/05/2017,1,3,1,3,1311.97,2017,5,25,7.179285103
26/05/2017,6,18,2,11,1975.356,2017,5,26,7.588503914
27/05/2017,3,7,2,4,5305.078,2017,5,27,8.576419754
28/05/2017,5,10,3,9,2137.324,2017,5,28,7.667309858
29/05/2017,2,5,1,4,1063.185,2017,5,29,6.969024399
30/05/2017,10,25,3,13,8090.578,2017,5,30,8.998455454
31/05/2017,2,6,1,5,438.859,2017,5,31,6.084178177
02/06/2017,2,4,1,3,157.844,2017,6,2,5.061607204
04/06/2017,3,12,1,7,2316.523,2017,6,4,7.747822634
05/06/2017,4,8,3,6,659.82,2017,6,5,6.491967071
06/06/2017,6,15,3,6,5477.352,2017,6,6,8.608377051
07/06/2017,3,4,1,3,51.562,2017,6,7,3.942784967
09/06/2017,4,4,2,4,1688.472,2017,6,9,7.431579257
10/06/2017,2,4,1,3,1412.396,2017,6,10,7.253042832
11/06/2017,4,8,2,5,1623.416,2017,6,11,7.39228785
12/06/2017,8,22,3,11,2962.563,2017,6,12,7.993810051
13/06/2017,3,3,2,3,430.438,2017,6,13,6.064803295
14/06/2017,6,10,3,6,3457.099,2017,6,14,8.148185077
15/06/2017,1,1,1,1,173.488,2017,6,15,5.156108433
16/06/2017,3,3,2,3,147.275,2017,6,16,4.992301587
17/06/2017,7,18,2,11,3000.92,2017,6,17,8.006674187
18/06/2017,2,4,2,3,541.938,2017,6,18,6.295151604
19/06/2017,1,1,1,1,17.12,2017,6,19,2.840247371
20/06/2017,6,17,3,9,1229.548,2017,6,20,7.114401901
21/06/2017,2,4,2,2,577.108,2017,6,21,6.358029424
23/06/2017,4,11,1,6,2475.094,2017,6,23,7.814033654
24/06/2017,4,6,2,4,5310.952,2017,6,24,8.577526383
25/06/2017,3,6,2,5,893.266,2017,6,25,6.794884409
26/06/2017,9,16,3,9,1919.6,2017,6,26,7.55987211
27/06/2017,2,3,2,3,778.706,2017,6,27,6.657633568
28/06/2017,3,8,2,5,877.156,2017,6,28,6.776684856
29/06/2017,1,1,1,1,191.88,2017,6,29,5.256870177
30/06/2017,2,3,2,3,1352.95,2017,6,30,7.210042673
01/07/2017,4,8,2,5,1724.376,2017,7,1,7.452620525
02/07/2017,3,4,2,3,772.786,2017,7,2,6.650002167
03/07/2017,3,4,2,3,847.7,2017,7,3,6.7425268
04/07/2017,2,7,2,5,1651.301,2017,7,4,7.409318741
07/07/2017,6,15,3,10,3882.231,2017,7,7,8.264165267
08/07/2017,5,11,2,6,2616.512,2017,7,8,7.869597412
09/07/2017,1,2,1,2,573.286,2017,7,9,6.35138472
10/07/2017,4,5,3,4,895.895,2017,7,10,6.797823219
12/07/2017,1,1,1,1,95.76,2017,7,12,4.561845061
14/07/2017,10,18,2,11,2149.96,2017,7,14,7.673204516
15/07/2017,2,3,2,3,380.2,2017,7,15,5.94069743
16/07/2017,4,12,2,9,910.17,2017,7,16,6.813631395
17/07/2017,5,17,2,8,2184.88,2017,7,17,7.689316186
18/07/2017,6,12,3,8,2891.858,2017,7,18,7.969654481
19/07/2017,2,8,2,7,1536.454,2017,7,19,7.337232443
20/07/2017,1,1,1,1,89.95,2017,7,20,4.49925396
21/07/2017,4,9,2,6,991.095,2017,7,21,6.898810393
22/07/2017,5,12,3,9,1368.048,2017,7,22,7.221140185
23/07/2017,4,10,3,7,654.587,2017,7,23,6.484004502
24/07/2017,2,2,2,2,326.964,2017,7,24,5.789850073
25/07/2017,9,14,3,12,4979.308,2017,7,25,8.513046205
28/07/2017,4,8,2,7,2033.374,2017,7,28,7.617451761
29/07/2017,3,4,2,2,819.154,2017,7,29,6.7082721
30/07/2017,3,4,3,4,1770.776,2017,7,30,7.479173148
31/07/2017,2,5,2,4,2174.158,2017,7,31,7.684396742
01/08/2017,3,4,2,4,1124.648,2017,8,1,7.025225377
02/08/2017,1,3,1,3,482.584,2017,8,2,6.179154999
03/08/2017,1,2,1,2,248.82,2017,8,3,5.516729743
04/08/2017,3,8,3,5,497.91,2017,8,4,6.210419338
05/08/2017,1,1,1,1,197.05,2017,8,5,5.283457504
06/08/2017,3,3,2,3,320.388,2017,8,6,5.769532761
07/08/2017,1,1,1,1,179.97,2017,8,7,5.19279017
08/08/2017,4,7,2,5,1115.204,2017,8,8,7.016792627
09/08/2017,2,5,2,4,661.354,2017,8,9,6.494289249
11/08/2017,1,3,1,2,151.82,2017,8,11,5.022695609
12/08/2017,6,7,3,6,3951.9605,2017,8,12,8.281967064
13/08/2017,5,10,2,7,731.524,2017,8,13,6.595130029
14/08/2017,3,6,2,4,923.688,2017,8,14,6.828374352
15/08/2017,5,10,2,8,1680.266,2017,8,15,7.426707393
16/08/2017,3,3,2,3,204.54,2017,8,16,5.320763555
17/08/2017,1,1,1,1,15.712,2017,8,17,2.754424752
18/08/2017,4,6,3,5,496.114,2017,8,18,6.206805739
19/08/2017,1,3,1,1,448.792,2017,8,19,6.106559529
20/08/2017,1,1,1,1,14.78,2017,8,20,2.693274916
21/08/2017,4,11,2,7,4225.118,2017,8,21,8.348802468
22/08/2017,6,8,3,6,405.35,2017,8,22,6.004750891
23/08/2017,4,16,3,11,4187.348,2017,8,23,8.339822877
26/08/2017,12,20,3,9,4874.298,2017,8,26,8.491731373
27/08/2017,4,13,2,8,767.911,2017,8,27,6.643673841
28/08/2017,3,6,2,4,322.0248,2017,8,28,5.774628561
29/08/2017,4,9,2,8,632.188,2017,8,29,6.449186818
30/08/2017,2,7,1,6,1656.87,2017,8,30,7.412685559
31/08/2017,1,1,1,1,23.968,2017,8,31,3.176719607
01/09/2017,6,20,3,10,5766.152,2017,9,1,8.659760239
02/09/2017,10,26,2,14,6792.193,2017,9,2,8.823529143
03/09/2017,9,13,3,7,2365.596,2017,9,3,7.768785278
04/09/2017,7,16,2,9,1707.812,2017,9,4,7.442968298
05/09/2017,19,38,3,13,5226.348,2017,9,5,8.561468034
06/09/2017,5,8,2,8,1313.536,2017,9,6,7.180478016
08/09/2017,10,21,3,11,4493.9836,2017,9,8,8.410494803
09/09/2017,3,3,2,2,84.992,2017,9,9,4.442557134
10/09/2017,6,11,3,7,2094.324,2017,9,10,7.646986107
11/09/2017,8,16,3,9,6402.018,2017,9,11,8.764368532
12/09/2017,6,15,3,9,2043.792,2017,9,12,7.622562185
13/09/2017,1,10,1,7,2374.73,2017,9,13,7.772639026
14/09/2017,2,3,2,3,1137.338,2017,9,14,7.036445723
15/09/2017,5,7,2,4,2101.182,2017,9,15,7.650255323
16/09/2017,3,4,2,4,425.886,2017,9,16,6.054171705
17/09/2017,9,14,3,9,2043.126,2017,9,17,7.622236267
18/09/2017,8,15,2,9,4751.082,2017,9,18,8.466127661
19/09/2017,9,16,3,7,3839.312,2017,9,19,8.253048463
20/09/2017,5,10,3,7,1232.004,2017,9,20,7.116397391
22/09/2017,9,11,3,7,418.062,2017,9,22,6.035629747
23/09/2017,7,13,3,9,1322.145,2017,9,23,7.187010697
24/09/2017,8,12,3,6,2286.05,2017,9,24,7.734580716
25/09/2017,7,13,2,11,2384.003,2017,9,25,7.776536287
26/09/2017,10,17,3,10,2698.1665,2017,9,26,7.900327747
27/09/2017,4,5,2,5,1992.9858,2017,9,27,7.597389195
28/09/2017,1,1,1,1,99.136,2017,9,28,4.596492645
29/09/2017,7,9,3,6,1271.552,2017,9,29,7.147993481
30/09/2017,2,2,1,2,525.884,2017,9,30,6.265080656
01/10/2017,5,8,1,8,781.414,2017,10,1,6.661105099
02/10/2017,3,7,2,5,18452.972,2017,10,2,9.822980721
03/10/2017,4,7,3,5,1680.696,2017,10,3,7.426963272
04/10/2017,4,7,3,7,5912.782,2017,10,4,8.684871727
06/10/2017,2,5,2,3,830.4,2017,10,6,6.721907512
07/10/2017,5,5,3,5,973.712,2017,10,7,6.881115572
08/10/2017,4,4,3,4,561.536,2017,10,8,6.330675886
09/10/2017,3,5,2,4,546.92,2017,10,9,6.304302539
10/10/2017,2,5,1,5,252.361,2017,10,10,5.530860602
11/10/2017,1,2,1,1,33.064,2017,10,11,3.498445077
13/10/2017,4,19,2,10,1650.618,2017,10,13,7.408905042
14/10/2017,4,10,2,6,3335.888,2017,10,14,8.11249419
15/10/2017,3,13,2,6,1620.15,2017,10,15,7.390274017
16/10/2017,1,1,1,1,142.182,2017,10,16,4.957107927
17/10/2017,4,6,2,4,2953.346,2017,10,17,7.990694044
18/10/2017,1,1,1,1,307.92,2017,10,18,5.729840009
20/10/2017,6,10,3,8,946.174,2017,10,20,6.852426484
21/10/2017,11,19,3,11,7877.272,2017,10,21,8.97173693
22/10/2017,3,5,2,3,188.28,2017,10,22,5.237930217
23/10/2017,3,4,2,3,467.422,2017,10,23,6.14723249
24/10/2017,5,6,3,3,1365.498,2017,10,24,7.219274476
25/10/2017,1,1,1,1,783.96,2017,10,25,6.664357999
27/10/2017,5,9,3,6,978.79,2017,10,27,6.886317115
28/10/2017,8,17,2,6,2899.021,2017,10,28,7.972128373
29/10/2017,3,4,2,4,131.154,2017,10,29,4.876372205
30/10/2017,3,4,2,3,159.002,2017,10,30,5.068916781
31/10/2017,5,8,2,5,3750.499,2017,10,31,8.229644177
01/11/2017,3,4,3,4,453.374,2017,11,1,6.116717392
03/11/2017,8,24,3,11,3802.796,2017,11,3,8.243491865
04/11/2017,10,20,3,11,3888.818,2017,11,4,8.265860534
05/11/2017,9,19,3,10,4266.8988,2017,11,5,8.358642566
06/11/2017,3,7,3,4,773.256,2017,11,6,6.650610171
07/11/2017,11,19,3,10,3810.464,2017,11,7,8.245506245
08/11/2017,1,2,1,2,993.9,2017,11,8,6.901636598
09/11/2017,1,1,1,1,479.97,2017,11,9,6.173723602
10/11/2017,14,35,3,11,4723.478,2017,11,10,8.460300672
11/11/2017,9,19,3,9,4944.296,2017,11,11,8.505989868
12/11/2017,5,16,3,11,4914.938,2017,11,12,8.500034418
13/11/2017,9,13,3,8,2945.138,2017,11,13,7.987910954
14/11/2017,9,16,1,10,2774.062,2017,11,14,7.928067951
15/11/2017,4,5,2,4,2145.718,2017,11,15,7.671229507
16/11/2017,2,2,1,2,36.72,2017,11,16,3.603321566
17/11/2017,3,4,2,4,142.684,2017,11,17,4.960632395
18/11/2017,8,12,3,9,3958.932,2017,11,18,8.283729571
19/11/2017,7,18,3,9,638.462,2017,11,19,6.459062159
20/11/2017,10,22,3,11,3070.333,2017,11,20,8.029541304
21/11/2017,7,12,3,8,1176.891,2017,11,21,7.070631495
22/11/2017,4,10,3,5,317.044,2017,11,22,5.759040566
23/11/2017,1,3,1,2,100.616,2017,11,23,4.611311291
24/11/2017,13,27,3,13,6394.538,2017,11,24,8.763199467
25/11/2017,7,12,3,8,7978.551,2017,11,25,8.984512095
26/11/2017,9,16,3,10,8329.743,2017,11,26,9.027587882
27/11/2017,7,10,2,7,1305.769,2017,11,27,7.174547418
28/11/2017,4,11,2,6,3428.372,2017,11,28,8.139840792
29/11/2017,2,2,2,2,300.592,2017,11,29,5.705753864
30/11/2017,2,5,1,4,970.142,2017,11,30,6.877442453
01/12/2017,12,23,3,11,7365.455,2017,12,1,8.904556106
02/12/2017,7,17,3,8,4684.616,2017,12,2,8.452039228
03/12/2017,6,16,1,11,5269.816,2017,12,3,8.569750726
04/12/2017,4,9,2,5,944.286,2017,12,4,6.850429086
05/12/2017,9,13,3,8,5138.934,2017,12,5,8.544600944
06/12/2017,3,11,2,5,2859.974,2017,12,6,7.958567813
08/12/2017,8,15,3,10,4709.095,2017,12,8,8.457251024
09/12/2017,9,17,2,9,1855.483,2017,12,9,7.525900319
10/12/2017,7,13,3,7,3453.23,2017,12,10,8.147065304
11/12/2017,9,28,3,12,6102.25,2017,12,11,8.716412835
12/12/2017,4,10,3,8,1874.045,2017,12,12,7.535854475
13/12/2017,3,4,2,4,1194.088,2017,12,13,7.085137993
14/12/2017,3,9,2,7,828.654,2017,12,14,6.719802698
15/12/2017,5,7,3,6,2637.087,2017,12,15,7.877430178
16/12/2017,5,5,3,5,628.542,2017,12,16,6.443402852
17/12/2017,5,7,3,5,12185.134,2017,12,17,9.407971963
18/12/2017,9,21,3,12,7051.35,2017,12,18,8.860974367
19/12/2017,4,7,2,4,815.112,2017,12,19,6.703325527
20/12/2017,3,4,2,4,134.54,2017,12,20,4.901861553
22/12/2017,4,8,2,3,1043.128,2017,12,22,6.94997917
23/12/2017,8,20,3,11,6965.857,2017,12,23,8.848775922
24/12/2017,5,8,3,7,1938.26,2017,12,24,7.569545942
25/12/2017,8,19,2,9,10488.055,2017,12,25,9.25799227
26/12/2017,7,13,2,9,1829.418,2017,12,26,7.511753162
27/12/2017,6,7,3,5,959.49,2017,12,27,6.866401893
29/12/2017,8,12,3,8,1277.68,2017,12,29,7.152801212
30/12/2017,6,8,3,7,773.774,2017,12,30,6.651279841
31/12/2017,5,7,2,5,731.768,2017,12,31,6.595463524
01/01/2018,4,10,2,6,1481.828,2018,1,1,7.30103174
02/01/2018,3,8,2,7,2079.554,2018,1,2,7.639908727
03/01/2018,2,3,1,3,2070.272,2018,1,3,7.635435279
06/01/2018,1,1,1,1,33.74,2018,1,6,3.518684077
07/01/2018,3,6,2,5,3395.59,2018,1,7,8.13023281
08/01/2018,1,1,1,1,892.98,2018,1,8,6.794564184
09/01/2018,1,1,1,1,274.491,2018,1,9,5.614918474
12/01/2018,3,4,2,4,848.52,2018,1,12,6.743493655
13/01/2018,1,4,1,4,4619.33,2018,1,13,8.438004952
14/01/2018,4,10,2,6,697.338,2018,1,14,6.547270229
15/01/2018,4,8,2,5,2140.28,2018,1,15,7.668691941
16/01/2018,2,5,2,5,6230.292,2018,1,16,8.737178481
19/01/2018,2,5,1,5,1376.535,2018,1,19,7.227324751
20/01/2018,5,6,2,4,767.838,2018,1,20,6.643578773
21/01/2018,4,14,2,7,2546.643,2018,1,21,7.8425313
22/01/2018,2,6,2,5,4212.372,2018,1,22,8.345781188
23/01/2018,3,7,2,5,450.334,2018,1,23,6.10998953
24/01/2018,2,4,2,4,418.666,2018,1,24,6.037073466
26/01/2018,4,6,2,6,3055.28,2018,1,26,8.02462652
27/01/2018,2,4,1,3,331.914,2018,1,27,5.804875899
28/01/2018,3,4,2,3,1007.52,2018,1,28,6.915247145
29/01/2018,4,6,1,4,158.642,2018,1,29,5.066650091
30/01/2018,6,16,3,8,3749.335,2018,1,30,8.22933377
02/02/2018,3,9,2,8,913.354,2018,2,2,6.817123538
03/02/2018,3,8,2,4,922.327,2018,2,3,6.826899824
04/02/2018,1,1,1,1,32.67,2018,2,4,3.486457226
05/02/2018,2,4,2,4,2263.012,2018,2,5,7.724451948
06/02/2018,4,5,3,4,904.354,2018,2,6,6.807220877
09/02/2018,3,6,2,5,773.764,2018,2,9,6.651266918
10/02/2018,2,2,2,2,227.103,2018,2,10,5.425403659
11/02/2018,4,5,2,5,1241.516,2018,2,11,7.124088493
13/02/2018,4,7,2,6,1058.43,2018,2,13,6.964541957
16/02/2018,3,8,2,7,1337.442,2018,2,16,7.198514113
17/02/2018,5,13,2,9,2964.8174,2018,2,17,7.994570724
18/02/2018,1,3,1,3,287.326,2018,2,18,5.66061746
19/02/2018,3,4,3,4,1314.59,2018,2,19,7.181280109
20/02/2018,4,11,2,9,1150.29,2018,2,20,7.047769363
21/02/2018,1,1,1,1,47.904,2018,2,21,3.869199008
23/02/2018,2,3,2,3,117.8,2018,2,23,4.768988271
24/02/2018,2,3,2,3,1448.676,2018,2,24,7.278405315
25/02/2018,2,3,1,3,430.492,2018,2,25,6.064928741
26/02/2018,2,6,2,4,2467.51,2018,2,26,7.810964824
28/02/2018,1,2,1,2,17.62,2018,2,28,2.869034621
02/03/2018,6,11,2,8,1450.126,2018,3,2,7.279405728
03/03/2018,5,7,2,5,2000.104,2018,3,3,7.600954458
04/03/2018,3,6,3,6,228.822,2018,3,4,5.432944409
05/03/2018,3,9,2,7,1240.02,2018,3,5,7.122882788
06/03/2018,5,10,3,7,778.236,2018,3,6,6.65702982
07/03/2018,2,3,2,3,166.59,2018,3,7,5.115535704
08/03/2018,2,4,2,4,843.1,2018,3,8,6.737085575
09/03/2018,2,3,2,3,710.804,2018,3,9,6.566396724
10/03/2018,5,9,3,7,1252.952,2018,3,10,7.133257646
11/03/2018,3,7,2,6,1973.708,2018,3,11,7.587669286
12/03/2018,3,3,2,3,353.28,2018,3,12,5.867260944
13/03/2018,8,20,3,11,4791.35,2018,3,13,8.474567488
14/03/2018,1,1,1,1,49.616,2018,3,14,3.904313362
16/03/2018,4,13,3,7,2014.381,2018,3,16,7.608067231
17/03/2018,4,13,2,7,542.746,2018,3,17,6.296641439
18/03/2018,6,10,2,7,1027.758,2018,3,18,6.93513501
19/03/2018,4,10,3,7,2157.308,2018,3,19,7.676616427
20/03/2018,4,6,2,3,899.568,2018,3,20,6.801914648
21/03/2018,6,12,3,8,3332.636,2018,3,21,8.111518861
23/03/2018,6,8,3,6,14816.068,2018,3,23,9.603467547
24/03/2018,4,7,2,6,1257.298,2018,3,24,7.136720253
25/03/2018,6,12,2,7,3567.026,2018,3,25,8.179487474
26/03/2018,5,11,3,10,3252.88,2018,3,26,8.087296037
27/03/2018,4,14,2,10,2933.516,2018,3,27,7.983956983
28/03/2018,2,8,1,5,1504.702,2018,3,28,7.316350151
29/03/2018,1,1,1,1,81.4,2018,3,29,4.399375273
30/03/2018,5,6,2,6,656.407,2018,3,30,6.486781023
31/03/2018,8,13,3,8,4981.0108,2018,3,31,8.513388121
01/04/2018,6,12,2,11,5972.988,2018,4,1,8.695002584
02/04/2018,4,5,2,5,822.97,2018,4,2,6.712919748
03/04/2018,2,2,1,2,32.528,2018,4,3,3.482101257
04/04/2018,4,6,2,4,808.47,2018,4,4,6.695143573
06/04/2018,2,2,2,2,114.42,2018,4,6,4.739875889
07/04/2018,2,7,1,6,1971.2905,2018,4,7,7.586443683
08/04/2018,4,8,2,5,6401.93,2018,4,8,8.764354786
09/04/2018,4,12,3,5,1626.71,2018,4,9,7.394314849
10/04/2018,5,10,3,7,755.529,2018,4,10,6.627418166
11/04/2018,4,7,2,4,319.806,2018,4,11,5.767714562
12/04/2018,1,2,1,2,69.66,2018,4,12,4.243626265
13/04/2018,3,4,1,4,1345.824,2018,4,13,7.204761744
14/04/2018,5,8,3,5,652.93,2018,4,14,6.481469926
15/04/2018,6,6,3,4,332.338,2018,4,15,5.806152523
16/04/2018,6,10,3,7,944.429,2018,4,16,6.850580512
17/04/2018,4,13,3,9,3431.459,2018,4,17,8.140740814
20/04/2018,4,10,3,5,1053.614,2018,4,20,6.959981438
21/04/2018,5,8,2,6,1254.564,2018,4,21,7.134543381
22/04/2018,3,3,2,2,947.692,2018,4,22,6.854029555
23/04/2018,7,15,3,9,1199.222,2018,4,23,7.089428292
24/04/2018,6,9,3,6,928.558,2018,4,24,6.833632845
25/04/2018,6,8,2,5,678.113,2018,4,25,6.519313941
26/04/2018,2,3,2,3,61.608,2018,4,26,4.120791732
27/04/2018,3,6,2,4,576.5756,2018,4,27,6.357106467
28/04/2018,3,4,2,4,795.296,2018,4,28,6.678714372
29/04/2018,2,2,2,2,1053.26,2018,4,29,6.959645395
30/04/2018,12,18,3,8,1390.126,2018,4,30,7.237149669
01/05/2018,3,6,2,6,4108.37,2018,5,1,8.320781635
02/05/2018,3,5,2,4,399.11,2018,5,2,5.989237068
03/05/2018,3,9,2,7,1386.346,2018,5,3,7.234426788
04/05/2018,4,10,2,5,1146.245,2018,5,4,7.044246662
05/05/2018,4,6,2,4,185.123,2018,5,5,5.221020469
06/05/2018,7,12,3,9,2991.4018,2018,5,6,8.003497386
07/05/2018,3,6,3,4,2549.468,2018,5,7,7.843639989
08/05/2018,5,5,3,4,3658.554,2018,5,8,8.204823266
09/05/2018,2,7,2,6,1078.222,2018,5,9,6.983068667
11/05/2018,4,9,3,7,449.469,2018,5,11,6.108066886
12/05/2018,6,13,3,10,970.384,2018,5,12,6.877691869
13/05/2018,5,9,2,8,3066.378,2018,5,13,8.02825234
14/05/2018,7,21,2,11,4182.062,2018,5,14,8.338559705
15/05/2018,3,8,1,5,421.264,2018,5,15,6.043259716
16/05/2018,1,1,1,1,221.024,2018,5,16,5.398271293
18/05/2018,7,17,3,7,1830.508,2018,5,18,7.512348803
19/05/2018,10,20,3,9,4919.182,2018,5,19,8.500897536
20/05/2018,4,12,3,9,2997.578,2018,5,20,8.005559908
21/05/2018,1,2,1,2,538.02,2018,5,21,6.287895734
22/05/2018,4,7,2,5,336.562,2018,5,22,5.818782382
23/05/2018,2,5,1,5,241.436,2018,5,23,5.486604428
25/05/2018,3,6,2,5,886.026,2018,5,25,6.786746296
26/05/2018,3,4,2,4,270.24,2018,5,26,5.599310453
27/05/2018,6,11,3,7,2084.908,2018,5,27,7.642480009
28/05/2018,7,12,2,8,1480.103,2018,5,28,7.299866959
29/05/2018,4,8,2,6,691.108,2018,5,29,6.538296107
30/05/2018,5,9,3,7,736.8904,2018,5,30,6.60243917
01/06/2018,4,6,2,5,586.042,2018,6,1,6.373391459
02/06/2018,4,6,2,4,135.706,2018,6,2,4.910490781
03/06/2018,6,17,3,10,2952.036,2018,6,3,7.990250381
04/06/2018,6,8,3,5,279.414,2018,6,4,5.632694553
05/06/2018,2,2,2,2,491.112,2018,6,5,6.196672208
06/06/2018,1,2,1,2,31.35,2018,6,6,3.445214267
08/06/2018,6,11,3,8,2227.038,2018,6,8,7.70842773
09/06/2018,3,5,3,4,939.133,2018,6,9,6.844957109
10/06/2018,9,13,3,8,2513.343,2018,6,10,7.829369018
11/06/2018,6,14,2,8,1580.894,2018,6,11,7.365745789
12/06/2018,6,11,2,8,1679.968,2018,6,12,7.426530025
13/06/2018,3,5,2,4,1156.018,2018,6,13,7.05273662
15/06/2018,7,16,3,10,4057.51,2018,6,15,8.308324764
16/06/2018,6,13,3,8,2724.194,2018,6,16,7.909927884
17/06/2018,5,9,3,6,3896.672,2018,6,17,8.267878134
18/06/2018,2,3,2,2,1031.1555,2018,6,18,6.938435297
19/06/2018,5,12,3,9,1900.193,2018,6,19,7.549710739
20/06/2018,5,9,1,7,1028.228,2018,6,20,6.935592211
21/06/2018,2,5,2,3,595.656,2018,6,21,6.389663319
22/06/2018,4,6,2,4,579.019,2018,6,22,6.361335292
24/06/2018,6,9,2,6,1184.684,2018,6,24,7.077231351
25/06/2018,4,6,2,6,1508.352,2018,6,25,7.318772943
26/06/2018,9,16,3,10,4224.136,2018,6,26,8.348570022
27/06/2018,3,5,3,4,1644.906,2018,6,27,7.405438519
29/06/2018,7,15,2,10,4521.9912,2018,6,29,8.416707707
30/06/2018,8,11,3,8,4721.977,2018,6,30,8.459982847
01/07/2018,1,3,1,3,639.83,2018,7,1,6.461202516
02/07/2018,1,2,1,2,169.192,2018,7,2,5.131034165
03/07/2018,12,20,3,8,6963.404,2018,7,3,8.848423714
05/07/2018,2,6,1,4,476.354,2018,7,5,6.166161275
06/07/2018,3,4,2,3,380.378,2018,7,6,5.941165495
07/07/2018,4,9,2,7,1620.25,2018,7,7,7.390335737
08/07/2018,7,19,3,6,1980.264,2018,7,8,7.590985448
09/07/2018,5,9,3,7,1671.214,2018,7,9,7.421305587
10/07/2018,3,3,3,3,359.214,2018,7,10,5.883918311
11/07/2018,5,7,2,6,1728.892,2018,7,11,7.45523602
12/07/2018,1,1,1,1,3.816,2018,7,12,1.339202754
13/07/2018,2,4,2,4,504.542,2018,7,13,6.223651087
14/07/2018,2,13,1,8,3598.934,2018,7,14,8.188392969
15/07/2018,3,10,2,8,2132.229,2018,7,15,7.66492319
16/07/2018,2,2,2,2,74.284,2018,7,16,4.307895585
17/07/2018,4,9,3,7,2191.873,2018,7,17,7.692511708
18/07/2018,2,8,1,6,2106.794,2018,7,18,7.65292264
20/07/2018,4,12,2,8,2283.208,2018,7,20,7.733336751
21/07/2018,9,22,3,11,3683.832,2018,7,21,8.211708794
22/07/2018,2,2,2,2,556.314,2018,7,22,6.321332883
23/07/2018,8,10,3,5,898.188,2018,7,23,6.800379401
24/07/2018,1,1,1,1,2399.96,2018,7,24,7.78320735
25/07/2018,4,8,2,6,798.742,2018,7,25,6.68303799
26/07/2018,1,2,1,2,2012.302,2018,7,26,7.607034619
27/07/2018,3,7,1,4,947.832,2018,7,27,6.854177271
28/07/2018,1,3,1,3,1170.564,2018,7,28,7.065240963
29/07/2018,6,12,2,8,1391.294,2018,7,29,7.237989528
30/07/2018,3,4,2,4,523.376,2018,7,30,6.260300135
31/07/2018,7,11,3,7,1558.028,2018,7,31,7.351176198
01/08/2018,5,6,2,5,2085.65,2018,8,1,7.642835836
03/08/2018,5,6,2,5,514.828,2018,8,3,6.243832864
04/08/2018,2,3,1,3,20.07,2018,8,4,2.999226163
05/08/2018,3,5,3,5,503.676,2018,8,5,6.221933204
06/08/2018,4,7,3,7,1424.026,2018,8,6,7.26124335
07/08/2018,7,17,1,9,3479.624,2018,8,7,8.154679521
10/08/2018,2,4,2,4,1823.07,2018,8,10,7.508277172
11/08/2018,3,6,2,4,708.726,2018,8,11,6.563468992
12/08/2018,4,12,2,10,3693.084,2018,8,12,8.21421716
13/08/2018,4,13,2,11,2643.164,2018,8,13,7.879731963
14/08/2018,2,3,1,3,440.736,2018,8,14,6.088446057
15/08/2018,3,3,2,3,1949.872,2018,8,15,7.575519008
16/08/2018,1,2,1,2,80.564,2018,8,16,4.3890519
17/08/2018,5,17,3,11,9517.288,2018,8,17,9.160865213
18/08/2018,8,17,3,6,7078.484,2018,8,18,8.864815039
19/08/2018,4,4,2,2,512.446,2018,8,19,6.23919534
20/08/2018,5,7,3,5,692.95,2018,8,20,6.540957847
21/08/2018,7,20,3,14,8284.534,2018,8,21,9.022145682
22/08/2018,2,2,2,1,524.54,2018,8,22,6.262521688
23/08/2018,1,5,1,4,4590.344,2018,8,23,8.431710246
24/08/2018,2,4,2,3,685.056,2018,8,24,6.529500587
25/08/2018,4,5,1,4,361.988,2018,8,25,5.891611062
26/08/2018,3,3,2,3,190.66,2018,8,26,5.250491737
27/08/2018,9,19,3,13,6190.538,2018,8,27,8.730777276
28/08/2018,3,8,2,7,1443.632,2018,8,28,7.274917439
29/08/2018,3,5,1,5,235.468,2018,8,29,5.461575023
31/08/2018,8,11,3,9,3162.83,2018,8,31,8.059222475
01/09/2018,5,7,3,7,1261.81,2018,9,1,7.140302477
02/09/2018,13,33,3,12,8652.334,2018,9,2,9.06558439
03/09/2018,8,13,3,8,1595.849,2018,9,3,7.375161162
04/09/2018,16,28,3,10,5360.202,2018,9,4,8.58675694
05/09/2018,3,5,2,4,327.044,2018,9,5,5.790094718
07/09/2018,15,23,3,11,3848.565,2018,9,7,8.255455631
08/09/2018,8,14,3,10,2184.327,2018,9,8,7.689063051
09/09/2018,12,29,2,12,4356.061,2018,9,9,8.379323488
10/09/2018,9,18,3,8,2506.646,2018,9,10,7.826700884
11/09/2018,10,22,3,9,5564.006,2018,9,11,8.624073631
12/09/2018,4,7,2,4,491.55,2018,9,12,6.197563664
13/09/2018,1,1,1,1,15.92,2018,9,13,2.76757618
14/09/2018,7,17,3,10,3471.403,2018,9,14,8.152314114
15/09/2018,13,26,3,11,7285.026,2018,9,15,8.893576288
16/09/2018,6,12,3,8,831.65,2018,9,16,6.723411679
17/09/2018,6,17,3,10,4979.226,2018,9,17,8.513029736
18/09/2018,8,20,3,9,1511.93,2018,9,18,7.321142259
19/09/2018,7,15,3,8,1648.188,2018,9,19,7.407431782
20/09/2018,1,14,1,7,7359.918,2018,9,20,8.90380407
21/09/2018,7,8,2,5,338.172,2018,9,21,5.823554642
22/09/2018,12,22,3,11,7871.213,2018,9,22,8.970967459
23/09/2018,11,20,3,10,2395.786,2018,9,23,7.78146664
24/09/2018,12,25,3,11,6450.462,2018,9,24,8.771907035
25/09/2018,7,13,2,9,1412.213,2018,9,25,7.252913257
26/09/2018,3,7,2,6,1486.576,2018,9,26,7.304230768
28/09/2018,5,10,3,7,559.271,2018,9,28,6.32663415
29/09/2018,8,20,3,13,1846.78,2018,9,29,7.521198861
30/09/2018,5,7,3,5,540.76,2018,9,30,6.292975557
01/10/2018,6,12,3,7,2978.466,2018,10,1,7.999163682
02/10/2018,10,26,3,12,5418.022,2018,10,2,8.597486083
03/10/2018,6,9,3,8,2504.48,2018,10,3,7.825836407
04/10/2018,1,1,1,1,19.98,2018,10,4,2.994731773
05/10/2018,5,15,2,10,6684.616,2018,10,5,8.807564046
06/10/2018,4,9,3,5,1180.82,2018,10,6,7.073964391
07/10/2018,5,11,2,7,2749.21,2018,10,7,7.919068877
08/10/2018,3,6,2,4,608.356,2018,10,8,6.410760237
09/10/2018,6,11,2,7,1496.589,2018,10,9,7.310943798
10/10/2018,1,1,1,1,239.358,2018,10,10,5.477960339
12/10/2018,9,17,3,10,5625.394,2018,10,12,8.635046269
13/10/2018,6,15,2,9,8405.802,2018,10,13,9.036677461
14/10/2018,4,5,2,3,134.332,2018,10,14,4.900314348
15/10/2018,6,8,3,5,1017.94,2018,10,15,6.925536256
16/10/2018,5,6,3,6,3473.597,2018,10,16,8.152945935
17/10/2018,3,4,2,4,126.352,2018,10,17,4.839071663
19/10/2018,9,16,3,10,2781.8702,2018,10,19,7.930878714
20/10/2018,7,15,3,8,1333.858,2018,10,20,7.195830774
21/10/2018,10,18,3,10,4537.201,2018,10,21,8.420065581
22/10/2018,6,12,3,8,15158.877,2018,10,22,9.62634158
23/10/2018,5,18,2,9,3352.394,2018,10,23,8.117429996
24/10/2018,2,2,1,2,529.085,2018,10,24,6.271149099
26/10/2018,5,10,3,7,999.868,2018,10,26,6.90762327
27/10/2018,6,12,2,7,1086.32,2018,10,27,6.990551116
28/10/2018,4,8,2,6,408.726,2018,10,28,6.013045005
29/10/2018,1,1,1,1,46.96,2018,10,29,3.849296176
30/10/2018,7,23,3,13,4025.73,2018,10,30,8.30046154
31/10/2018,2,3,2,3,523.928,2018,10,31,6.26135427
01/11/2018,2,4,1,3,2921.43,2018,11,1,7.979828501
02/11/2018,12,25,3,12,6294.386,2018,11,2,8.747413404
03/11/2018,16,23,3,11,4536.937,2018,11,3,8.420007394
04/11/2018,8,17,3,10,10668.096,2018,11,4,9.275012884
05/11/2018,8,18,3,8,2355.064,2018,11,5,7.764323182
06/11/2018,13,27,3,11,4288.75,2018,11,6,8.363750594
07/11/2018,7,10,3,6,2413.378,2018,11,7,7.788782705
08/11/2018,2,2,2,2,384.1,2018,11,8,5.950902935
09/11/2018,7,12,3,6,4751.492,2018,11,9,8.466213953
10/11/2018,9,15,3,8,4007.548,2018,11,10,8.295934862
11/11/2018,12,15,3,10,1815.218,2018,11,11,7.50396085
12/11/2018,14,30,3,13,2911.386,2018,11,12,7.976384535
13/11/2018,14,22,3,12,6633.4202,2018,11,13,8.799875817
14/11/2018,8,10,3,7,834.658,2018,11,14,6.72702206
15/11/2018,1,2,1,1,559.2,2018,11,15,6.326507191
16/11/2018,12,18,3,9,4755.234,2018,11,16,8.467001185
17/11/2018,11,14,2,9,13408.7928,2018,11,17,9.50366595
18/11/2018,8,21,3,13,1469.756,2018,11,18,7.29285168
19/11/2018,15,26,3,12,7397.272,2018,11,19,8.908866563
20/11/2018,9,17,3,8,2988.274,2018,11,20,8.002451242
21/11/2018,7,15,3,10,2236.184,2018,11,21,7.712526121
22/11/2018,1,1,1,1,35.712,2018,11,22,3.575486767
23/11/2018,9,17,2,9,1153.109,2018,11,23,7.050217052
24/11/2018,14,24,3,11,4736.061,2018,11,24,8.462961057
25/11/2018,8,13,3,7,3666.157,2018,11,25,8.206899253
26/11/2018,8,16,3,8,5048.172,2018,11,26,8.526781477
27/11/2018,7,13,2,7,1618.254,2018,11,27,7.389103069
28/11/2018,5,12,3,7,6912.944,2018,11,28,8.841150875
29/11/2018,1,2,1,2,491.888,2018,11,29,6.198251048
30/11/2018,11,15,3,10,6645.282,2018,11,30,8.801662408
01/12/2018,14,34,3,12,5331.178,2018,12,1,8.581327506
02/12/2018,16,34,3,10,9951.182,2018,12,2,9.205446617
03/12/2018,8,20,2,10,1403.842,2018,12,3,7.246968043
04/12/2018,10,18,2,8,2639.638,2018,12,4,7.878397066
05/12/2018,7,18,3,7,1248.106,2018,12,5,7.129382481
06/12/2018,1,1,1,1,10.68,2018,12,6,2.368372834
07/12/2018,7,9,3,7,2916.514,2018,12,7,7.978144346
08/12/2018,9,30,3,13,7643.041,2018,12,8,8.94155084
09/12/2018,15,33,3,14,5470.39,2018,12,9,8.607105191
10/12/2018,12,21,3,10,3873.559,2018,12,10,8.261929002
11/12/2018,10,19,3,11,2025.035,2018,12,11,7.613342263
13/12/2018,3,6,2,5,580.936,2018,12,13,6.364640596
14/12/2018,6,18,3,11,3897.714,2018,12,14,8.268145506
15/12/2018,3,5,3,5,306.888,2018,12,15,5.72648286
16/12/2018,5,13,3,8,858.702,2018,12,16,6.755421947
17/12/2018,9,13,3,7,2027.758,2018,12,17,7.614686028
18/12/2018,9,20,3,9,3645.911,2018,12,18,8.201361545
19/12/2018,3,5,1,5,1895.926,2018,12,19,7.547462653
20/12/2018,2,5,1,2,377.736,2018,12,20,5.934195539
21/12/2018,8,11,3,8,2140.94,2018,12,21,7.669000264
22/12/2018,12,27,3,13,7442.021,2018,12,22,8.914897731
23/12/2018,7,15,3,8,1926.776,2018,12,23,7.563603419
24/12/2018,11,16,3,8,6233.054,2018,12,24,8.7376217
25/12/2018,10,23,3,13,2698.927,2018,12,25,7.900609566
26/12/2018,4,4,3,3,814.594,2018,12,26,6.70268983
27/12/2018,1,2,1,2,177.636,2018,12,27,5.179736513
28/12/2018,10,19,3,10,1657.3508,2018,12,28,7.412975703
29/12/2018,6,12,2,7,2915.534,2018,12,29,7.977808272
30/12/2018,4,7,3,5,713.79,2018,12,30,6.570588801
