,Relative Compactness,Surface Area,Wall Area,Roof Area,Overall Height,Orientation,Galzing Area,Glazing Area Distribution,Heating Load,Cooling Load
0,0.98,514.5,294.0,110.25,7.0,2.0,0.0,0.0,15.55,21.33
1,0.98,514.5,294.0,110.25,7.0,3.0,0.0,0.0,15.55,21.33
2,0.98,514.5,294.0,110.25,7.0,4.0,0.0,0.0,15.55,21.33
3,0.98,514.5,294.0,110.25,7.0,5.0,0.0,0.0,15.55,21.33
4,0.9,563.5,318.5,122.5,7.0,2.0,0.0,0.0,20.84,28.28
5,0.9,563.5,318.5,122.5,7.0,3.0,0.0,0.0,21.46,25.38
6,0.9,563.5,318.5,122.5,7.0,4.0,0.0,0.0,20.71,25.16
7,0.9,563.5,318.5,122.5,7.0,5.0,0.0,0.0,19.68,29.6
8,0.86,588.0,294.0,147.0,7.0,2.0,0.0,0.0,19.5,27.3
9,0.86,588.0,294.0,147.0,7.0,3.0,0.0,0.0,19.95,21.97
10,0.86,588.0,294.0,147.0,7.0,4.0,0.0,0.0,19.34,23.49
11,0.86,588.0,294.0,147.0,7.0,5.0,0.0,0.0,18.31,27.87
12,0.82,612.5,318.5,147.0,7.0,2.0,0.0,0.0,17.05,23.77
13,0.82,612.5,318.5,147.0,7.0,3.0,0.0,0.0,17.41,21.46
14,0.82,612.5,318.5,147.0,7.0,4.0,0.0,0.0,16.95,21.16
15,0.82,612.5,318.5,147.0,7.0,5.0,0.0,0.0,15.98,24.93
16,0.79,637.0,343.0,147.0,7.0,2.0,0.0,0.0,28.52,37.73
17,0.79,637.0,343.0,147.0,7.0,3.0,0.0,0.0,29.9,31.27
18,0.79,637.0,343.0,147.0,7.0,4.0,0.0,0.0,29.63,30.93
19,0.79,637.0,343.0,147.0,7.0,5.0,0.0,0.0,28.75,39.44
20,0.76,661.5,416.5,122.5,7.0,2.0,0.0,0.0,24.77,29.79
21,0.76,661.5,416.5,122.5,7.0,3.0,0.0,0.0,23.93,29.68
22,0.76,661.5,416.5,122.5,7.0,4.0,0.0,0.0,24.77,29.79
23,0.76,661.5,416.5,122.5,7.0,5.0,0.0,0.0,23.93,29.4
24,0.74,686.0,245.0,220.5,3.5,2.0,0.0,0.0,6.07,10.9
25,0.74,686.0,245.0,220.5,3.5,3.0,0.0,0.0,6.05,11.19
26,0.74,686.0,245.0,220.5,3.5,4.0,0.0,0.0,6.01,10.94
27,0.74,686.0,245.0,220.5,3.5,5.0,0.0,0.0,6.04,11.17
28,0.71,710.5,269.5,220.5,3.5,2.0,0.0,0.0,6.37,11.27
29,0.71,710.5,269.5,220.5,3.5,3.0,0.0,0.0,6.4,11.72
30,0.71,710.5,269.5,220.5,3.5,4.0,0.0,0.0,6.37,11.29
31,0.71,710.5,269.5,220.5,3.5,5.0,0.0,0.0,6.4,11.67
32,0.69,735.0,294.0,220.5,3.5,2.0,0.0,0.0,6.85,11.74
33,0.69,735.0,294.0,220.5,3.5,3.0,0.0,0.0,6.79,12.05
34,0.69,735.0,294.0,220.5,3.5,4.0,0.0,0.0,6.77,11.73
35,0.69,735.0,294.0,220.5,3.5,5.0,0.0,0.0,6.81,11.93
36,0.66,759.5,318.5,220.5,3.5,2.0,0.0,0.0,7.18,12.4
37,0.66,759.5,318.5,220.5,3.5,3.0,0.0,0.0,7.1,12.23
38,0.66,759.5,318.5,220.5,3.5,4.0,0.0,0.0,7.1,12.4
39,0.66,759.5,318.5,220.5,3.5,5.0,0.0,0.0,7.1,12.14
40,0.64,784.0,343.0,220.5,3.5,2.0,0.0,0.0,10.85,16.78
41,0.64,784.0,343.0,220.5,3.5,3.0,0.0,0.0,10.54,16.8
42,0.64,784.0,343.0,220.5,3.5,4.0,0.0,0.0,10.77,16.75
43,0.64,784.0,343.0,220.5,3.5,5.0,0.0,0.0,10.56,16.67
44,0.62,808.5,367.5,220.5,3.5,2.0,0.0,0.0,8.6,12.07
45,0.62,808.5,367.5,220.5,3.5,3.0,0.0,0.0,8.49,12.22
46,0.62,808.5,367.5,220.5,3.5,4.0,0.0,0.0,8.45,12.08
47,0.62,808.5,367.5,220.5,3.5,5.0,0.0,0.0,8.5,12.04
48,0.98,514.5,294.0,110.25,7.0,2.0,0.1,1.0,24.58,26.47
49,0.98,514.5,294.0,110.25,7.0,3.0,0.1,1.0,24.63,26.37
50,0.98,514.5,294.0,110.25,7.0,4.0,0.1,1.0,24.63,26.44
51,0.98,514.5,294.0,110.25,7.0,5.0,0.1,1.0,24.59,26.29
52,0.9,563.5,318.5,122.5,7.0,2.0,0.1,1.0,29.03,32.92
53,0.9,563.5,318.5,122.5,7.0,3.0,0.1,1.0,29.87,29.87
54,0.9,563.5,318.5,122.5,7.0,4.0,0.1,1.0,29.14,29.58
55,0.9,563.5,318.5,122.5,7.0,5.0,0.1,1.0,28.09,34.33
56,0.86,588.0,294.0,147.0,7.0,2.0,0.1,1.0,26.28,30.89
57,0.86,588.0,294.0,147.0,7.0,3.0,0.1,1.0,26.91,25.6
58,0.86,588.0,294.0,147.0,7.0,4.0,0.1,1.0,26.37,27.03
59,0.86,588.0,294.0,147.0,7.0,5.0,0.1,1.0,25.27,31.73
60,0.82,612.5,318.5,147.0,7.0,2.0,0.1,1.0,23.53,27.31
61,0.82,612.5,318.5,147.0,7.0,3.0,0.1,1.0,24.03,24.91
62,0.82,612.5,318.5,147.0,7.0,4.0,0.1,1.0,23.54,24.61
63,0.82,612.5,318.5,147.0,7.0,5.0,0.1,1.0,22.58,28.51
64,0.79,637.0,343.0,147.0,7.0,2.0,0.1,1.0,35.56,41.68
65,0.79,637.0,343.0,147.0,7.0,3.0,0.1,1.0,37.12,35.28
66,0.79,637.0,343.0,147.0,7.0,4.0,0.1,1.0,36.9,34.43
67,0.79,637.0,343.0,147.0,7.0,5.0,0.1,1.0,35.94,43.33
68,0.76,661.5,416.5,122.5,7.0,2.0,0.1,1.0,32.96,33.87
69,0.76,661.5,416.5,122.5,7.0,3.0,0.1,1.0,32.12,34.07
70,0.76,661.5,416.5,122.5,7.0,4.0,0.1,1.0,32.94,34.14
71,0.76,661.5,416.5,122.5,7.0,5.0,0.1,1.0,32.21,33.67
72,0.74,686.0,245.0,220.5,3.5,2.0,0.1,1.0,10.36,13.43
73,0.74,686.0,245.0,220.5,3.5,3.0,0.1,1.0,10.43,13.71
74,0.74,686.0,245.0,220.5,3.5,4.0,0.1,1.0,10.36,13.48
75,0.74,686.0,245.0,220.5,3.5,5.0,0.1,1.0,10.39,13.7
76,0.71,710.5,269.5,220.5,3.5,2.0,0.1,1.0,10.71,13.8
77,0.71,710.5,269.5,220.5,3.5,3.0,0.1,1.0,10.8,14.28
78,0.71,710.5,269.5,220.5,3.5,4.0,0.1,1.0,10.7,13.87
79,0.71,710.5,269.5,220.5,3.5,5.0,0.1,1.0,10.75,14.27
80,0.69,735.0,294.0,220.5,3.5,2.0,0.1,1.0,11.11,14.28
81,0.69,735.0,294.0,220.5,3.5,3.0,0.1,1.0,11.13,14.61
82,0.69,735.0,294.0,220.5,3.5,4.0,0.1,1.0,11.09,14.3
83,0.69,735.0,294.0,220.5,3.5,5.0,0.1,1.0,11.16,14.45
84,0.66,759.5,318.5,220.5,3.5,2.0,0.1,1.0,11.68,13.9
85,0.66,759.5,318.5,220.5,3.5,3.0,0.1,1.0,11.69,13.72
86,0.66,759.5,318.5,220.5,3.5,4.0,0.1,1.0,11.7,13.88
87,0.66,759.5,318.5,220.5,3.5,5.0,0.1,1.0,11.69,13.65
88,0.64,784.0,343.0,220.5,3.5,2.0,0.1,1.0,15.41,19.37
89,0.64,784.0,343.0,220.5,3.5,3.0,0.1,1.0,15.2,19.43
90,0.64,784.0,343.0,220.5,3.5,4.0,0.1,1.0,15.42,19.34
91,0.64,784.0,343.0,220.5,3.5,5.0,0.1,1.0,15.21,19.32
92,0.62,808.5,367.5,220.5,3.5,2.0,0.1,1.0,12.96,14.34
93,0.62,808.5,367.5,220.5,3.5,3.0,0.1,1.0,12.97,14.5
94,0.62,808.5,367.5,220.5,3.5,4.0,0.1,1.0,12.93,14.33
95,0.62,808.5,367.5,220.5,3.5,5.0,0.1,1.0,13.02,14.27
96,0.98,514.5,294.0,110.25,7.0,2.0,0.1,2.0,24.29,25.95
97,0.98,514.5,294.0,110.25,7.0,3.0,0.1,2.0,24.31,25.63
98,0.98,514.5,294.0,110.25,7.0,4.0,0.1,2.0,24.13,26.13
99,0.98,514.5,294.0,110.25,7.0,5.0,0.1,2.0,24.25,25.89
100,0.9,563.5,318.5,122.5,7.0,2.0,0.1,2.0,28.88,32.54
101,0.9,563.5,318.5,122.5,7.0,3.0,0.1,2.0,29.68,29.44
102,0.9,563.5,318.5,122.5,7.0,4.0,0.1,2.0,28.83,29.36
103,0.9,563.5,318.5,122.5,7.0,5.0,0.1,2.0,27.9,34.2
104,0.86,588.0,294.0,147.0,7.0,2.0,0.1,2.0,26.48,30.91
105,0.86,588.0,294.0,147.0,7.0,3.0,0.1,2.0,27.02,25.63
106,0.86,588.0,294.0,147.0,7.0,4.0,0.1,2.0,26.33,27.36
107,0.86,588.0,294.0,147.0,7.0,5.0,0.1,2.0,25.36,31.9
108,0.82,612.5,318.5,147.0,7.0,2.0,0.1,2.0,23.75,27.38
109,0.82,612.5,318.5,147.0,7.0,3.0,0.1,2.0,24.23,25.02
110,0.82,612.5,318.5,147.0,7.0,4.0,0.1,2.0,23.67,24.8
111,0.82,612.5,318.5,147.0,7.0,5.0,0.1,2.0,22.79,28.79
112,0.79,637.0,343.0,147.0,7.0,2.0,0.1,2.0,35.65,41.07
113,0.79,637.0,343.0,147.0,7.0,3.0,0.1,2.0,37.26,34.62
114,0.79,637.0,343.0,147.0,7.0,4.0,0.1,2.0,36.97,33.87
115,0.79,637.0,343.0,147.0,7.0,5.0,0.1,2.0,36.03,42.86
116,0.76,661.5,416.5,122.5,7.0,2.0,0.1,2.0,33.16,33.91
117,0.76,661.5,416.5,122.5,7.0,3.0,0.1,2.0,32.4,34.07
118,0.76,661.5,416.5,122.5,7.0,4.0,0.1,2.0,33.12,34.17
119,0.76,661.5,416.5,122.5,7.0,5.0,0.1,2.0,32.41,33.78
120,0.74,686.0,245.0,220.5,3.5,2.0,0.1,2.0,10.42,13.39
121,0.74,686.0,245.0,220.5,3.5,3.0,0.1,2.0,10.46,13.72
122,0.74,686.0,245.0,220.5,3.5,4.0,0.1,2.0,10.32,13.57
123,0.74,686.0,245.0,220.5,3.5,5.0,0.1,2.0,10.45,13.79
124,0.71,710.5,269.5,220.5,3.5,2.0,0.1,2.0,10.64,13.67
125,0.71,710.5,269.5,220.5,3.5,3.0,0.1,2.0,10.72,14.11
126,0.71,710.5,269.5,220.5,3.5,4.0,0.1,2.0,10.55,13.8
127,0.71,710.5,269.5,220.5,3.5,5.0,0.1,2.0,10.68,14.21
128,0.69,735.0,294.0,220.5,3.5,2.0,0.1,2.0,11.45,13.2
129,0.69,735.0,294.0,220.5,3.5,3.0,0.1,2.0,11.46,13.54
130,0.69,735.0,294.0,220.5,3.5,4.0,0.1,2.0,11.32,13.32
131,0.69,735.0,294.0,220.5,3.5,5.0,0.1,2.0,11.49,13.51
132,0.66,759.5,318.5,220.5,3.5,2.0,0.1,2.0,11.45,14.86
133,0.66,759.5,318.5,220.5,3.5,3.0,0.1,2.0,11.42,14.75
134,0.66,759.5,318.5,220.5,3.5,4.0,0.1,2.0,11.33,15.0
135,0.66,759.5,318.5,220.5,3.5,5.0,0.1,2.0,11.43,14.74
136,0.64,784.0,343.0,220.5,3.5,2.0,0.1,2.0,15.41,19.23
137,0.64,784.0,343.0,220.5,3.5,3.0,0.1,2.0,15.18,19.34
138,0.64,784.0,343.0,220.5,3.5,4.0,0.1,2.0,15.34,19.32
139,0.64,784.0,343.0,220.5,3.5,5.0,0.1,2.0,15.19,19.3
140,0.62,808.5,367.5,220.5,3.5,2.0,0.1,2.0,12.88,14.37
141,0.62,808.5,367.5,220.5,3.5,3.0,0.1,2.0,13.0,14.57
142,0.62,808.5,367.5,220.5,3.5,4.0,0.1,2.0,12.97,14.27
143,0.62,808.5,367.5,220.5,3.5,5.0,0.1,2.0,13.04,14.24
144,0.98,514.5,294.0,110.25,7.0,2.0,0.1,3.0,24.28,25.68
145,0.98,514.5,294.0,110.25,7.0,3.0,0.1,3.0,24.4,26.02
146,0.98,514.5,294.0,110.25,7.0,4.0,0.1,3.0,24.11,25.84
147,0.98,514.5,294.0,110.25,7.0,5.0,0.1,3.0,24.35,26.14
148,0.9,563.5,318.5,122.5,7.0,2.0,0.1,3.0,28.07,34.14
149,0.9,563.5,318.5,122.5,7.0,3.0,0.1,3.0,29.01,32.85
150,0.9,563.5,318.5,122.5,7.0,4.0,0.1,3.0,29.62,30.08
151,0.9,563.5,318.5,122.5,7.0,5.0,0.1,3.0,29.05,29.67
152,0.86,588.0,294.0,147.0,7.0,2.0,0.1,3.0,25.41,31.73
153,0.86,588.0,294.0,147.0,7.0,3.0,0.1,3.0,26.47,31.01
154,0.86,588.0,294.0,147.0,7.0,4.0,0.1,3.0,26.89,25.9
155,0.86,588.0,294.0,147.0,7.0,5.0,0.1,3.0,26.46,27.4
156,0.82,612.5,318.5,147.0,7.0,2.0,0.1,3.0,22.93,28.68
157,0.82,612.5,318.5,147.0,7.0,3.0,0.1,3.0,23.84,27.54
158,0.82,612.5,318.5,147.0,7.0,4.0,0.1,3.0,24.17,25.35
159,0.82,612.5,318.5,147.0,7.0,5.0,0.1,3.0,23.87,24.93
160,0.79,637.0,343.0,147.0,7.0,2.0,0.1,3.0,35.78,43.12
161,0.79,637.0,343.0,147.0,7.0,3.0,0.1,3.0,35.48,41.22
162,0.79,637.0,343.0,147.0,7.0,4.0,0.1,3.0,36.97,35.1
163,0.79,637.0,343.0,147.0,7.0,5.0,0.1,3.0,36.7,34.29
164,0.76,661.5,416.5,122.5,7.0,2.0,0.1,3.0,32.52,33.85
165,0.76,661.5,416.5,122.5,7.0,3.0,0.1,3.0,33.28,34.11
166,0.76,661.5,416.5,122.5,7.0,4.0,0.1,3.0,32.33,34.48
167,0.76,661.5,416.5,122.5,7.0,5.0,0.1,3.0,33.24,34.5
168,0.74,686.0,245.0,220.5,3.5,2.0,0.1,3.0,10.39,13.6
169,0.74,686.0,245.0,220.5,3.5,3.0,0.1,3.0,10.34,13.36
170,0.74,686.0,245.0,220.5,3.5,4.0,0.1,3.0,10.35,13.65
171,0.74,686.0,245.0,220.5,3.5,5.0,0.1,3.0,10.38,13.49
172,0.71,710.5,269.5,220.5,3.5,2.0,0.1,3.0,10.77,14.14
173,0.71,710.5,269.5,220.5,3.5,3.0,0.1,3.0,10.68,13.77
174,0.71,710.5,269.5,220.5,3.5,4.0,0.1,3.0,10.68,14.3
175,0.71,710.5,269.5,220.5,3.5,5.0,0.1,3.0,10.7,13.87
176,0.69,735.0,294.0,220.5,3.5,2.0,0.1,3.0,11.22,14.44
177,0.69,735.0,294.0,220.5,3.5,3.0,0.1,3.0,11.16,14.27
178,0.69,735.0,294.0,220.5,3.5,4.0,0.1,3.0,11.1,14.67
179,0.69,735.0,294.0,220.5,3.5,5.0,0.1,3.0,11.14,14.4
180,0.66,759.5,318.5,220.5,3.5,2.0,0.1,3.0,11.59,13.46
181,0.66,759.5,318.5,220.5,3.5,3.0,0.1,3.0,11.6,13.7
182,0.66,759.5,318.5,220.5,3.5,4.0,0.1,3.0,11.53,13.59
183,0.66,759.5,318.5,220.5,3.5,5.0,0.1,3.0,11.61,13.83
184,0.64,784.0,343.0,220.5,3.5,2.0,0.1,3.0,15.16,19.14
185,0.64,784.0,343.0,220.5,3.5,3.0,0.1,3.0,15.36,19.18
186,0.64,784.0,343.0,220.5,3.5,4.0,0.1,3.0,15.12,19.37
187,0.64,784.0,343.0,220.5,3.5,5.0,0.1,3.0,15.36,19.29
188,0.62,808.5,367.5,220.5,3.5,2.0,0.1,3.0,12.68,14.09
189,0.62,808.5,367.5,220.5,3.5,3.0,0.1,3.0,12.63,14.23
190,0.62,808.5,367.5,220.5,3.5,4.0,0.1,3.0,12.71,14.14
191,0.62,808.5,367.5,220.5,3.5,5.0,0.1,3.0,12.73,13.89
192,0.98,514.5,294.0,110.25,7.0,2.0,0.1,4.0,24.38,25.91
193,0.98,514.5,294.0,110.25,7.0,3.0,0.1,4.0,24.23,25.72
194,0.98,514.5,294.0,110.25,7.0,4.0,0.1,4.0,24.04,26.18
195,0.98,514.5,294.0,110.25,7.0,5.0,0.1,4.0,24.32,25.87
196,0.9,563.5,318.5,122.5,7.0,2.0,0.1,4.0,29.06,29.34
197,0.9,563.5,318.5,122.5,7.0,3.0,0.1,4.0,28.05,33.91
198,0.9,563.5,318.5,122.5,7.0,4.0,0.1,4.0,28.86,32.83
199,0.9,563.5,318.5,122.5,7.0,5.0,0.1,4.0,29.79,29.92
200,0.86,588.0,294.0,147.0,7.0,2.0,0.1,4.0,26.44,27.17
201,0.86,588.0,294.0,147.0,7.0,3.0,0.1,4.0,25.37,31.76
202,0.86,588.0,294.0,147.0,7.0,4.0,0.1,4.0,26.33,31.06
203,0.86,588.0,294.0,147.0,7.0,5.0,0.1,4.0,27.03,25.81
204,0.82,612.5,318.5,147.0,7.0,2.0,0.1,4.0,23.8,24.61
205,0.82,612.5,318.5,147.0,7.0,3.0,0.1,4.0,22.8,28.61
206,0.82,612.5,318.5,147.0,7.0,4.0,0.1,4.0,23.59,27.57
207,0.82,612.5,318.5,147.0,7.0,5.0,0.1,4.0,24.24,25.16
208,0.79,637.0,343.0,147.0,7.0,2.0,0.1,4.0,36.86,34.25
209,0.79,637.0,343.0,147.0,7.0,3.0,0.1,4.0,35.89,43.3
210,0.79,637.0,343.0,147.0,7.0,4.0,0.1,4.0,35.45,41.86
211,0.79,637.0,343.0,147.0,7.0,5.0,0.1,4.0,37.1,35.29
212,0.76,661.5,416.5,122.5,7.0,2.0,0.1,4.0,33.08,34.11
213,0.76,661.5,416.5,122.5,7.0,3.0,0.1,4.0,32.38,33.62
214,0.76,661.5,416.5,122.5,7.0,4.0,0.1,4.0,33.09,33.89
215,0.76,661.5,416.5,122.5,7.0,5.0,0.1,4.0,32.31,34.05
216,0.74,686.0,245.0,220.5,3.5,2.0,0.1,4.0,10.08,13.2
217,0.74,686.0,245.0,220.5,3.5,3.0,0.1,4.0,10.15,13.36
218,0.74,686.0,245.0,220.5,3.5,4.0,0.1,4.0,10.07,13.21
219,0.74,686.0,245.0,220.5,3.5,5.0,0.1,4.0,10.14,13.53
220,0.71,710.5,269.5,220.5,3.5,2.0,0.1,4.0,10.66,13.67
221,0.71,710.5,269.5,220.5,3.5,3.0,0.1,4.0,10.68,14.12
222,0.71,710.5,269.5,220.5,3.5,4.0,0.1,4.0,10.53,13.79
223,0.71,710.5,269.5,220.5,3.5,5.0,0.1,4.0,10.72,14.2
224,0.69,735.0,294.0,220.5,3.5,2.0,0.1,4.0,11.18,14.29
225,0.69,735.0,294.0,220.5,3.5,3.0,0.1,4.0,11.22,14.49
226,0.69,735.0,294.0,220.5,3.5,4.0,0.1,4.0,11.07,14.42
227,0.69,735.0,294.0,220.5,3.5,5.0,0.1,4.0,11.2,14.73
228,0.66,759.5,318.5,220.5,3.5,2.0,0.1,4.0,11.44,14.86
229,0.66,759.5,318.5,220.5,3.5,3.0,0.1,4.0,11.42,14.67
230,0.66,759.5,318.5,220.5,3.5,4.0,0.1,4.0,11.33,15.0
231,0.66,759.5,318.5,220.5,3.5,5.0,0.1,4.0,11.43,14.83
232,0.64,784.0,343.0,220.5,3.5,2.0,0.1,4.0,15.4,19.24
233,0.64,784.0,343.0,220.5,3.5,3.0,0.1,4.0,15.19,19.25
234,0.64,784.0,343.0,220.5,3.5,4.0,0.1,4.0,15.32,19.42
235,0.64,784.0,343.0,220.5,3.5,5.0,0.1,4.0,15.16,19.48
236,0.62,808.5,367.5,220.5,3.5,2.0,0.1,4.0,12.85,14.37
237,0.62,808.5,367.5,220.5,3.5,3.0,0.1,4.0,13.04,14.34
238,0.62,808.5,367.5,220.5,3.5,4.0,0.1,4.0,13.0,14.28
239,0.62,808.5,367.5,220.5,3.5,5.0,0.1,4.0,13.0,14.47
240,0.98,514.5,294.0,110.25,7.0,2.0,0.1,5.0,24.35,25.64
241,0.98,514.5,294.0,110.25,7.0,3.0,0.1,5.0,24.33,25.98
242,0.98,514.5,294.0,110.25,7.0,4.0,0.1,5.0,24.03,25.88
243,0.98,514.5,294.0,110.25,7.0,5.0,0.1,5.0,24.26,26.18
244,0.9,563.5,318.5,122.5,7.0,2.0,0.1,5.0,29.83,29.82
245,0.9,563.5,318.5,122.5,7.0,3.0,0.1,5.0,29.08,29.52
246,0.9,563.5,318.5,122.5,7.0,4.0,0.1,5.0,28.03,34.45
247,0.9,563.5,318.5,122.5,7.0,5.0,0.1,5.0,29.02,33.01
248,0.86,588.0,294.0,147.0,7.0,2.0,0.1,5.0,27.03,25.82
249,0.86,588.0,294.0,147.0,7.0,3.0,0.1,5.0,26.45,27.33
250,0.86,588.0,294.0,147.0,7.0,4.0,0.1,5.0,25.36,32.04
251,0.86,588.0,294.0,147.0,7.0,5.0,0.1,5.0,26.45,31.28
252,0.82,612.5,318.5,147.0,7.0,2.0,0.1,5.0,24.37,25.11
253,0.82,612.5,318.5,147.0,7.0,3.0,0.1,5.0,23.89,24.77
254,0.82,612.5,318.5,147.0,7.0,4.0,0.1,5.0,22.89,28.88
255,0.82,612.5,318.5,147.0,7.0,5.0,0.1,5.0,23.86,27.69
256,0.79,637.0,343.0,147.0,7.0,2.0,0.1,5.0,37.03,34.99
257,0.79,637.0,343.0,147.0,7.0,3.0,0.1,5.0,36.71,34.18
258,0.79,637.0,343.0,147.0,7.0,4.0,0.1,5.0,36.77,43.14
259,0.79,637.0,343.0,147.0,7.0,5.0,0.1,5.0,35.48,41.26
260,0.76,661.5,416.5,122.5,7.0,2.0,0.1,5.0,32.31,34.25
261,0.76,661.5,416.5,122.5,7.0,3.0,0.1,5.0,33.21,34.35
262,0.76,661.5,416.5,122.5,7.0,4.0,0.1,5.0,32.46,33.64
263,0.76,661.5,416.5,122.5,7.0,5.0,0.1,5.0,33.27,33.88
264,0.74,686.0,245.0,220.5,3.5,2.0,0.1,5.0,10.47,13.65
265,0.74,686.0,245.0,220.5,3.5,3.0,0.1,5.0,10.37,13.44
266,0.74,686.0,245.0,220.5,3.5,4.0,0.1,5.0,10.34,13.72
267,0.74,686.0,245.0,220.5,3.5,5.0,0.1,5.0,10.39,13.5
268,0.71,710.5,269.5,220.5,3.5,2.0,0.1,5.0,10.78,14.18
269,0.71,710.5,269.5,220.5,3.5,3.0,0.1,5.0,10.7,13.75
270,0.71,710.5,269.5,220.5,3.5,4.0,0.1,5.0,10.67,14.26
271,0.71,710.5,269.5,220.5,3.5,5.0,0.1,5.0,13.69,13.89
272,0.69,735.0,294.0,220.5,3.5,2.0,0.1,5.0,11.21,14.55
273,0.69,735.0,294.0,220.5,3.5,3.0,0.1,5.0,11.14,14.28
274,0.69,735.0,294.0,220.5,3.5,4.0,0.1,5.0,11.11,14.46
275,0.69,735.0,294.0,220.5,3.5,5.0,0.1,5.0,11.16,14.39
276,0.66,759.5,318.5,220.5,3.5,2.0,0.1,5.0,11.38,14.54
277,0.66,759.5,318.5,220.5,3.5,3.0,0.1,5.0,11.34,14.81
278,0.66,759.5,318.5,220.5,3.5,4.0,0.1,5.0,11.22,14.65
279,0.66,759.5,318.5,220.5,3.5,5.0,0.1,5.0,11.34,14.87
280,0.64,784.0,343.0,220.5,3.5,2.0,0.1,5.0,15.16,19.24
281,0.64,784.0,343.0,220.5,3.5,3.0,0.1,5.0,15.37,19.18
282,0.64,784.0,343.0,220.5,3.5,4.0,0.1,5.0,15.12,19.26
283,0.64,784.0,343.0,220.5,3.5,5.0,0.1,5.0,15.36,19.29
284,0.62,808.5,367.5,220.5,3.5,2.0,0.1,5.0,12.59,14.24
285,0.62,808.5,367.5,220.5,3.5,3.0,0.1,5.0,12.74,13.97
286,0.62,808.5,367.5,220.5,3.5,4.0,0.1,5.0,12.8,13.99
287,0.62,808.5,367.5,220.5,3.5,5.0,0.1,5.0,12.62,14.15
288,0.98,514.5,294.0,110.25,7.0,2.0,0.25,1.0,28.15,29.79
289,0.98,514.5,294.0,110.25,7.0,3.0,0.25,1.0,28.15,29.79
290,0.98,514.5,294.0,110.25,7.0,4.0,0.25,1.0,28.37,29.28
291,0.98,514.5,294.0,110.25,7.0,5.0,0.25,1.0,28.41,29.49
292,0.9,563.5,318.5,122.5,7.0,2.0,0.25,1.0,32.68,36.12
293,0.9,563.5,318.5,122.5,7.0,3.0,0.25,1.0,33.48,33.17
294,0.9,563.5,318.5,122.5,7.0,4.0,0.25,1.0,32.84,32.71
295,0.9,563.5,318.5,122.5,7.0,5.0,0.25,1.0,32.0,37.58
296,0.86,588.0,294.0,147.0,7.0,2.0,0.25,1.0,29.54,33.98
297,0.86,588.0,294.0,147.0,7.0,3.0,0.25,1.0,30.05,28.61
298,0.86,588.0,294.0,147.0,7.0,4.0,0.25,1.0,29.6,30.12
299,0.86,588.0,294.0,147.0,7.0,5.0,0.25,1.0,28.66,34.73
300,0.82,612.5,318.5,147.0,7.0,2.0,0.25,1.0,26.84,30.17
301,0.82,612.5,318.5,147.0,7.0,3.0,0.25,1.0,27.27,27.84
302,0.82,612.5,318.5,147.0,7.0,4.0,0.25,1.0,26.97,27.25
303,0.82,612.5,318.5,147.0,7.0,5.0,0.25,1.0,26.19,31.39
304,0.79,637.0,343.0,147.0,7.0,2.0,0.25,1.0,38.67,43.8
305,0.79,637.0,343.0,147.0,7.0,3.0,0.25,1.0,40.03,37.81
306,0.79,637.0,343.0,147.0,7.0,4.0,0.25,1.0,39.86,36.85
307,0.79,637.0,343.0,147.0,7.0,5.0,0.25,1.0,39.04,45.52
308,0.76,661.5,416.5,122.5,7.0,2.0,0.25,1.0,36.96,36.85
309,0.76,661.5,416.5,122.5,7.0,3.0,0.25,1.0,36.13,37.58
310,0.76,661.5,416.5,122.5,7.0,4.0,0.25,1.0,36.91,37.45
311,0.76,661.5,416.5,122.5,7.0,5.0,0.25,1.0,36.43,36.62
312,0.74,686.0,245.0,220.5,3.5,2.0,0.25,1.0,12.43,15.19
313,0.74,686.0,245.0,220.5,3.5,3.0,0.25,1.0,12.5,15.5
314,0.74,686.0,245.0,220.5,3.5,4.0,0.25,1.0,12.41,15.28
315,0.74,686.0,245.0,220.5,3.5,5.0,0.25,1.0,12.45,15.5
316,0.71,710.5,269.5,220.5,3.5,2.0,0.25,1.0,12.57,15.42
317,0.71,710.5,269.5,220.5,3.5,3.0,0.25,1.0,12.65,15.85
318,0.71,710.5,269.5,220.5,3.5,4.0,0.25,1.0,12.57,15.44
319,0.71,710.5,269.5,220.5,3.5,5.0,0.25,1.0,12.63,15.81
320,0.69,735.0,294.0,220.5,3.5,2.0,0.25,1.0,12.78,15.21
321,0.69,735.0,294.0,220.5,3.5,3.0,0.25,1.0,12.93,15.63
322,0.69,735.0,294.0,220.5,3.5,4.0,0.25,1.0,12.73,15.48
323,0.69,735.0,294.0,220.5,3.5,5.0,0.25,1.0,12.72,15.78
324,0.66,759.5,318.5,220.5,3.5,2.0,0.25,1.0,13.17,16.39
325,0.66,759.5,318.5,220.5,3.5,3.0,0.25,1.0,13.18,16.27
326,0.66,759.5,318.5,220.5,3.5,4.0,0.25,1.0,13.17,16.39
327,0.66,759.5,318.5,220.5,3.5,5.0,0.25,1.0,13.18,16.19
328,0.64,784.0,343.0,220.5,3.5,2.0,0.25,1.0,17.5,21.13
329,0.64,784.0,343.0,220.5,3.5,3.0,0.25,1.0,17.35,21.19
330,0.64,784.0,343.0,220.5,3.5,4.0,0.25,1.0,17.52,21.09
331,0.64,784.0,343.0,220.5,3.5,5.0,0.25,1.0,17.37,21.08
332,0.62,808.5,367.5,220.5,3.5,2.0,0.25,1.0,15.09,15.77
333,0.62,808.5,367.5,220.5,3.5,3.0,0.25,1.0,15.12,15.95
334,0.62,808.5,367.5,220.5,3.5,4.0,0.25,1.0,15.08,15.77
335,0.62,808.5,367.5,220.5,3.5,5.0,0.25,1.0,15.16,15.76
336,0.98,514.5,294.0,110.25,7.0,2.0,0.25,2.0,28.67,29.62
337,0.98,514.5,294.0,110.25,7.0,3.0,0.25,2.0,28.57,29.69
338,0.98,514.5,294.0,110.25,7.0,4.0,0.25,2.0,28.18,30.18
339,0.98,514.5,294.0,110.25,7.0,5.0,0.25,2.0,28.6,30.02
340,0.9,563.5,318.5,122.5,7.0,2.0,0.25,2.0,32.46,35.56
341,0.9,563.5,318.5,122.5,7.0,3.0,0.25,2.0,33.27,32.64
342,0.9,563.5,318.5,122.5,7.0,4.0,0.25,2.0,32.33,32.77
343,0.9,563.5,318.5,122.5,7.0,5.0,0.25,2.0,31.66,37.72
344,0.86,588.0,294.0,147.0,7.0,2.0,0.25,2.0,29.34,33.37
345,0.86,588.0,294.0,147.0,7.0,3.0,0.25,2.0,29.87,27.89
346,0.86,588.0,294.0,147.0,7.0,4.0,0.25,2.0,29.27,29.9
347,0.86,588.0,294.0,147.0,7.0,5.0,0.25,2.0,28.4,34.52
348,0.82,612.5,318.5,147.0,7.0,2.0,0.25,2.0,25.74,28.27
349,0.82,612.5,318.5,147.0,7.0,3.0,0.25,2.0,25.98,26.96
350,0.82,612.5,318.5,147.0,7.0,4.0,0.25,2.0,25.38,26.72
351,0.82,612.5,318.5,147.0,7.0,5.0,0.25,2.0,24.94,29.88
352,0.79,637.0,343.0,147.0,7.0,2.0,0.25,2.0,38.57,43.86
353,0.79,637.0,343.0,147.0,7.0,3.0,0.25,2.0,40.19,37.41
354,0.79,637.0,343.0,147.0,7.0,4.0,0.25,2.0,39.97,36.77
355,0.79,637.0,343.0,147.0,7.0,5.0,0.25,2.0,38.98,45.97
356,0.76,661.5,416.5,122.5,7.0,2.0,0.25,2.0,36.95,36.87
357,0.76,661.5,416.5,122.5,7.0,3.0,0.25,2.0,36.28,37.35
358,0.76,661.5,416.5,122.5,7.0,4.0,0.25,2.0,36.86,37.28
359,0.76,661.5,416.5,122.5,7.0,5.0,0.25,2.0,36.45,36.81
360,0.74,686.0,245.0,220.5,3.5,2.0,0.25,2.0,12.35,14.73
361,0.74,686.0,245.0,220.5,3.5,3.0,0.25,2.0,12.45,15.1
362,0.74,686.0,245.0,220.5,3.5,4.0,0.25,2.0,12.16,15.18
363,0.74,686.0,245.0,220.5,3.5,5.0,0.25,2.0,12.3,15.44
364,0.71,710.5,269.5,220.5,3.5,2.0,0.25,2.0,12.33,14.91
365,0.71,710.5,269.5,220.5,3.5,3.0,0.25,2.0,12.29,15.4
366,0.71,710.5,269.5,220.5,3.5,4.0,0.25,2.0,12.2,14.94
367,0.71,710.5,269.5,220.5,3.5,5.0,0.25,2.0,12.49,15.32
368,0.69,735.0,294.0,220.5,3.5,2.0,0.25,2.0,12.85,15.52
369,0.69,735.0,294.0,220.5,3.5,3.0,0.25,2.0,12.87,15.85
370,0.69,735.0,294.0,220.5,3.5,4.0,0.25,2.0,12.73,15.66
371,0.69,735.0,294.0,220.5,3.5,5.0,0.25,2.0,12.95,15.99
372,0.66,759.5,318.5,220.5,3.5,2.0,0.25,2.0,13.05,15.89
373,0.66,759.5,318.5,220.5,3.5,3.0,0.25,2.0,12.93,15.85
374,0.66,759.5,318.5,220.5,3.5,4.0,0.25,2.0,12.77,16.22
375,0.66,759.5,318.5,220.5,3.5,5.0,0.25,2.0,13.0,15.87
376,0.64,784.0,343.0,220.5,3.5,2.0,0.25,2.0,17.14,20.47
377,0.64,784.0,343.0,220.5,3.5,3.0,0.25,2.0,16.84,20.56
378,0.64,784.0,343.0,220.5,3.5,4.0,0.25,2.0,17.02,20.48
379,0.64,784.0,343.0,220.5,3.5,5.0,0.25,2.0,17.11,20.43
380,0.62,808.5,367.5,220.5,3.5,2.0,0.25,2.0,14.34,15.32
381,0.62,808.5,367.5,220.5,3.5,3.0,0.25,2.0,14.66,15.64
382,0.62,808.5,367.5,220.5,3.5,4.0,0.25,2.0,14.6,15.14
383,0.62,808.5,367.5,220.5,3.5,5.0,0.25,2.0,14.6,15.3
384,0.98,514.5,294.0,110.25,7.0,2.0,0.25,3.0,28.67,29.43
385,0.98,514.5,294.0,110.25,7.0,3.0,0.25,3.0,28.56,29.78
386,0.98,514.5,294.0,110.25,7.0,4.0,0.25,3.0,28.17,30.1
387,0.98,514.5,294.0,110.25,7.0,5.0,0.25,3.0,28.63,30.19
388,0.9,563.5,318.5,122.5,7.0,2.0,0.25,3.0,31.63,36.35
389,0.9,563.5,318.5,122.5,7.0,3.0,0.25,3.0,32.4,35.1
390,0.9,563.5,318.5,122.5,7.0,4.0,0.25,3.0,32.68,32.83
391,0.9,563.5,318.5,122.5,7.0,5.0,0.25,3.0,32.29,32.46
392,0.86,588.0,294.0,147.0,7.0,2.0,0.25,3.0,28.4,33.52
393,0.86,588.0,294.0,147.0,7.0,3.0,0.25,3.0,29.4,32.93
394,0.86,588.0,294.0,147.0,7.0,4.0,0.25,3.0,29.43,28.38
395,0.86,588.0,294.0,147.0,7.0,5.0,0.25,3.0,29.07,29.82
396,0.82,612.5,318.5,147.0,7.0,2.0,0.25,3.0,24.7,28.77
397,0.82,612.5,318.5,147.0,7.0,3.0,0.25,3.0,25.48,27.76
398,0.82,612.5,318.5,147.0,7.0,4.0,0.25,3.0,25.37,26.95
399,0.82,612.5,318.5,147.0,7.0,5.0,0.25,3.0,25.17,26.41
400,0.79,637.0,343.0,147.0,7.0,2.0,0.25,3.0,39.04,45.13
401,0.79,637.0,343.0,147.0,7.0,3.0,0.25,3.0,38.35,43.66
402,0.79,637.0,343.0,147.0,7.0,4.0,0.25,3.0,39.81,37.76
403,0.79,637.0,343.0,147.0,7.0,5.0,0.25,3.0,39.83,36.87
404,0.76,661.5,416.5,122.5,7.0,2.0,0.25,3.0,35.99,36.07
405,0.76,661.5,416.5,122.5,7.0,3.0,0.25,3.0,36.59,36.44
406,0.76,661.5,416.5,122.5,7.0,4.0,0.25,3.0,35.64,37.28
407,0.76,661.5,416.5,122.5,7.0,5.0,0.25,3.0,36.52,37.29
408,0.74,686.0,245.0,220.5,3.5,2.0,0.25,3.0,11.8,14.49
409,0.74,686.0,245.0,220.5,3.5,3.0,0.25,3.0,12.03,13.79
410,0.74,686.0,245.0,220.5,3.5,4.0,0.25,3.0,11.98,14.72
411,0.74,686.0,245.0,220.5,3.5,5.0,0.25,3.0,11.69,14.76
412,0.71,710.5,269.5,220.5,3.5,2.0,0.25,3.0,12.41,14.92
413,0.71,710.5,269.5,220.5,3.5,3.0,0.25,3.0,12.28,14.74
414,0.71,710.5,269.5,220.5,3.5,4.0,0.25,3.0,12.1,15.57
415,0.71,710.5,269.5,220.5,3.5,5.0,0.25,3.0,12.19,14.94
416,0.69,735.0,294.0,220.5,3.5,2.0,0.25,3.0,12.34,14.92
417,0.69,735.0,294.0,220.5,3.5,3.0,0.25,3.0,12.46,14.38
418,0.69,735.0,294.0,220.5,3.5,4.0,0.25,3.0,12.31,15.44
419,0.69,735.0,294.0,220.5,3.5,5.0,0.25,3.0,12.12,15.17
420,0.66,759.5,318.5,220.5,3.5,2.0,0.25,3.0,12.97,15.53
421,0.66,759.5,318.5,220.5,3.5,3.0,0.25,3.0,13.01,15.8
422,0.66,759.5,318.5,220.5,3.5,4.0,0.25,3.0,12.74,16.14
423,0.66,759.5,318.5,220.5,3.5,5.0,0.25,3.0,12.84,16.26
424,0.64,784.0,343.0,220.5,3.5,2.0,0.25,3.0,16.83,19.87
425,0.64,784.0,343.0,220.5,3.5,3.0,0.25,3.0,16.93,20.03
426,0.64,784.0,343.0,220.5,3.5,4.0,0.25,3.0,16.66,20.46
427,0.64,784.0,343.0,220.5,3.5,5.0,0.25,3.0,16.86,20.28
428,0.62,808.5,367.5,220.5,3.5,2.0,0.25,3.0,13.91,14.89
429,0.62,808.5,367.5,220.5,3.5,3.0,0.25,3.0,14.34,14.96
430,0.62,808.5,367.5,220.5,3.5,4.0,0.25,3.0,13.95,14.89
431,0.62,808.5,367.5,220.5,3.5,5.0,0.25,3.0,13.99,14.35
432,0.98,514.5,294.0,110.25,7.0,2.0,0.25,4.0,28.7,29.61
433,0.98,514.5,294.0,110.25,7.0,3.0,0.25,4.0,28.55,29.59
434,0.98,514.5,294.0,110.25,7.0,4.0,0.25,4.0,28.15,30.19
435,0.98,514.5,294.0,110.25,7.0,5.0,0.25,4.0,28.62,30.12
436,0.9,563.5,318.5,122.5,7.0,2.0,0.25,4.0,32.67,32.12
437,0.9,563.5,318.5,122.5,7.0,3.0,0.25,4.0,31.69,37.12
438,0.9,563.5,318.5,122.5,7.0,4.0,0.25,4.0,32.07,36.16
439,0.9,563.5,318.5,122.5,7.0,5.0,0.25,4.0,33.28,33.16
440,0.86,588.0,294.0,147.0,7.0,2.0,0.25,4.0,29.47,29.45
441,0.86,588.0,294.0,147.0,7.0,3.0,0.25,4.0,28.42,34.19
442,0.86,588.0,294.0,147.0,7.0,4.0,0.25,4.0,29.08,33.93
443,0.86,588.0,294.0,147.0,7.0,5.0,0.25,4.0,29.88,28.31
444,0.82,612.5,318.5,147.0,7.0,2.0,0.25,4.0,25.66,26.3
445,0.82,612.5,318.5,147.0,7.0,3.0,0.25,4.0,24.96,29.43
446,0.82,612.5,318.5,147.0,7.0,4.0,0.25,4.0,25.43,28.76
447,0.82,612.5,318.5,147.0,7.0,5.0,0.25,4.0,26.0,27.34
448,0.79,637.0,343.0,147.0,7.0,2.0,0.25,4.0,40.0,36.26
449,0.79,637.0,343.0,147.0,7.0,3.0,0.25,4.0,38.84,45.48
450,0.79,637.0,343.0,147.0,7.0,4.0,0.25,4.0,38.33,44.16
451,0.79,637.0,343.0,147.0,7.0,5.0,0.25,4.0,40.12,37.26
452,0.76,661.5,416.5,122.5,7.0,2.0,0.25,4.0,36.95,37.2
453,0.76,661.5,416.5,122.5,7.0,3.0,0.25,4.0,36.45,36.76
454,0.76,661.5,416.5,122.5,7.0,4.0,0.25,4.0,36.81,37.05
455,0.76,661.5,416.5,122.5,7.0,5.0,0.25,4.0,36.26,37.51
456,0.74,686.0,245.0,220.5,3.5,2.0,0.25,4.0,12.32,14.92
457,0.74,686.0,245.0,220.5,3.5,3.0,0.25,4.0,12.3,15.24
458,0.74,686.0,245.0,220.5,3.5,4.0,0.25,4.0,12.18,15.03
459,0.74,686.0,245.0,220.5,3.5,5.0,0.25,4.0,12.43,15.35
460,0.71,710.5,269.5,220.5,3.5,2.0,0.25,4.0,12.36,14.67
461,0.71,710.5,269.5,220.5,3.5,3.0,0.25,4.0,12.49,15.09
462,0.71,710.5,269.5,220.5,3.5,4.0,0.25,4.0,12.17,15.2
463,0.71,710.5,269.5,220.5,3.5,5.0,0.25,4.0,12.28,15.64
464,0.69,735.0,294.0,220.5,3.5,2.0,0.25,4.0,12.91,15.37
465,0.69,735.0,294.0,220.5,3.5,3.0,0.25,4.0,12.95,15.73
466,0.69,735.0,294.0,220.5,3.5,4.0,0.25,4.0,12.67,15.83
467,0.69,735.0,294.0,220.5,3.5,5.0,0.25,4.0,12.86,16.13
468,0.66,759.5,318.5,220.5,3.5,2.0,0.25,4.0,12.95,15.95
469,0.66,759.5,318.5,220.5,3.5,3.0,0.25,4.0,13.0,15.59
470,0.66,759.5,318.5,220.5,3.5,4.0,0.25,4.0,12.86,16.17
471,0.66,759.5,318.5,220.5,3.5,5.0,0.25,4.0,12.92,16.14
472,0.64,784.0,343.0,220.5,3.5,2.0,0.25,4.0,16.99,19.65
473,0.64,784.0,343.0,220.5,3.5,3.0,0.25,4.0,16.69,19.76
474,0.64,784.0,343.0,220.5,3.5,4.0,0.25,4.0,16.56,20.37
475,0.64,784.0,343.0,220.5,3.5,5.0,0.25,4.0,16.62,19.9
476,0.62,808.5,367.5,220.5,3.5,2.0,0.25,4.0,14.33,15.41
477,0.62,808.5,367.5,220.5,3.5,3.0,0.25,4.0,14.61,15.56
478,0.62,808.5,367.5,220.5,3.5,4.0,0.25,4.0,14.61,15.07
479,0.62,808.5,367.5,220.5,3.5,5.0,0.25,4.0,14.65,15.38
480,0.98,514.5,294.0,110.25,7.0,2.0,0.25,5.0,28.69,29.53
481,0.98,514.5,294.0,110.25,7.0,3.0,0.25,5.0,28.58,29.77
482,0.98,514.5,294.0,110.25,7.0,4.0,0.25,5.0,28.15,30.0
483,0.98,514.5,294.0,110.25,7.0,5.0,0.25,5.0,28.61,30.2
484,0.9,563.5,318.5,122.5,7.0,2.0,0.25,5.0,33.13,32.25
485,0.9,563.5,318.5,122.5,7.0,3.0,0.25,5.0,32.31,32.0
486,0.9,563.5,318.5,122.5,7.0,4.0,0.25,5.0,31.53,37.19
487,0.9,563.5,318.5,122.5,7.0,5.0,0.25,5.0,32.46,35.62
488,0.86,588.0,294.0,147.0,7.0,2.0,0.25,5.0,29.71,28.02
489,0.86,588.0,294.0,147.0,7.0,3.0,0.25,5.0,29.09,29.43
490,0.86,588.0,294.0,147.0,7.0,4.0,0.25,5.0,28.31,34.15
491,0.86,588.0,294.0,147.0,7.0,5.0,0.25,5.0,29.39,33.47
492,0.82,612.5,318.5,147.0,7.0,2.0,0.25,5.0,25.7,26.53
493,0.82,612.5,318.5,147.0,7.0,3.0,0.25,5.0,25.17,26.08
494,0.82,612.5,318.5,147.0,7.0,4.0,0.25,5.0,24.6,29.31
495,0.82,612.5,318.5,147.0,7.0,5.0,0.25,5.0,25.49,28.14
496,0.79,637.0,343.0,147.0,7.0,2.0,0.25,5.0,39.89,37.54
497,0.79,637.0,343.0,147.0,7.0,3.0,0.25,5.0,39.83,36.66
498,0.79,637.0,343.0,147.0,7.0,4.0,0.25,5.0,39.01,45.28
499,0.79,637.0,343.0,147.0,7.0,5.0,0.25,5.0,38.65,43.73
500,0.76,661.5,416.5,122.5,7.0,2.0,0.25,5.0,35.69,36.93
501,0.76,661.5,416.5,122.5,7.0,3.0,0.25,5.0,36.64,37.01
502,0.76,661.5,416.5,122.5,7.0,4.0,0.25,5.0,36.06,35.73
503,0.76,661.5,416.5,122.5,7.0,5.0,0.25,5.0,36.7,36.15
504,0.74,686.0,245.0,220.5,3.5,2.0,0.25,5.0,12.12,14.48
505,0.74,686.0,245.0,220.5,3.5,3.0,0.25,5.0,11.67,14.58
506,0.74,686.0,245.0,220.5,3.5,4.0,0.25,5.0,11.64,14.81
507,0.74,686.0,245.0,220.5,3.5,5.0,0.25,5.0,12.02,14.03
508,0.71,710.5,269.5,220.5,3.5,2.0,0.25,5.0,12.27,15.27
509,0.71,710.5,269.5,220.5,3.5,3.0,0.25,5.0,12.19,14.71
510,0.71,710.5,269.5,220.5,3.5,4.0,0.25,5.0,12.25,15.23
511,0.71,710.5,269.5,220.5,3.5,5.0,0.25,5.0,12.27,14.97
512,0.69,735.0,294.0,220.5,3.5,2.0,0.25,5.0,12.47,15.14
513,0.69,735.0,294.0,220.5,3.5,3.0,0.25,5.0,12.12,14.97
514,0.69,735.0,294.0,220.5,3.5,4.0,0.25,5.0,12.18,15.22
515,0.69,735.0,294.0,220.5,3.5,5.0,0.25,5.0,12.47,14.6
516,0.66,759.5,318.5,220.5,3.5,2.0,0.25,5.0,12.93,15.83
517,0.66,759.5,318.5,220.5,3.5,3.0,0.25,5.0,12.82,16.03
518,0.66,759.5,318.5,220.5,3.5,4.0,0.25,5.0,12.78,15.8
519,0.66,759.5,318.5,220.5,3.5,5.0,0.25,5.0,13.02,16.06
520,0.64,784.0,343.0,220.5,3.5,2.0,0.25,5.0,16.73,20.13
521,0.64,784.0,343.0,220.5,3.5,3.0,0.25,5.0,16.86,20.01
522,0.64,784.0,343.0,220.5,3.5,4.0,0.25,5.0,16.76,20.19
523,0.64,784.0,343.0,220.5,3.5,5.0,0.25,5.0,16.92,20.29
524,0.62,808.5,367.5,220.5,3.5,2.0,0.25,5.0,13.68,15.19
525,0.62,808.5,367.5,220.5,3.5,3.0,0.25,5.0,13.99,14.61
526,0.62,808.5,367.5,220.5,3.5,4.0,0.25,5.0,14.16,14.61
527,0.62,808.5,367.5,220.5,3.5,5.0,0.25,5.0,13.86,14.75
528,0.98,514.5,294.0,110.25,7.0,2.0,0.4,1.0,32.26,33.37
529,0.98,514.5,294.0,110.25,7.0,3.0,0.4,1.0,32.26,33.34
530,0.98,514.5,294.0,110.25,7.0,4.0,0.4,1.0,32.49,32.83
531,0.98,514.5,294.0,110.25,7.0,5.0,0.4,1.0,32.53,33.04
532,0.9,563.5,318.5,122.5,7.0,2.0,0.4,1.0,36.47,39.28
533,0.9,563.5,318.5,122.5,7.0,3.0,0.4,1.0,37.24,36.38
534,0.9,563.5,318.5,122.5,7.0,4.0,0.4,1.0,36.66,35.92
535,0.9,563.5,318.5,122.5,7.0,5.0,0.4,1.0,35.96,40.99
536,0.86,588.0,294.0,147.0,7.0,2.0,0.4,1.0,31.89,35.99
537,0.86,588.0,294.0,147.0,7.0,3.0,0.4,1.0,32.39,30.66
538,0.86,588.0,294.0,147.0,7.0,4.0,0.4,1.0,32.09,31.7
539,0.86,588.0,294.0,147.0,7.0,5.0,0.4,1.0,31.29,36.73
540,0.82,612.5,318.5,147.0,7.0,2.0,0.4,1.0,29.22,31.71
541,0.82,612.5,318.5,147.0,7.0,3.0,0.4,1.0,29.91,29.13
542,0.82,612.5,318.5,147.0,7.0,4.0,0.4,1.0,29.53,28.99
543,0.82,612.5,318.5,147.0,7.0,5.0,0.4,1.0,28.65,33.54
544,0.79,637.0,343.0,147.0,7.0,2.0,0.4,1.0,41.4,45.29
545,0.79,637.0,343.0,147.0,7.0,3.0,0.4,1.0,42.62,39.07
546,0.79,637.0,343.0,147.0,7.0,4.0,0.4,1.0,42.5,38.35
547,0.79,637.0,343.0,147.0,7.0,5.0,0.4,1.0,41.67,46.94
548,0.76,661.5,416.5,122.5,7.0,2.0,0.4,1.0,40.78,39.55
549,0.76,661.5,416.5,122.5,7.0,3.0,0.4,1.0,39.97,40.85
550,0.76,661.5,416.5,122.5,7.0,4.0,0.4,1.0,40.71,40.63
551,0.76,661.5,416.5,122.5,7.0,5.0,0.4,1.0,40.43,39.48
552,0.74,686.0,245.0,220.5,3.5,2.0,0.4,1.0,14.52,16.94
553,0.74,686.0,245.0,220.5,3.5,3.0,0.4,1.0,14.61,17.25
554,0.74,686.0,245.0,220.5,3.5,4.0,0.4,1.0,14.5,17.03
555,0.74,686.0,245.0,220.5,3.5,5.0,0.4,1.0,14.55,17.25
556,0.71,710.5,269.5,220.5,3.5,2.0,0.4,1.0,14.51,17.1
557,0.71,710.5,269.5,220.5,3.5,3.0,0.4,1.0,14.6,17.51
558,0.71,710.5,269.5,220.5,3.5,4.0,0.4,1.0,14.5,17.12
559,0.71,710.5,269.5,220.5,3.5,5.0,0.4,1.0,14.58,17.47
560,0.69,735.0,294.0,220.5,3.5,2.0,0.4,1.0,14.51,16.5
561,0.69,735.0,294.0,220.5,3.5,3.0,0.4,1.0,14.7,17.0
562,0.69,735.0,294.0,220.5,3.5,4.0,0.4,1.0,14.42,16.87
563,0.69,735.0,294.0,220.5,3.5,5.0,0.4,1.0,14.42,17.2
564,0.66,759.5,318.5,220.5,3.5,2.0,0.4,1.0,15.23,18.14
565,0.66,759.5,318.5,220.5,3.5,3.0,0.4,1.0,15.23,18.03
566,0.66,759.5,318.5,220.5,3.5,4.0,0.4,1.0,15.23,18.14
567,0.66,759.5,318.5,220.5,3.5,5.0,0.4,1.0,15.23,17.95
568,0.64,784.0,343.0,220.5,3.5,2.0,0.4,1.0,19.52,22.72
569,0.64,784.0,343.0,220.5,3.5,3.0,0.4,1.0,19.36,22.73
570,0.64,784.0,343.0,220.5,3.5,4.0,0.4,1.0,19.48,22.72
571,0.64,784.0,343.0,220.5,3.5,5.0,0.4,1.0,19.42,22.53
572,0.62,808.5,367.5,220.5,3.5,2.0,0.4,1.0,15.09,17.2
573,0.62,808.5,367.5,220.5,3.5,3.0,0.4,1.0,17.17,17.21
574,0.62,808.5,367.5,220.5,3.5,4.0,0.4,1.0,17.14,17.15
575,0.62,808.5,367.5,220.5,3.5,5.0,0.4,1.0,17.14,17.2
576,0.98,514.5,294.0,110.25,7.0,2.0,0.4,2.0,32.82,32.96
577,0.98,514.5,294.0,110.25,7.0,3.0,0.4,2.0,32.71,33.13
578,0.98,514.5,294.0,110.25,7.0,4.0,0.4,2.0,32.24,33.94
579,0.98,514.5,294.0,110.25,7.0,5.0,0.4,2.0,32.72,33.78
580,0.9,563.5,318.5,122.5,7.0,2.0,0.4,2.0,35.84,38.35
581,0.9,563.5,318.5,122.5,7.0,3.0,0.4,2.0,36.57,35.39
582,0.9,563.5,318.5,122.5,7.0,4.0,0.4,2.0,36.06,34.94
583,0.9,563.5,318.5,122.5,7.0,5.0,0.4,2.0,35.69,40.66
584,0.86,588.0,294.0,147.0,7.0,2.0,0.4,2.0,32.48,35.48
585,0.86,588.0,294.0,147.0,7.0,3.0,0.4,2.0,32.74,30.53
586,0.86,588.0,294.0,147.0,7.0,4.0,0.4,2.0,32.13,32.28
587,0.86,588.0,294.0,147.0,7.0,5.0,0.4,2.0,31.64,36.86
588,0.82,612.5,318.5,147.0,7.0,2.0,0.4,2.0,28.95,30.34
589,0.82,612.5,318.5,147.0,7.0,3.0,0.4,2.0,29.49,27.93
590,0.82,612.5,318.5,147.0,7.0,4.0,0.4,2.0,28.64,28.95
591,0.82,612.5,318.5,147.0,7.0,5.0,0.4,2.0,28.01,32.92
592,0.79,637.0,343.0,147.0,7.0,2.0,0.4,2.0,41.64,45.59
593,0.79,637.0,343.0,147.0,7.0,3.0,0.4,2.0,43.1,39.41
594,0.79,637.0,343.0,147.0,7.0,4.0,0.4,2.0,42.74,38.84
595,0.79,637.0,343.0,147.0,7.0,5.0,0.4,2.0,41.92,48.03
596,0.76,661.5,416.5,122.5,7.0,2.0,0.4,2.0,40.78,39.48
597,0.76,661.5,416.5,122.5,7.0,3.0,0.4,2.0,40.15,40.4
598,0.76,661.5,416.5,122.5,7.0,4.0,0.4,2.0,40.57,40.47
599,0.76,661.5,416.5,122.5,7.0,5.0,0.4,2.0,40.42,39.7
600,0.74,686.0,245.0,220.5,3.5,2.0,0.4,2.0,14.54,16.43
601,0.74,686.0,245.0,220.5,3.5,3.0,0.4,2.0,14.45,16.93
602,0.74,686.0,245.0,220.5,3.5,4.0,0.4,2.0,14.18,16.99
603,0.74,686.0,245.0,220.5,3.5,5.0,0.4,2.0,14.5,17.03
604,0.71,710.5,269.5,220.5,3.5,2.0,0.4,2.0,14.7,16.77
605,0.71,710.5,269.5,220.5,3.5,3.0,0.4,2.0,14.66,17.37
606,0.71,710.5,269.5,220.5,3.5,4.0,0.4,2.0,14.4,17.27
607,0.71,710.5,269.5,220.5,3.5,5.0,0.4,2.0,14.71,17.51
608,0.69,735.0,294.0,220.5,3.5,2.0,0.4,2.0,14.75,16.44
609,0.69,735.0,294.0,220.5,3.5,3.0,0.4,2.0,14.71,17.01
610,0.69,735.0,294.0,220.5,3.5,4.0,0.4,2.0,14.33,17.23
611,0.69,735.0,294.0,220.5,3.5,5.0,0.4,2.0,14.62,17.22
612,0.66,759.5,318.5,220.5,3.5,2.0,0.4,2.0,15.34,17.85
613,0.66,759.5,318.5,220.5,3.5,3.0,0.4,2.0,15.29,17.89
614,0.66,759.5,318.5,220.5,3.5,4.0,0.4,2.0,15.09,18.36
615,0.66,759.5,318.5,220.5,3.5,5.0,0.4,2.0,15.3,18.15
616,0.64,784.0,343.0,220.5,3.5,2.0,0.4,2.0,19.2,21.72
617,0.64,784.0,343.0,220.5,3.5,3.0,0.4,2.0,18.88,22.07
618,0.64,784.0,343.0,220.5,3.5,4.0,0.4,2.0,18.9,22.09
619,0.64,784.0,343.0,220.5,3.5,5.0,0.4,2.0,19.12,21.93
620,0.62,808.5,367.5,220.5,3.5,2.0,0.4,2.0,16.76,17.36
621,0.62,808.5,367.5,220.5,3.5,3.0,0.4,2.0,17.23,17.38
622,0.62,808.5,367.5,220.5,3.5,4.0,0.4,2.0,17.26,16.86
623,0.62,808.5,367.5,220.5,3.5,5.0,0.4,2.0,17.15,16.99
624,0.98,514.5,294.0,110.25,7.0,2.0,0.4,3.0,32.82,32.78
625,0.98,514.5,294.0,110.25,7.0,3.0,0.4,3.0,32.69,33.24
626,0.98,514.5,294.0,110.25,7.0,4.0,0.4,3.0,32.23,33.86
627,0.98,514.5,294.0,110.25,7.0,5.0,0.4,3.0,32.75,34.0
628,0.9,563.5,318.5,122.5,7.0,2.0,0.4,3.0,34.24,37.26
629,0.9,563.5,318.5,122.5,7.0,3.0,0.4,3.0,34.95,35.04
630,0.9,563.5,318.5,122.5,7.0,4.0,0.4,3.0,35.05,33.82
631,0.9,563.5,318.5,122.5,7.0,5.0,0.4,3.0,34.29,33.31
632,0.86,588.0,294.0,147.0,7.0,2.0,0.4,3.0,31.28,35.22
633,0.86,588.0,294.0,147.0,7.0,3.0,0.4,3.0,32.12,34.7
634,0.86,588.0,294.0,147.0,7.0,4.0,0.4,3.0,32.05,30.11
635,0.86,588.0,294.0,147.0,7.0,5.0,0.4,3.0,31.84,31.6
636,0.82,612.5,318.5,147.0,7.0,2.0,0.4,3.0,28.67,32.43
637,0.82,612.5,318.5,147.0,7.0,3.0,0.4,3.0,29.67,30.65
638,0.82,612.5,318.5,147.0,7.0,4.0,0.4,3.0,29.47,29.77
639,0.82,612.5,318.5,147.0,7.0,5.0,0.4,3.0,28.91,29.64
640,0.79,637.0,343.0,147.0,7.0,2.0,0.4,3.0,41.26,46.44
641,0.79,637.0,343.0,147.0,7.0,3.0,0.4,3.0,41.3,44.18
642,0.79,637.0,343.0,147.0,7.0,4.0,0.4,3.0,42.49,38.81
643,0.79,637.0,343.0,147.0,7.0,5.0,0.4,3.0,42.08,38.23
644,0.76,661.5,416.5,122.5,7.0,2.0,0.4,3.0,39.32,38.17
645,0.76,661.5,416.5,122.5,7.0,3.0,0.4,3.0,39.84,38.48
646,0.76,661.5,416.5,122.5,7.0,4.0,0.4,3.0,38.89,39.66
647,0.76,661.5,416.5,122.5,7.0,5.0,0.4,3.0,39.68,40.1
648,0.74,686.0,245.0,220.5,3.5,2.0,0.4,3.0,13.97,16.08
649,0.74,686.0,245.0,220.5,3.5,3.0,0.4,3.0,14.22,15.39
650,0.74,686.0,245.0,220.5,3.5,4.0,0.4,3.0,14.1,16.57
651,0.74,686.0,245.0,220.5,3.5,5.0,0.4,3.0,13.78,16.6
652,0.71,710.5,269.5,220.5,3.5,2.0,0.4,3.0,14.07,16.11
653,0.71,710.5,269.5,220.5,3.5,3.0,0.4,3.0,14.03,15.47
654,0.71,710.5,269.5,220.5,3.5,4.0,0.4,3.0,13.94,16.7
655,0.71,710.5,269.5,220.5,3.5,5.0,0.4,3.0,13.86,16.1
656,0.69,735.0,294.0,220.5,3.5,2.0,0.4,3.0,14.32,16.35
657,0.69,735.0,294.0,220.5,3.5,3.0,0.4,3.0,14.56,15.84
658,0.69,735.0,294.0,220.5,3.5,4.0,0.4,3.0,14.33,16.99
659,0.69,735.0,294.0,220.5,3.5,5.0,0.4,3.0,14.08,17.02
660,0.66,759.5,318.5,220.5,3.5,2.0,0.4,3.0,15.16,17.04
661,0.66,759.5,318.5,220.5,3.5,3.0,0.4,3.0,15.18,17.63
662,0.66,759.5,318.5,220.5,3.5,4.0,0.4,3.0,14.72,18.1
663,0.66,759.5,318.5,220.5,3.5,5.0,0.4,3.0,14.9,18.22
664,0.64,784.0,343.0,220.5,3.5,2.0,0.4,3.0,18.48,20.78
665,0.64,784.0,343.0,220.5,3.5,3.0,0.4,3.0,18.71,20.72
666,0.64,784.0,343.0,220.5,3.5,4.0,0.4,3.0,18.48,21.54
667,0.64,784.0,343.0,220.5,3.5,5.0,0.4,3.0,18.46,21.53
668,0.62,808.5,367.5,220.5,3.5,2.0,0.4,3.0,16.47,16.9
669,0.62,808.5,367.5,220.5,3.5,3.0,0.4,3.0,16.35,17.14
670,0.62,808.5,367.5,220.5,3.5,4.0,0.4,3.0,16.55,16.56
671,0.62,808.5,367.5,220.5,3.5,5.0,0.4,3.0,16.74,16.0
672,0.98,514.5,294.0,110.25,7.0,2.0,0.4,4.0,32.85,32.95
673,0.98,514.5,294.0,110.25,7.0,3.0,0.4,4.0,32.67,33.06
674,0.98,514.5,294.0,110.25,7.0,4.0,0.4,4.0,32.21,33.95
675,0.98,514.5,294.0,110.25,7.0,5.0,0.4,4.0,32.74,33.88
676,0.9,563.5,318.5,122.5,7.0,2.0,0.4,4.0,36.45,33.98
677,0.9,563.5,318.5,122.5,7.0,3.0,0.4,4.0,35.73,39.92
678,0.9,563.5,318.5,122.5,7.0,4.0,0.4,4.0,35.4,39.22
679,0.9,563.5,318.5,122.5,7.0,5.0,0.4,4.0,36.57,36.1
680,0.86,588.0,294.0,147.0,7.0,2.0,0.4,4.0,32.38,31.53
681,0.86,588.0,294.0,147.0,7.0,3.0,0.4,4.0,31.66,36.2
682,0.86,588.0,294.0,147.0,7.0,4.0,0.4,4.0,32.15,36.21
683,0.86,588.0,294.0,147.0,7.0,5.0,0.4,4.0,32.75,31.0
684,0.82,612.5,318.5,147.0,7.0,2.0,0.4,4.0,28.93,28.2
685,0.82,612.5,318.5,147.0,7.0,3.0,0.4,4.0,28.05,32.35
686,0.82,612.5,318.5,147.0,7.0,4.0,0.4,4.0,28.64,31.14
687,0.82,612.5,318.5,147.0,7.0,5.0,0.4,4.0,29.52,28.43
688,0.79,637.0,343.0,147.0,7.0,2.0,0.4,4.0,42.77,38.33
689,0.79,637.0,343.0,147.0,7.0,3.0,0.4,4.0,41.73,47.59
690,0.79,637.0,343.0,147.0,7.0,4.0,0.4,4.0,41.32,46.23
691,0.79,637.0,343.0,147.0,7.0,5.0,0.4,4.0,42.96,39.56
692,0.76,661.5,416.5,122.5,7.0,2.0,0.4,4.0,40.68,40.36
693,0.76,661.5,416.5,122.5,7.0,3.0,0.4,4.0,40.4,39.67
694,0.76,661.5,416.5,122.5,7.0,4.0,0.4,4.0,40.6,39.85
695,0.76,661.5,416.5,122.5,7.0,5.0,0.4,4.0,40.11,40.77
696,0.74,686.0,245.0,220.5,3.5,2.0,0.4,4.0,14.37,16.61
697,0.74,686.0,245.0,220.5,3.5,3.0,0.4,4.0,14.48,16.74
698,0.74,686.0,245.0,220.5,3.5,4.0,0.4,4.0,14.32,16.9
699,0.74,686.0,245.0,220.5,3.5,5.0,0.4,4.0,14.44,17.32
700,0.71,710.5,269.5,220.5,3.5,2.0,0.4,4.0,14.6,16.85
701,0.71,710.5,269.5,220.5,3.5,3.0,0.4,4.0,14.7,17.2
702,0.71,710.5,269.5,220.5,3.5,4.0,0.4,4.0,14.47,17.23
703,0.71,710.5,269.5,220.5,3.5,5.0,0.4,4.0,14.66,17.74
704,0.69,735.0,294.0,220.5,3.5,2.0,0.4,4.0,14.54,16.81
705,0.69,735.0,294.0,220.5,3.5,3.0,0.4,4.0,14.62,16.88
706,0.69,735.0,294.0,220.5,3.5,4.0,0.4,4.0,14.53,16.9
707,0.69,735.0,294.0,220.5,3.5,5.0,0.4,4.0,14.71,17.39
708,0.66,759.5,318.5,220.5,3.5,2.0,0.4,4.0,15.34,17.86
709,0.66,759.5,318.5,220.5,3.5,3.0,0.4,4.0,15.29,17.82
710,0.66,759.5,318.5,220.5,3.5,4.0,0.4,4.0,15.09,18.36
711,0.66,759.5,318.5,220.5,3.5,5.0,0.4,4.0,15.3,18.24
712,0.64,784.0,343.0,220.5,3.5,2.0,0.4,4.0,19.06,21.68
713,0.64,784.0,343.0,220.5,3.5,3.0,0.4,4.0,19.13,21.54
714,0.64,784.0,343.0,220.5,3.5,4.0,0.4,4.0,19.0,22.25
715,0.64,784.0,343.0,220.5,3.5,5.0,0.4,4.0,18.84,22.49
716,0.62,808.5,367.5,220.5,3.5,2.0,0.4,4.0,16.44,17.1
717,0.62,808.5,367.5,220.5,3.5,3.0,0.4,4.0,16.9,16.79
718,0.62,808.5,367.5,220.5,3.5,4.0,0.4,4.0,16.94,16.58
719,0.62,808.5,367.5,220.5,3.5,5.0,0.4,4.0,16.77,16.79
720,0.98,514.5,294.0,110.25,7.0,2.0,0.4,5.0,32.84,32.88
721,0.98,514.5,294.0,110.25,7.0,3.0,0.4,5.0,32.72,33.23
722,0.98,514.5,294.0,110.25,7.0,4.0,0.4,5.0,32.21,33.76
723,0.98,514.5,294.0,110.25,7.0,5.0,0.4,5.0,32.73,34.01
724,0.9,563.5,318.5,122.5,7.0,2.0,0.4,5.0,35.67,33.94
725,0.9,563.5,318.5,122.5,7.0,3.0,0.4,5.0,35.01,33.14
726,0.9,563.5,318.5,122.5,7.0,4.0,0.4,5.0,34.72,38.79
727,0.9,563.5,318.5,122.5,7.0,5.0,0.4,5.0,35.24,37.27
728,0.86,588.0,294.0,147.0,7.0,2.0,0.4,5.0,32.31,29.69
729,0.86,588.0,294.0,147.0,7.0,3.0,0.4,5.0,31.81,31.2
730,0.86,588.0,294.0,147.0,7.0,4.0,0.4,5.0,31.12,36.26
731,0.86,588.0,294.0,147.0,7.0,5.0,0.4,5.0,32.06,35.71
732,0.82,612.5,318.5,147.0,7.0,2.0,0.4,5.0,30.0,29.93
733,0.82,612.5,318.5,147.0,7.0,3.0,0.4,5.0,29.5,29.56
734,0.82,612.5,318.5,147.0,7.0,4.0,0.4,5.0,29.06,33.84
735,0.82,612.5,318.5,147.0,7.0,5.0,0.4,5.0,29.92,32.54
736,0.79,637.0,343.0,147.0,7.0,2.0,0.4,5.0,42.11,38.56
737,0.79,637.0,343.0,147.0,7.0,3.0,0.4,5.0,41.96,37.7
738,0.79,637.0,343.0,147.0,7.0,4.0,0.4,5.0,41.09,47.01
739,0.79,637.0,343.0,147.0,7.0,5.0,0.4,5.0,40.79,44.87
740,0.76,661.5,416.5,122.5,7.0,2.0,0.4,5.0,38.82,39.37
741,0.76,661.5,416.5,122.5,7.0,3.0,0.4,5.0,39.72,39.8
742,0.76,661.5,416.5,122.5,7.0,4.0,0.4,5.0,39.31,37.79
743,0.76,661.5,416.5,122.5,7.0,5.0,0.4,5.0,39.86,38.18
744,0.74,686.0,245.0,220.5,3.5,2.0,0.4,5.0,14.41,16.69
745,0.74,686.0,245.0,220.5,3.5,3.0,0.4,5.0,14.19,16.62
746,0.74,686.0,245.0,220.5,3.5,4.0,0.4,5.0,14.17,16.94
747,0.74,686.0,245.0,220.5,3.5,5.0,0.4,5.0,14.39,16.7
748,0.71,710.5,269.5,220.5,3.5,2.0,0.4,5.0,12.43,15.59
749,0.71,710.5,269.5,220.5,3.5,3.0,0.4,5.0,12.63,14.58
750,0.71,710.5,269.5,220.5,3.5,4.0,0.4,5.0,12.76,15.33
751,0.71,710.5,269.5,220.5,3.5,5.0,0.4,5.0,12.42,15.31
752,0.69,735.0,294.0,220.5,3.5,2.0,0.4,5.0,14.12,16.63
753,0.69,735.0,294.0,220.5,3.5,3.0,0.4,5.0,14.28,15.87
754,0.69,735.0,294.0,220.5,3.5,4.0,0.4,5.0,14.37,16.54
755,0.69,735.0,294.0,220.5,3.5,5.0,0.4,5.0,14.21,16.74
756,0.66,759.5,318.5,220.5,3.5,2.0,0.4,5.0,14.96,17.64
757,0.66,759.5,318.5,220.5,3.5,3.0,0.4,5.0,14.92,17.79
758,0.66,759.5,318.5,220.5,3.5,4.0,0.4,5.0,14.92,17.55
759,0.66,759.5,318.5,220.5,3.5,5.0,0.4,5.0,15.16,18.06
760,0.64,784.0,343.0,220.5,3.5,2.0,0.4,5.0,17.69,20.82
761,0.64,784.0,343.0,220.5,3.5,3.0,0.4,5.0,18.19,20.21
762,0.64,784.0,343.0,220.5,3.5,4.0,0.4,5.0,18.16,20.71
763,0.64,784.0,343.0,220.5,3.5,5.0,0.4,5.0,17.88,21.4
764,0.62,808.5,367.5,220.5,3.5,2.0,0.4,5.0,16.54,16.88
765,0.62,808.5,367.5,220.5,3.5,3.0,0.4,5.0,16.44,17.11
766,0.62,808.5,367.5,220.5,3.5,4.0,0.4,5.0,16.48,16.61
767,0.62,808.5,367.5,220.5,3.5,5.0,0.4,5.0,16.64,16.03
