,userID,BusinessTravel,DailyRate,DistanceFromHome,Education,EmployeeCount,EmployeeNumber,EnvironmentSatisfaction,Gender,HourlyRate,JobInvolvement,JobSatisfaction,MonthlyIncome,MonthlyRate,NumCompaniesWorked,OverTime,PercentSalaryHike,PerformanceRating,RelationshipSatisfaction,StandardHours,StockOptionLevel,TotalWorkingYears,TrainingTimesLastYear,WorkLifeBalance,YearsAtCompany,YearsInCurrentRole,YearsSinceLastPromotion,YearsWithCurrManager
0,317991,Travel_Rarely,1102,1,2,1,1,2,Female,94,3,4,5993,19479,8,Yes,11,3,1,80,0,8,0,1,6,4,0,5
1,241892,Travel_Frequently,279,8,1,1,2,3,Male,61,2,2,5130,24907,1,No,23,4,4,80,1,10,3,3,10,7,1,7
2,303376,Travel_Rarely,1373,2,2,1,4,4,Male,92,2,3,2090,2396,6,Yes,15,3,2,80,0,7,3,3,0,0,0,0
3,761992,Travel_Frequently,1392,3,4,1,5,4,Female,56,3,3,2909,23159,1,Yes,11,3,3,80,0,8,3,3,8,7,3,0
4,373318,Travel_Rarely,591,2,1,1,7,1,Male,40,3,2,3468,16632,9,No,12,3,4,80,1,6,3,3,2,2,2,2
5,938770,Travel_Frequently,1005,2,2,1,8,4,Male,79,3,4,3068,11864,0,No,13,3,3,80,0,8,2,2,7,7,3,6
6,676003,Travel_Rarely,1324,3,3,1,10,3,Female,81,4,1,2670,9964,4,Yes,20,4,1,80,3,12,3,2,1,0,0,0
7,255073,Travel_Rarely,1358,24,1,1,11,4,Male,67,3,3,2693,13335,1,No,22,4,2,80,1,1,2,3,1,0,0,0
8,468560,Travel_Frequently,216,23,3,1,12,4,Male,44,2,3,9526,8787,0,No,21,4,2,80,0,10,2,3,9,7,1,8
9,263592,Travel_Rarely,1299,27,3,1,13,3,Male,94,3,3,5237,16577,6,No,13,3,2,80,2,17,3,2,7,7,7,7
10,660506,Travel_Rarely,809,16,3,1,14,1,Male,84,4,2,2426,16479,0,No,13,3,3,80,1,6,5,3,5,4,0,3
11,244162,Travel_Rarely,153,15,2,1,15,4,Female,49,2,3,4193,12682,0,Yes,12,3,4,80,0,10,3,3,9,5,0,8
12,774730,Travel_Rarely,670,26,1,1,16,1,Male,31,3,3,2911,15170,1,No,17,3,4,80,1,5,1,2,5,2,4,3
13,911014,Travel_Rarely,1346,19,2,1,18,2,Male,93,3,4,2661,8758,0,No,11,3,3,80,1,3,2,3,2,2,1,2
14,601633,Travel_Rarely,103,24,3,1,19,3,Male,50,2,3,2028,12947,5,Yes,14,3,2,80,0,6,4,3,4,2,0,3
15,645054,Travel_Rarely,1389,21,4,1,20,2,Female,51,4,1,9980,10195,1,No,11,3,3,80,1,10,1,3,10,9,8,8
16,255830,Travel_Rarely,334,5,2,1,21,1,Male,80,4,2,3298,15053,0,Yes,12,3,4,80,2,7,5,2,6,2,0,5
17,353527,Non-Travel,1123,16,2,1,22,4,Male,96,4,4,2935,7324,1,Yes,13,3,2,80,2,1,2,2,1,0,0,0
18,531937,Travel_Rarely,1219,2,4,1,23,1,Female,78,2,4,15427,22021,2,No,16,3,3,80,0,31,3,3,25,8,3,7
19,413250,Travel_Rarely,371,2,3,1,24,4,Male,45,3,4,3944,4306,5,Yes,11,3,3,80,0,6,3,3,3,2,1,2
20,601958,Non-Travel,673,11,2,1,26,1,Female,96,4,3,4011,8232,0,No,18,3,4,80,1,5,5,2,4,2,1,3
21,596063,Travel_Rarely,1218,9,4,1,27,3,Male,82,2,1,3407,6986,7,No,23,4,2,80,0,10,4,3,5,3,0,3
22,764821,Travel_Rarely,419,7,4,1,28,1,Female,53,3,2,11994,21293,0,No,11,3,3,80,0,13,4,3,12,6,2,11
23,880689,Travel_Rarely,391,15,2,1,30,3,Male,96,3,4,1232,19281,1,No,14,3,4,80,0,0,6,3,0,0,0,0
24,340001,Travel_Rarely,699,6,1,1,31,2,Male,83,3,1,2960,17102,2,No,11,3,3,80,0,8,2,3,4,2,1,3
25,512604,Travel_Rarely,1282,5,3,1,32,3,Female,58,3,3,19094,10735,4,No,11,3,4,80,1,26,3,2,14,13,4,8
26,165305,Travel_Frequently,1125,16,1,1,33,2,Female,72,1,1,3919,4681,1,Yes,22,4,2,80,0,10,5,3,10,2,6,7
27,334769,Travel_Rarely,691,8,4,1,35,3,Male,48,3,2,6825,21173,0,No,11,3,4,80,1,10,2,3,9,7,4,2
28,564061,Travel_Rarely,477,7,4,1,36,1,Female,42,2,4,10248,2094,3,No,14,3,4,80,1,24,4,3,22,6,5,17
29,306495,Travel_Rarely,705,2,4,1,38,2,Female,83,3,1,18947,22822,3,No,12,3,4,80,0,22,2,2,2,2,2,1
30,647912,Travel_Rarely,924,2,3,1,39,3,Male,78,3,4,2496,6670,4,No,11,3,4,80,0,7,3,3,1,1,0,0
31,946059,Travel_Rarely,1459,10,4,1,40,4,Male,41,3,4,6465,19121,2,Yes,13,3,4,80,0,9,5,4,4,2,1,3
32,917315,Travel_Rarely,125,9,2,1,41,4,Male,83,2,3,2206,16117,1,No,13,3,1,80,0,10,5,3,10,0,1,8
33,504629,Travel_Rarely,895,5,3,1,42,4,Male,56,3,4,2086,3335,3,No,14,3,3,80,1,19,6,4,1,0,0,0
34,520229,Travel_Rarely,813,1,3,1,45,2,Male,61,3,4,2293,3020,2,Yes,16,3,1,80,1,6,2,2,2,0,2,0
35,861916,Travel_Rarely,1273,2,2,1,46,4,Female,72,4,3,2645,21923,1,No,12,3,4,80,2,6,3,2,5,3,1,4
36,308845,Travel_Rarely,869,3,2,1,47,1,Male,86,2,3,2683,3810,1,Yes,14,3,3,80,0,3,2,3,3,2,0,2
37,654987,Travel_Rarely,890,2,3,1,49,4,Female,97,3,4,2014,9687,1,No,13,3,1,80,0,2,3,3,2,2,2,2
38,398531,Travel_Rarely,852,5,4,1,51,2,Female,82,2,1,3419,13072,9,Yes,14,3,4,80,1,6,3,4,1,1,0,0
39,327507,Travel_Frequently,1141,1,3,1,52,3,Female,42,4,1,5376,3193,2,No,19,3,1,80,2,10,3,3,5,3,1,3
40,888670,Travel_Rarely,464,4,2,1,53,3,Male,75,3,4,1951,10910,1,No,12,3,3,80,1,1,3,3,1,0,0,0
41,449514,Travel_Rarely,1240,2,4,1,54,4,Female,33,3,1,2341,19715,1,No,13,3,4,80,1,1,6,3,1,0,0,0
42,819045,Travel_Rarely,1357,25,3,1,55,1,Male,48,1,3,2293,10558,1,No,12,3,3,80,0,1,2,2,1,0,0,1
43,899768,Travel_Frequently,994,8,3,1,56,4,Male,37,3,3,8726,2975,1,No,15,3,4,80,0,9,0,3,9,8,1,7
44,251233,Travel_Frequently,721,1,2,1,57,3,Female,58,3,4,4011,10781,1,No,23,4,4,80,0,12,2,3,12,8,3,7
45,344946,Travel_Rarely,1360,12,3,1,58,2,Female,49,3,3,19545,16280,1,No,12,3,4,80,0,23,0,3,22,15,15,8
46,932285,Non-Travel,1065,23,4,1,60,2,Male,72,3,3,4568,10034,0,No,20,4,3,80,0,10,2,3,9,5,8,7
47,169664,Travel_Rarely,408,19,2,1,61,2,Male,73,3,2,3022,10227,4,No,21,4,1,80,0,8,1,3,1,0,0,0
48,265615,Travel_Frequently,1211,5,4,1,62,1,Male,98,3,4,5772,20445,4,Yes,21,4,3,80,0,14,4,3,9,6,0,8
49,867078,Travel_Rarely,1229,8,1,1,63,4,Male,36,4,4,2269,4892,1,No,19,3,4,80,0,1,2,3,1,0,0,1
50,618568,Travel_Rarely,626,1,2,1,64,1,Male,98,2,3,5381,19294,9,Yes,13,3,4,80,0,23,2,3,1,0,0,0
51,512128,Travel_Rarely,1434,5,4,1,65,3,Male,50,3,3,3441,11179,1,Yes,13,3,3,80,0,2,3,2,2,2,2,2
52,222875,Travel_Rarely,1488,1,5,1,68,2,Female,75,3,1,5454,4009,5,Yes,21,4,3,80,1,9,2,2,4,3,1,3
53,160212,Non-Travel,1097,11,2,1,70,3,Male,79,2,1,9884,8302,2,Yes,13,3,3,80,1,10,3,3,4,0,2,3
54,466624,Travel_Rarely,1443,23,3,1,72,3,Female,47,2,4,4157,21436,7,Yes,19,3,3,80,1,5,2,2,2,2,0,0
55,903438,Travel_Frequently,515,1,2,1,73,1,Female,98,3,4,13458,15146,1,Yes,12,3,3,80,0,15,1,3,15,14,8,12
56,957997,Travel_Frequently,853,18,5,1,74,2,Male,71,3,1,9069,11031,1,No,22,4,4,80,1,9,3,2,9,8,1,8
57,362662,Travel_Rarely,1142,23,4,1,75,3,Female,30,3,1,4014,16002,3,Yes,15,3,3,80,1,4,3,3,2,2,2,2
58,892546,Travel_Rarely,655,7,4,1,76,4,Male,48,3,4,5915,9528,3,No,22,4,4,80,1,10,3,2,7,7,1,7
59,777470,Travel_Rarely,1115,1,4,1,77,1,Male,51,2,3,5993,2689,1,No,18,3,3,80,1,7,2,4,7,5,0,7
60,397912,Travel_Rarely,427,1,3,1,78,1,Male,33,3,4,6162,10877,1,Yes,22,4,2,80,1,9,3,3,9,8,7,8
61,123562,Travel_Frequently,653,29,5,1,79,4,Female,50,3,4,2406,5456,1,No,11,3,4,80,0,10,2,3,10,3,9,9
62,939524,Travel_Rarely,989,7,2,1,80,2,Female,43,2,3,18740,16701,5,Yes,12,3,4,80,1,29,2,2,27,3,13,8
63,387676,Travel_Rarely,1435,25,3,1,81,1,Female,99,3,1,7637,2354,7,No,11,3,4,80,0,28,3,2,21,16,7,9
64,860681,Travel_Rarely,1223,8,3,1,83,3,Female,59,3,3,10096,8202,1,No,13,3,2,80,3,17,2,3,17,14,12,8
65,789726,Travel_Rarely,836,8,3,1,84,4,Female,33,3,3,14756,19730,2,Yes,14,3,3,80,3,21,2,3,5,0,0,2
66,167822,Travel_Frequently,1195,11,3,1,85,2,Male,95,2,2,6499,22656,1,No,13,3,3,80,0,6,3,3,6,5,0,3
67,571370,Travel_Rarely,1339,7,3,1,86,2,Male,59,3,1,9724,18787,2,No,17,3,3,80,1,25,2,3,1,0,0,0
68,863210,Travel_Frequently,664,1,3,1,88,2,Male,79,3,1,2194,5868,4,No,13,3,4,80,1,5,2,2,3,2,1,2
69,717780,Travel_Rarely,318,9,3,1,90,4,Male,79,2,3,3388,21777,0,Yes,17,3,1,80,1,2,0,2,1,0,0,0
70,863592,Travel_Frequently,1225,1,1,1,91,1,Female,57,2,3,5473,24668,7,No,11,3,4,80,0,20,2,2,4,3,1,3
71,898254,Travel_Rarely,1328,2,3,1,94,3,Male,76,3,2,2703,4956,0,No,23,4,4,80,1,6,3,3,5,4,0,4
72,424603,Travel_Rarely,1082,1,4,1,95,3,Male,87,3,2,2501,18775,1,No,17,3,2,80,0,1,4,3,1,1,1,0
73,632973,Travel_Rarely,548,1,3,1,96,2,Male,66,3,2,6220,7346,1,No,17,3,2,80,2,10,3,3,10,4,0,9
74,599462,Travel_Rarely,132,6,3,1,97,2,Female,55,4,4,3038,22002,3,No,12,3,2,80,0,5,3,3,1,0,0,0
75,785995,Travel_Rarely,746,8,4,1,98,3,Female,61,3,4,4424,20682,1,No,23,4,4,80,0,11,2,3,11,7,1,8
76,402663,Travel_Rarely,776,1,4,1,100,3,Male,32,2,1,4312,23016,0,No,14,3,2,80,0,16,2,3,15,13,2,8
77,123698,Travel_Rarely,193,6,4,1,101,4,Male,52,3,1,13245,15067,4,Yes,14,3,2,80,0,17,3,4,0,0,0,0
78,198680,Travel_Rarely,397,7,4,1,102,1,Male,30,3,3,13664,25258,4,No,13,3,1,80,0,16,3,4,5,2,0,2
79,2558301,Travel_Rarely,945,5,2,1,103,2,Male,80,3,2,5021,10425,8,Yes,22,4,4,80,1,16,2,3,4,2,0,2
80,267734,Travel_Rarely,852,1,1,1,104,4,Male,55,2,4,5126,15998,1,Yes,12,3,3,80,2,10,1,2,10,8,3,0
81,710763,Travel_Rarely,1214,1,3,1,105,2,Male,30,2,3,2859,26278,1,No,18,3,1,80,0,6,3,3,6,4,0,4
82,297653,Travel_Rarely,111,1,2,1,106,1,Male,70,3,4,10239,18092,3,No,14,3,4,80,1,24,4,3,1,0,1,0
83,410318,Non-Travel,573,6,3,1,107,2,Female,79,1,4,5329,15717,7,Yes,12,3,4,80,3,17,3,3,13,11,1,9
84,411536,Travel_Rarely,1153,1,2,1,110,1,Male,94,3,2,4325,17736,1,No,15,3,3,80,0,5,2,3,5,2,1,3
85,424791,Travel_Rarely,1400,7,3,1,112,4,Male,49,1,4,7260,21698,4,No,11,3,1,80,0,37,3,2,6,4,0,2
86,428951,Travel_Rarely,541,2,1,1,113,3,Male,62,3,1,2322,9518,3,No,13,3,3,80,1,3,3,3,0,0,0,0
87,638921,Travel_Rarely,432,9,4,1,116,4,Male,96,3,4,2075,18725,3,No,23,4,2,80,2,10,4,3,4,2,0,3
88,628853,Travel_Rarely,288,2,3,1,117,3,Male,99,2,4,4152,15830,1,No,19,3,1,80,3,11,3,3,11,10,10,8
89,649131,Travel_Rarely,669,9,2,1,118,3,Male,64,2,4,9619,13596,1,No,16,3,4,80,0,9,3,3,9,8,4,7
90,861915,Travel_Frequently,530,1,4,1,119,3,Male,78,2,2,13503,14115,1,No,22,4,4,80,1,22,3,2,22,3,11,11
91,942571,Travel_Rarely,1282,5,3,1,32,3,Female,58,3,3,19094,10735,4,No,11,3,4,80,1,26,3,2,14,13,4,8
92,226609,Travel_Rarely,1334,4,2,1,121,3,Female,63,2,2,5209,19760,1,Yes,12,3,2,80,3,11,4,2,11,8,2,7
93,790344,Travel_Frequently,638,1,3,1,124,3,Male,40,2,1,10673,3142,2,Yes,13,3,3,80,1,21,5,2,10,9,9,5
94,862416,Travel_Rarely,1093,6,4,1,125,2,Male,87,3,3,5010,24301,1,No,16,3,1,80,0,12,0,3,11,8,5,7
95,134514,Travel_Rarely,1217,2,4,1,126,1,Female,60,3,3,13549,24001,9,No,12,3,1,80,1,16,5,1,4,3,0,3
96,177842,Travel_Rarely,1353,3,2,1,128,1,Female,33,3,3,4999,17519,0,No,21,4,1,80,1,4,2,2,3,2,0,2
97,551506,Non-Travel,120,4,3,1,129,2,Male,43,3,3,4221,8863,1,No,15,3,2,80,0,5,3,4,5,4,0,4
98,365406,Travel_Rarely,682,10,4,1,131,4,Male,37,3,3,13872,24409,0,No,13,3,3,80,0,38,1,2,37,10,1,8
99,825733,Non-Travel,489,23,3,1,132,2,Male,67,3,2,2042,25043,4,No,12,3,3,80,1,17,3,4,3,2,1,2
100,220420,Travel_Rarely,807,6,4,1,133,3,Male,63,3,1,2073,23648,4,Yes,22,4,4,80,0,7,3,3,3,2,0,2
101,927140,Travel_Rarely,827,1,1,1,134,4,Male,71,3,1,2956,15178,1,No,13,3,4,80,0,1,2,3,1,0,0,0
102,596661,Travel_Frequently,871,6,3,1,137,4,Female,66,2,4,2926,19783,1,Yes,18,3,2,80,0,1,5,3,1,0,1,0
103,688784,Travel_Rarely,665,6,4,1,138,1,Female,41,3,3,4809,12482,1,No,14,3,3,80,0,16,3,3,16,13,2,10
104,219047,Non-Travel,1040,2,2,1,139,3,Male,100,2,4,5163,15850,5,No,14,3,4,80,1,17,2,4,1,0,0,0
105,829946,Non-Travel,1420,2,4,1,140,3,Female,32,2,4,18844,21922,9,No,21,4,4,80,1,30,3,3,3,2,2,2
106,242912,Travel_Frequently,1115,1,3,1,141,1,Female,73,3,2,18172,9755,3,Yes,19,3,1,80,0,28,1,2,8,3,0,7
107,443524,Travel_Rarely,240,5,3,1,142,3,Male,46,2,3,5744,26959,1,Yes,11,3,4,80,0,6,1,3,6,4,0,3
108,464891,Travel_Rarely,1280,7,1,1,143,4,Male,64,2,4,2889,26897,1,No,11,3,3,80,2,2,2,3,2,2,2,1
109,380835,Travel_Rarely,534,15,3,1,144,2,Female,59,3,4,2871,23785,1,No,15,3,3,80,0,1,5,3,0,0,0,0
110,823355,Travel_Frequently,1456,1,4,1,145,1,Female,30,2,1,7484,25796,3,No,20,4,3,80,0,23,1,2,13,12,12,8
111,456546,Travel_Frequently,658,7,3,1,147,1,Male,66,1,3,6074,22887,1,Yes,24,4,4,80,0,9,3,3,9,7,0,6
112,790046,Non-Travel,142,26,3,1,148,4,Female,30,4,4,17328,13871,2,Yes,12,3,3,80,0,23,3,3,5,3,4,4
113,932281,Travel_Rarely,1127,18,1,1,150,2,Male,52,3,3,2774,13257,0,No,12,3,3,80,1,6,2,3,5,3,1,2
114,538431,Travel_Rarely,1031,6,4,1,151,3,Female,45,2,2,4505,15000,6,No,15,3,3,80,1,12,3,3,1,0,0,0
115,297654,Travel_Rarely,1189,3,3,1,152,3,Male,87,3,4,7428,14506,2,No,12,3,1,80,0,12,3,3,5,3,1,3
116,206269,Travel_Rarely,1354,5,3,1,153,3,Female,45,2,1,11631,5615,2,No,12,3,4,80,0,14,6,3,11,10,5,8
117,96336,Travel_Frequently,1467,11,2,1,154,2,Female,92,3,4,9738,22952,0,No,14,3,3,80,1,10,6,3,9,7,2,8
118,273453,Travel_Rarely,922,3,2,1,155,1,Female,39,3,4,2835,2561,5,No,22,4,1,80,1,7,2,3,1,0,0,0
119,112768,Travel_Frequently,394,26,2,1,158,3,Male,92,3,4,16959,19494,1,Yes,12,3,4,80,2,25,3,4,25,12,4,12
120,446376,Travel_Frequently,1312,23,3,1,159,1,Male,96,1,3,2613,22310,1,No,25,4,3,80,3,10,2,2,10,7,0,9
121,205381,Non-Travel,750,22,2,1,160,3,Male,95,3,2,6146,15480,0,No,13,3,1,80,1,8,2,4,7,7,0,7
122,614048,Travel_Rarely,441,14,4,1,161,2,Female,72,3,2,4963,4510,9,Yes,18,3,1,80,3,7,2,3,5,4,4,3
123,931353,Travel_Rarely,684,6,3,1,162,1,Male,51,3,3,19537,6462,7,No,13,3,3,80,0,23,5,3,20,18,15,15
124,773737,Travel_Rarely,249,6,4,1,163,2,Male,76,1,3,6172,20739,4,Yes,18,3,2,80,0,12,3,2,7,7,7,7
125,793505,Travel_Rarely,841,6,3,1,164,3,Female,46,2,2,2368,23300,1,No,19,3,3,80,0,5,3,2,5,4,4,3
126,419563,Travel_Rarely,147,23,4,1,165,4,Female,94,3,4,10312,3465,1,No,12,3,4,80,1,40,3,2,40,10,15,6
127,299485,Travel_Rarely,528,22,1,1,167,4,Male,50,3,3,1675,26820,1,Yes,19,3,4,80,0,0,2,2,0,0,0,0
128,752845,Travel_Rarely,594,2,1,1,169,3,Male,100,3,4,2523,19299,0,No,14,3,3,80,1,3,2,3,2,1,2,1
129,278360,Travel_Rarely,470,20,4,1,170,3,Female,96,3,1,6567,5549,1,No,14,3,3,80,0,16,2,2,15,11,5,11
130,494514,Travel_Frequently,957,28,3,1,171,2,Female,72,4,3,4739,16090,4,No,12,3,4,80,0,18,2,3,3,2,1,2
131,571364,Travel_Frequently,809,12,3,1,174,3,Female,77,3,4,9208,6645,4,No,11,3,4,80,0,16,3,3,2,2,2,1
132,303529,Travel_Rarely,542,20,3,1,175,2,Female,71,1,3,4559,24788,3,Yes,11,3,3,80,1,4,2,3,2,2,2,2
133,796491,Travel_Rarely,802,9,1,1,176,3,Male,96,3,3,8189,21196,3,Yes,13,3,3,80,1,12,2,3,9,7,0,7
134,205775,Travel_Rarely,1355,25,1,1,177,3,Female,61,3,3,2942,8916,1,No,23,4,4,80,1,8,3,3,8,7,5,7
135,133154,Travel_Rarely,216,6,2,1,178,2,Male,84,3,2,4941,2819,6,No,20,4,4,80,2,7,0,3,3,2,0,1
136,182040,Travel_Frequently,1150,8,4,1,179,1,Male,53,1,4,10650,25150,2,No,15,3,4,80,0,18,2,3,4,2,0,3
137,425341,Travel_Rarely,1329,4,4,1,182,4,Female,47,2,3,5902,14590,4,No,14,3,3,80,1,17,1,4,15,11,5,9
138,778887,Travel_Rarely,959,28,3,1,183,1,Male,41,2,3,8639,24835,2,No,18,3,4,80,0,6,3,3,2,2,2,2
139,583984,Travel_Rarely,1240,9,3,1,184,3,Male,48,3,4,6347,13982,0,Yes,19,3,4,80,0,12,2,1,11,9,4,7
140,539227,Travel_Rarely,1033,9,3,1,190,1,Female,41,3,1,4200,10224,7,No,22,4,1,80,0,10,2,4,5,4,0,4
141,564387,Travel_Rarely,1316,29,3,1,192,3,Male,83,3,4,3452,9752,5,No,13,3,2,80,0,9,2,2,6,5,0,3
142,676494,Travel_Rarely,364,3,5,1,193,4,Female,32,3,3,4317,2302,3,Yes,20,4,2,80,0,19,2,3,3,2,2,2
143,430864,Travel_Rarely,438,18,3,1,194,1,Female,75,3,3,2632,23910,1,No,14,3,3,80,0,5,4,2,5,4,0,4
144,899581,Travel_Frequently,689,9,2,1,195,4,Male,35,1,4,4668,22812,0,No,17,3,4,80,3,9,2,4,8,7,0,7
145,240613,Travel_Rarely,201,5,3,1,197,4,Female,84,3,1,3204,10415,5,No,14,3,4,80,1,8,3,3,3,2,2,2
146,859112,Travel_Rarely,1427,2,1,1,198,2,Male,35,2,4,2720,11162,0,No,13,3,4,80,0,6,3,3,5,3,1,2
147,541833,Travel_Frequently,857,10,3,1,199,4,Male,91,2,1,17181,12888,4,No,13,3,2,80,1,21,2,2,7,6,7,7
148,126115,Travel_Rarely,933,9,4,1,200,3,Male,94,3,1,2238,6961,2,No,21,4,4,80,1,7,2,3,5,0,1,4
149,839591,Travel_Rarely,1181,3,1,1,201,2,Female,79,3,2,1483,16102,1,No,14,3,4,80,0,1,3,3,1,0,0,0
150,453712,Travel_Frequently,1395,26,3,1,202,2,Female,54,3,2,5605,8504,1,No,11,3,1,80,1,20,2,3,20,7,2,13
151,544861,Travel_Rarely,662,1,5,1,204,3,Male,94,3,2,7295,11439,1,No,13,3,1,80,2,10,3,3,10,8,0,6
152,544078,Travel_Rarely,1436,6,2,1,205,2,Male,34,3,3,2306,16047,2,Yes,20,4,4,80,1,13,3,1,7,7,4,5
153,183509,Travel_Rarely,194,9,3,1,206,2,Male,60,3,2,2348,10901,8,No,18,3,3,80,1,20,2,1,17,9,0,15
154,259083,Travel_Frequently,967,8,3,1,207,2,Female,43,3,4,8998,15589,1,No,14,3,4,80,0,9,2,3,9,8,3,7
155,512432,Non-Travel,1496,1,1,1,208,4,Male,41,3,3,4319,26283,1,No,13,3,1,80,1,10,1,3,10,7,0,9
156,874150,Travel_Rarely,1169,7,4,1,211,2,Male,34,2,3,6132,13983,2,No,17,3,3,80,0,10,2,3,1,0,0,0
157,484182,Travel_Rarely,1145,9,3,1,214,2,Female,75,2,2,3346,11873,4,Yes,20,4,2,80,1,9,3,2,1,0,0,0
158,745938,Travel_Rarely,630,4,4,1,215,3,Male,67,2,4,10855,8552,7,No,11,3,1,80,1,15,2,2,12,11,2,11
159,291359,Travel_Frequently,303,2,4,1,216,3,Female,75,3,3,2231,11314,6,No,18,3,4,80,1,6,3,3,4,3,1,2
160,499672,Travel_Rarely,1256,19,1,1,217,3,Male,80,3,4,2323,11992,1,No,24,4,1,80,2,2,6,3,2,2,2,2
161,757865,Non-Travel,691,9,3,1,218,4,Male,57,3,2,2024,5970,6,No,18,3,4,80,1,6,1,1,2,2,2,2
162,744124,Travel_Rarely,440,21,3,1,221,3,Male,42,3,4,2713,6672,1,No,11,3,3,80,1,5,2,1,5,2,0,2
163,641947,Travel_Rarely,334,24,2,1,223,3,Male,83,4,4,9439,23402,3,Yes,16,3,2,80,1,12,2,1,5,3,1,4
164,631749,Non-Travel,1450,3,3,1,224,3,Male,79,2,3,2566,25326,1,Yes,15,3,4,80,1,1,2,2,1,1,0,1
165,306277,Travel_Rarely,1452,11,3,1,226,3,Female,53,3,2,19926,17053,3,No,15,3,2,80,0,21,5,3,5,4,4,4
166,235799,Travel_Rarely,465,14,3,1,227,1,Male,56,3,3,2451,4609,4,No,12,3,1,80,1,13,2,3,9,8,1,8
167,710764,Travel_Rarely,1339,5,3,1,228,2,Female,41,3,4,9419,8053,2,No,12,3,3,80,1,12,2,3,10,9,7,4
168,781819,Travel_Rarely,702,1,4,1,230,1,Female,59,2,4,8686,12930,4,No,22,4,3,80,0,12,2,4,8,3,0,7
169,666304,Travel_Rarely,120,6,5,1,231,3,Male,43,3,3,3038,12430,3,No,20,4,1,80,0,8,2,3,5,4,1,4
170,936933,Travel_Rarely,1157,17,3,1,233,3,Male,51,3,2,3058,13364,0,Yes,16,3,4,80,1,6,3,2,5,2,1,1
171,553754,Travel_Frequently,602,1,1,1,235,3,Female,100,1,1,2325,20989,0,No,21,4,1,80,0,1,5,4,0,0,0,0
172,549118,Travel_Frequently,1480,3,2,1,238,4,Male,30,3,2,2088,15062,4,No,12,3,3,80,0,13,3,2,8,7,7,2
173,700708,Non-Travel,111,9,3,1,239,3,Male,66,3,1,3072,11012,1,No,11,3,3,80,2,12,4,3,12,9,6,10
174,817857,Travel_Rarely,1268,4,2,1,240,3,Female,30,3,1,5006,6319,4,Yes,11,3,1,80,1,9,3,4,5,4,0,3
175,874839,Travel_Rarely,713,8,3,1,241,3,Female,67,3,1,4257,13939,4,Yes,18,3,3,80,1,19,3,3,2,2,2,2
176,693763,Travel_Rarely,134,2,3,1,242,3,Male,90,3,4,2500,10515,0,No,14,3,1,80,0,4,2,4,3,1,0,2
177,367673,Travel_Rarely,303,2,3,1,243,2,Male,47,2,4,1102,9241,1,No,22,4,3,80,0,1,3,2,1,0,1,0
178,619595,Travel_Rarely,526,1,2,1,244,2,Female,92,3,1,10453,2137,1,No,25,4,3,80,3,24,2,3,24,13,15,7
179,103928,Travel_Rarely,1380,9,2,1,245,3,Female,75,3,4,2288,6319,1,No,12,3,3,80,0,2,3,3,2,2,2,1
180,245167,Travel_Rarely,140,12,1,1,246,3,Female,95,3,4,3929,6984,8,Yes,23,4,3,80,1,7,0,3,4,2,0,2
181,893389,Travel_Rarely,629,27,2,1,247,4,Female,95,3,2,2311,5711,2,No,15,3,4,80,0,9,3,3,3,2,1,2
182,397601,Travel_Rarely,1356,20,2,1,248,2,Female,70,3,2,3140,21728,1,Yes,22,4,4,80,0,4,5,2,4,3,0,2
183,442794,Travel_Rarely,328,1,3,1,249,3,Male,86,2,3,3690,3425,2,No,15,3,4,80,1,5,2,2,3,2,0,2
184,949985,Travel_Rarely,1084,13,2,1,250,4,Female,57,4,1,4450,26250,1,No,11,3,3,80,2,5,3,3,4,2,1,3
185,422134,Travel_Rarely,931,14,3,1,252,4,Female,72,3,2,2756,4673,1,No,13,3,4,80,1,8,5,3,8,7,1,6
186,852073,Travel_Rarely,989,4,1,1,253,4,Female,46,3,3,19033,6499,1,No,14,3,2,80,1,21,2,3,20,8,9,9
187,822072,Travel_Rarely,692,14,4,1,254,3,Male,61,4,2,18722,13339,8,No,11,3,4,80,0,36,3,3,24,15,2,15
188,628503,Travel_Frequently,1069,2,1,1,256,4,Male,45,2,3,9547,14074,1,No,17,3,3,80,0,10,2,2,10,9,1,9
189,953342,Travel_Rarely,313,3,3,1,258,4,Female,98,3,2,13734,7192,3,No,18,3,3,80,0,21,6,3,7,7,1,0
190,397921,Travel_Rarely,699,1,4,1,259,3,Male,65,2,3,19999,5678,0,No,14,3,1,80,1,34,5,3,33,18,11,9
191,927269,Travel_Rarely,894,9,3,1,260,4,Female,99,3,2,2279,11781,1,No,16,3,4,80,0,7,2,2,7,7,0,3
192,228819,Travel_Rarely,556,23,2,1,261,2,Male,50,2,3,5916,15497,3,Yes,13,3,1,80,0,8,1,3,1,0,0,1
193,913560,Non-Travel,1344,7,3,1,262,4,Male,37,4,4,2089,5228,4,No,14,3,4,80,3,7,3,4,5,4,2,2
194,648234,Non-Travel,1195,2,2,1,264,1,Male,65,2,4,16792,20462,9,No,23,4,4,80,1,22,1,3,20,8,11,8
195,294336,Travel_Rarely,290,21,3,1,267,2,Male,65,4,1,3564,22977,1,Yes,12,3,1,80,1,8,3,2,8,7,1,7
196,943792,Travel_Frequently,138,2,3,1,269,2,Female,37,3,2,4425,15986,5,No,11,3,4,80,0,10,5,3,6,2,1,2
197,267733,Non-Travel,926,21,2,1,270,3,Female,36,3,3,5265,16439,2,No,16,3,2,80,1,11,5,3,5,3,0,2
198,638192,Travel_Rarely,1261,2,4,1,271,4,Male,88,3,3,6553,7259,9,No,14,3,2,80,0,14,3,3,1,0,0,0
199,353596,Travel_Rarely,1084,29,3,1,273,4,Male,54,3,4,6261,4185,3,No,18,3,1,80,1,9,3,1,7,7,1,7
200,350035,Travel_Frequently,472,1,1,1,274,3,Male,60,2,1,4298,9679,5,No,19,3,3,80,1,6,1,3,2,2,2,0
201,570734,Non-Travel,1002,18,4,1,275,4,Male,92,3,4,6804,23793,1,Yes,15,3,1,80,2,7,0,3,7,7,1,7
202,743377,Travel_Frequently,878,10,4,1,277,4,Male,43,3,3,3815,5972,1,Yes,17,3,4,80,1,5,4,4,5,3,2,0
203,605766,Travel_Rarely,905,19,2,1,281,3,Male,99,3,4,2741,16523,8,Yes,15,3,3,80,1,15,2,4,7,2,3,7
204,957079,Travel_Rarely,1180,29,1,1,282,2,Male,70,3,1,6673,11354,7,Yes,19,3,2,80,0,17,2,3,1,0,0,0
205,150642,Travel_Rarely,121,27,3,1,283,2,Female,35,3,4,7639,24525,1,No,22,4,4,80,3,10,3,2,10,4,1,9
206,356865,Travel_Rarely,1136,5,3,1,284,4,Male,60,4,2,2328,12392,1,Yes,16,3,1,80,1,4,2,2,4,2,2,2
207,621691,Travel_Frequently,635,18,1,1,286,2,Female,73,3,4,2153,7703,1,No,13,3,1,80,0,8,2,3,8,1,1,7
208,888216,Non-Travel,1151,9,5,1,287,4,Male,63,2,4,4876,14242,9,No,14,3,4,80,1,5,5,1,3,2,0,2
209,210667,Travel_Rarely,644,1,4,1,288,4,Male,97,3,1,9396,12368,7,No,16,3,3,80,1,17,3,3,4,2,0,3
210,794594,Travel_Rarely,1045,4,4,1,291,4,Male,32,1,4,10400,25812,1,No,11,3,3,80,0,14,2,2,14,8,9,8
211,524465,Non-Travel,829,1,1,1,292,3,Male,88,2,3,8474,20925,1,No,22,4,3,80,0,12,2,3,11,8,5,8
212,740078,Travel_Frequently,1242,20,3,1,293,4,Female,90,3,3,9981,12916,1,No,14,3,4,80,0,7,2,3,7,7,0,7
213,754702,Travel_Rarely,1469,8,4,1,296,2,Male,81,2,2,12490,15736,5,No,16,3,4,80,2,16,5,1,10,9,4,7
214,429697,Travel_Rarely,1005,3,3,1,297,4,Female,88,3,1,2657,8556,5,Yes,11,3,3,80,0,8,5,3,5,2,0,4
215,741709,Travel_Rarely,896,6,3,1,298,4,Female,75,3,4,13591,14674,3,Yes,18,3,3,80,0,16,3,3,1,0,0,0
216,510420,Travel_Frequently,334,26,4,1,299,3,Female,52,2,1,6696,22967,5,No,15,3,3,80,0,9,5,2,6,3,0,1
217,204180,Travel_Rarely,992,1,3,1,300,3,Male,85,3,3,2058,19757,0,No,14,3,4,80,0,7,1,2,6,2,1,5
218,564884,Non-Travel,1052,6,3,1,302,4,Female,57,2,4,8865,16840,6,No,12,3,4,80,0,23,2,3,19,7,12,8
219,412064,Travel_Rarely,1147,3,3,1,303,4,Female,52,3,1,5940,17011,2,No,14,3,4,80,1,16,4,3,6,2,0,5
220,490146,Travel_Rarely,1396,5,2,1,304,4,Male,62,3,2,5914,9945,8,No,16,3,4,80,0,16,3,4,13,11,3,7
221,881695,Travel_Rarely,147,4,4,1,305,3,Female,47,2,2,2622,13248,6,No,21,4,4,80,0,7,3,3,3,2,1,1
222,933156,Travel_Frequently,663,11,3,1,306,2,Male,47,3,4,12185,10056,1,Yes,14,3,3,80,3,10,1,3,10,8,0,7
223,107841,Travel_Rarely,119,3,3,1,307,1,Male,76,3,3,10609,9647,0,No,12,3,3,80,2,17,6,2,16,10,5,13
224,416507,Non-Travel,979,1,4,1,308,3,Male,90,1,3,4345,4381,0,No,12,3,4,80,1,6,2,3,5,4,1,4
225,441791,Travel_Rarely,142,3,3,1,309,3,Male,70,2,4,2177,8456,3,No,17,3,1,80,1,7,6,3,1,0,0,0
226,565225,Travel_Frequently,319,4,4,1,311,1,Male,41,3,4,2793,2539,4,No,17,3,3,80,1,13,2,3,9,8,5,8
227,303568,Travel_Frequently,1413,1,1,1,312,2,Female,42,3,4,7918,6599,1,No,14,3,4,80,1,11,5,3,11,10,4,1
228,304619,Travel_Frequently,944,1,3,1,314,3,Female,92,3,3,8789,9096,1,No,14,3,1,80,0,10,3,4,10,7,0,8
229,866911,Travel_Rarely,896,18,1,1,315,3,Male,86,2,4,2389,14961,1,Yes,13,3,3,80,0,4,3,2,4,3,0,1
230,168991,Travel_Rarely,1323,2,3,1,316,3,Female,89,2,4,3212,3300,7,No,15,3,2,80,0,6,3,2,2,2,2,2
231,649442,Travel_Rarely,532,4,2,1,319,3,Male,58,3,4,19232,4933,1,No,11,3,4,80,0,22,3,3,22,17,11,15
232,754989,Travel_Rarely,818,6,2,1,321,2,Male,52,3,3,2267,25657,8,No,17,3,4,80,0,7,2,2,2,2,2,2
233,937535,Travel_Rarely,854,1,4,1,323,4,Female,68,3,4,19517,24118,3,No,11,3,3,80,1,32,3,2,7,0,0,6
234,376743,Travel_Rarely,813,14,3,1,325,3,Male,58,3,4,2436,22149,5,Yes,13,3,3,80,1,8,2,1,5,4,0,4
235,767527,Travel_Rarely,1034,16,3,1,327,4,Female,80,3,4,16064,7744,5,Yes,22,4,3,80,1,22,3,3,17,13,1,9
236,225178,Travel_Rarely,465,2,2,1,328,1,Female,39,3,1,2707,21509,7,No,20,4,1,80,0,13,3,4,9,7,1,7
237,519735,Non-Travel,771,2,4,1,329,1,Male,79,2,3,19068,21030,1,Yes,18,3,4,80,0,33,2,4,33,7,15,12
238,953642,Travel_Rarely,1401,4,2,1,330,3,Female,56,3,2,3931,20990,2,No,11,3,1,80,1,6,5,3,4,3,1,2
239,125746,Travel_Rarely,515,1,3,1,331,4,Male,62,2,3,3730,9571,0,Yes,14,3,4,80,0,4,2,1,3,2,1,2
240,623880,Travel_Rarely,1431,1,4,1,332,3,Female,96,3,3,2232,15417,7,No,14,3,3,80,3,7,1,3,3,2,1,2
241,720728,Non-Travel,976,26,4,1,333,3,Male,100,3,4,4465,12069,0,No,18,3,1,80,0,4,2,3,3,2,2,2
242,836925,Travel_Rarely,1411,19,2,1,334,3,Male,36,3,1,3072,19877,2,No,16,3,1,80,2,17,2,2,1,0,0,0
243,449172,Travel_Rarely,1300,24,2,1,335,1,Male,62,3,4,3319,24447,1,No,17,3,1,80,2,9,3,3,9,8,4,7
244,130646,Travel_Rarely,252,1,3,1,336,3,Male,70,4,4,19202,15970,0,No,11,3,3,80,1,25,2,3,24,0,1,7
245,428637,Travel_Frequently,1327,3,4,1,337,2,Male,73,3,3,13675,13523,9,No,12,3,1,80,1,9,3,3,2,2,2,2
246,702124,Travel_Rarely,832,5,4,1,338,3,Female,63,2,4,2911,14776,1,No,13,3,3,80,1,2,2,2,2,2,0,2
247,706286,Travel_Rarely,470,2,4,1,339,4,Male,84,2,1,5957,23687,6,No,13,3,2,80,1,13,3,3,11,9,5,9
248,934741,Travel_Rarely,1017,1,2,1,340,3,Female,83,2,1,3920,18697,2,No,14,3,1,80,1,17,2,2,3,1,0,2
249,792996,Travel_Frequently,1199,7,4,1,341,1,Male,77,4,3,6434,5118,4,No,17,3,4,80,1,9,1,3,3,2,0,2
250,391296,Travel_Frequently,504,10,3,1,342,1,Male,61,3,3,10048,22573,6,No,11,3,2,80,2,17,5,3,1,0,0,0
251,318978,Travel_Frequently,505,2,4,1,343,3,Female,64,3,3,10938,6420,0,No,25,4,4,80,0,20,1,3,19,6,11,8
252,149578,Travel_Rarely,665,15,3,1,346,3,Male,60,3,4,2340,22673,1,No,19,3,1,80,0,6,1,3,6,5,1,5
253,156341,Travel_Rarely,916,17,2,1,347,4,Female,82,4,1,6545,23016,3,Yes,13,3,3,80,0,10,1,3,3,2,0,2
254,140991,Travel_Rarely,1247,20,2,1,349,4,Male,45,3,4,6931,10732,2,No,14,3,4,80,1,10,2,3,3,2,0,2
255,641389,Travel_Rarely,685,1,3,1,350,1,Female,62,3,3,4898,7505,0,No,12,3,4,80,2,5,3,3,4,2,1,2
256,421513,Travel_Rarely,269,2,3,1,351,4,Female,56,2,1,2593,8007,0,Yes,11,3,3,80,1,10,4,3,9,6,7,8
257,460980,Travel_Rarely,1416,2,2,1,352,1,Male,49,3,3,19436,5949,0,No,19,3,4,80,1,22,5,3,21,7,3,9
258,184231,Travel_Rarely,833,1,3,1,353,3,Male,96,3,4,2723,23231,1,No,11,3,2,80,0,1,0,2,1,0,0,0
259,355972,Travel_Frequently,307,29,2,1,355,3,Male,71,2,2,3479,11652,0,No,11,3,2,80,0,6,2,4,5,4,1,4
260,806187,Travel_Frequently,1311,7,3,1,359,2,Male,100,4,2,2794,26062,1,No,20,4,3,80,0,5,3,1,5,1,0,3
261,628233,Non-Travel,1327,2,2,1,361,4,Male,39,2,4,5249,19682,3,No,18,3,4,80,1,13,0,3,8,7,7,5
262,522966,Travel_Rarely,128,2,1,1,362,4,Male,84,2,1,2176,19737,4,No,13,3,4,80,0,9,5,3,6,2,0,4
263,925217,Travel_Rarely,488,2,3,1,363,3,Female,75,1,2,16872,14977,3,Yes,12,3,2,80,1,28,2,2,7,7,7,7
264,535048,Travel_Rarely,529,2,4,1,364,1,Male,79,3,3,3485,14935,2,No,11,3,3,80,0,5,5,1,0,0,0,0
265,168728,Travel_Rarely,1210,2,3,1,366,1,Male,78,2,2,6644,3687,2,No,19,3,2,80,2,10,2,3,0,0,0,0
266,241404,Travel_Rarely,1463,23,3,1,367,2,Male,64,2,4,5582,14408,0,No,21,4,2,80,1,10,2,3,9,0,7,8
267,703326,Non-Travel,675,5,2,1,369,2,Male,85,4,1,4000,18384,1,No,12,3,4,80,2,6,2,3,6,3,1,5
268,325946,Travel_Rarely,1385,20,2,1,372,3,Male,79,3,4,13496,7501,0,Yes,14,3,2,80,0,21,2,3,20,7,4,10
269,154013,Travel_Rarely,1403,6,3,1,373,4,Male,47,3,4,3210,20251,0,No,11,3,3,80,1,16,4,3,15,13,10,11
270,448665,Travel_Rarely,452,1,3,1,374,4,Male,81,3,1,19045,18938,0,Yes,14,3,3,80,0,37,2,3,36,10,4,13
271,814931,Non-Travel,666,29,4,1,376,1,Male,88,3,2,11849,10268,1,Yes,12,3,4,80,1,10,2,2,10,7,9,9
272,537543,Travel_Rarely,1158,9,3,1,377,4,Male,94,3,4,2070,2613,1,No,23,4,4,80,1,5,3,2,5,2,0,4
273,803332,Travel_Rarely,228,6,4,1,378,3,Male,98,3,4,6502,22825,4,No,14,3,2,80,1,7,5,4,5,4,0,1
274,581364,Travel_Rarely,996,3,2,1,379,4,Male,100,2,3,3230,10531,1,No,17,3,1,80,0,3,4,4,3,2,1,0
275,455352,Non-Travel,728,1,4,1,380,1,Female,80,3,4,13603,11677,2,Yes,18,3,1,80,2,15,2,3,5,2,0,2
276,128462,Travel_Rarely,1315,22,3,1,381,2,Female,71,4,2,11996,19100,7,No,18,3,2,80,1,10,6,2,7,7,6,2
277,151092,Travel_Rarely,322,7,2,1,382,1,Female,44,4,1,5605,19191,1,Yes,24,4,3,80,1,8,3,3,8,0,7,7
278,875439,Travel_Frequently,1479,1,3,1,384,3,Female,84,3,2,6397,26767,1,No,20,4,1,80,1,6,6,1,6,5,1,4
279,418245,Travel_Rarely,797,4,1,1,385,1,Male,96,3,2,19144,15815,3,No,14,3,1,80,2,28,4,2,10,4,1,6
280,843485,Travel_Rarely,1070,3,4,1,386,3,Male,45,3,3,17584,21016,3,Yes,16,3,4,80,3,21,5,2,5,3,1,3
281,99489,Travel_Rarely,635,1,1,1,387,2,Male,99,3,3,4907,24532,1,No,25,4,3,80,0,20,3,3,20,16,11,6
282,231948,Travel_Frequently,442,2,2,1,388,2,Male,44,3,4,4554,20260,1,No,18,3,1,80,0,10,3,2,10,7,0,9
283,645264,Travel_Rarely,147,20,2,1,389,2,Male,37,3,4,5415,15972,3,Yes,19,3,4,80,1,12,4,3,10,7,0,8
284,649132,Travel_Frequently,496,11,2,1,390,1,Male,60,3,1,4741,22722,1,Yes,13,3,3,80,1,5,3,3,5,3,3,3
285,382851,Travel_Rarely,1372,1,3,1,391,4,Female,42,3,4,2115,15881,1,No,12,3,2,80,0,17,3,3,17,12,5,7
286,108420,Travel_Frequently,920,24,3,1,392,4,Male,43,3,3,3161,19920,3,Yes,22,4,4,80,1,19,0,1,1,0,0,0
287,339524,Travel_Rarely,688,23,4,1,393,4,Male,82,3,4,5745,18899,9,No,14,3,2,80,1,10,2,3,2,2,1,2
288,509130,Travel_Rarely,1449,16,4,1,394,1,Male,45,3,2,2373,14180,2,Yes,13,3,4,80,1,5,2,3,3,2,0,2
289,719655,Travel_Rarely,1117,8,2,1,395,4,Female,66,3,4,3310,4488,1,No,21,4,4,80,0,5,3,3,5,3,0,2
290,316652,Travel_Frequently,636,10,4,1,396,3,Female,35,3,1,18665,25594,9,Yes,11,3,4,80,0,22,4,3,3,2,1,2
291,653321,Travel_Rarely,506,3,3,1,397,3,Male,30,3,2,4485,26285,4,No,12,3,4,80,0,10,2,3,8,0,7,7
292,569590,Travel_Frequently,444,5,3,1,399,4,Female,84,3,2,2789,3909,1,No,11,3,3,80,1,2,5,2,2,2,2,2
293,517645,Travel_Rarely,950,4,4,1,401,4,Male,48,2,4,5828,8450,1,Yes,12,3,2,80,0,8,0,3,8,7,7,4
294,481578,Travel_Frequently,889,9,3,1,403,2,Male,53,3,4,2326,11411,1,Yes,12,3,3,80,3,4,3,2,4,2,1,2
295,438895,Travel_Frequently,555,26,3,1,404,3,Female,77,3,2,13525,14864,5,No,14,3,4,80,1,23,2,4,20,4,4,8
296,942442,Travel_Rarely,230,3,3,1,405,3,Male,54,3,3,1420,25233,1,No,13,3,3,80,0,0,2,3,0,0,0,0
297,304526,Travel_Rarely,1232,16,3,1,406,3,Male,96,3,2,8020,5100,0,No,15,3,3,80,2,12,3,2,11,9,6,9
298,393146,Travel_Frequently,566,18,4,1,407,3,Male,81,4,4,3688,7122,4,No,18,3,4,80,2,4,2,3,1,0,0,0
299,434361,Travel_Rarely,1302,2,3,1,408,4,Male,84,1,2,5482,16321,5,No,18,3,4,80,1,13,3,3,4,1,1,2
300,548974,Travel_Rarely,334,2,4,1,410,4,Male,88,3,2,16015,15896,1,No,19,3,2,80,0,22,2,3,22,10,0,4
301,726678,Travel_Rarely,812,10,3,1,411,4,Female,69,2,3,1200,9724,1,No,12,3,1,80,0,0,2,3,0,0,0,0
302,804662,Travel_Rarely,1476,16,2,1,412,2,Male,68,4,1,5661,4824,0,No,19,3,3,80,0,9,2,3,8,3,0,7
303,456436,Travel_Rarely,218,7,3,1,416,2,Male,100,4,4,6929,12241,4,No,11,3,2,80,1,10,3,2,8,7,7,7
304,661944,Travel_Rarely,1132,1,3,1,417,3,Male,48,4,4,9613,10942,0,No,17,3,1,80,3,19,5,2,18,10,3,7
305,108215,Non-Travel,1105,24,4,1,419,2,Female,47,3,2,5674,6927,7,No,15,3,3,80,1,11,3,3,9,8,0,8
306,378721,Travel_Rarely,906,7,3,1,420,4,Male,91,2,3,5484,16985,1,No,14,3,3,80,1,13,3,2,13,8,4,8
307,573810,Travel_Rarely,849,25,2,1,421,1,Female,81,2,2,12061,26707,3,No,17,3,3,80,1,19,2,3,10,8,0,1
308,769196,Non-Travel,390,1,4,1,422,4,Male,32,1,3,5660,17056,2,Yes,13,3,4,80,1,12,2,3,5,3,1,2
309,804201,Travel_Rarely,691,5,4,1,423,3,Male,86,3,4,4821,10077,0,Yes,12,3,3,80,1,6,4,3,5,2,0,3
310,395115,Travel_Rarely,106,2,3,1,424,1,Male,62,2,1,6410,17822,3,No,12,3,4,80,0,9,1,3,2,2,1,0
311,287607,Travel_Frequently,1249,7,3,1,425,1,Male,97,3,1,5210,20308,1,No,18,3,1,80,1,24,2,3,24,9,9,11
312,866984,Travel_Rarely,192,2,4,1,426,3,Male,32,3,4,2695,7747,0,Yes,18,3,2,80,1,3,2,1,2,2,2,2
313,791891,Travel_Frequently,553,5,4,1,428,4,Female,74,3,2,11878,23364,6,No,11,3,2,80,2,12,2,3,10,6,8,8
314,631142,Travel_Rarely,117,10,1,1,429,3,Male,99,3,1,17068,5355,1,Yes,14,3,4,80,0,21,3,3,21,9,11,10
315,780084,Travel_Frequently,185,10,4,1,430,3,Female,33,3,4,2455,10675,0,No,19,3,1,80,0,9,5,3,8,7,1,7
316,708168,Travel_Rarely,1091,1,2,1,431,3,Female,90,2,3,13964,17810,7,Yes,12,3,4,80,0,25,2,3,7,1,0,7
317,131191,Travel_Rarely,723,8,4,1,433,3,Male,85,2,2,4941,17747,2,No,15,3,1,80,0,11,3,2,8,2,7,7
318,474811,Travel_Rarely,1220,5,3,1,434,3,Female,85,3,2,2478,20938,1,Yes,12,3,2,80,0,4,2,2,4,3,1,2
319,490705,Travel_Rarely,588,8,2,1,436,3,Female,65,2,2,5228,24624,1,Yes,11,3,4,80,0,13,2,3,13,12,11,9
320,898063,Travel_Rarely,1377,2,3,1,437,4,Male,74,3,3,4478,5242,1,Yes,11,3,1,80,0,5,3,3,5,4,0,4
321,409012,Travel_Rarely,691,7,3,1,438,4,Male,73,3,4,7547,7143,4,No,12,3,4,80,3,13,3,3,7,7,1,7
322,610905,Travel_Rarely,1018,2,4,1,439,1,Female,74,4,4,5055,10557,7,No,16,3,3,80,0,10,0,2,7,7,0,7
323,621836,Travel_Rarely,1157,2,4,1,440,1,Male,84,1,4,3464,24737,5,Yes,13,3,4,80,0,5,4,2,3,2,2,2
324,387404,Travel_Rarely,1275,28,2,1,441,4,Female,64,3,4,5775,11934,1,No,13,3,4,80,2,11,2,3,10,8,1,9
325,454379,Travel_Frequently,798,7,2,1,442,3,Female,48,2,3,8943,14034,1,No,24,4,1,80,1,10,2,3,10,9,8,9
326,503392,Travel_Frequently,672,7,2,1,444,3,Male,54,2,4,19272,21141,1,No,15,3,1,80,1,21,2,3,21,9,13,3
327,859745,Travel_Rarely,1162,3,2,1,445,4,Female,41,3,3,5238,17778,4,Yes,18,3,1,80,0,12,3,2,1,0,0,0
328,931183,Travel_Frequently,508,10,3,1,446,2,Male,46,2,4,4682,4317,3,No,14,3,3,80,0,9,6,2,7,7,0,1
329,780199,Travel_Rarely,1482,5,5,1,447,4,Male,42,3,3,18300,16375,4,No,11,3,2,80,1,21,2,3,3,2,1,1
330,651597,Travel_Frequently,559,10,4,1,448,3,Female,82,2,3,5257,6227,1,No,11,3,2,80,1,9,3,4,9,7,0,0
331,411537,Non-Travel,210,1,1,1,449,3,Male,73,3,2,6349,22107,0,Yes,13,3,4,80,1,6,0,3,5,4,1,4
332,795804,Travel_Frequently,928,20,4,1,450,4,Female,31,3,3,4869,16885,3,No,12,3,4,80,0,20,4,2,4,3,0,3
333,431634,Travel_Rarely,1001,7,3,1,451,3,Female,43,3,1,9985,9262,8,No,16,3,1,80,1,10,1,2,1,0,0,0
334,883252,Travel_Rarely,549,8,4,1,452,4,Male,75,3,4,3697,9278,9,No,14,3,1,80,2,12,3,3,10,9,9,8
335,857627,Travel_Rarely,1124,1,2,1,453,2,Male,57,1,4,7457,13273,2,Yes,22,4,3,80,3,6,2,2,4,3,0,2
336,795805,Travel_Rarely,318,8,4,1,454,2,Male,77,1,1,2119,4759,1,Yes,11,3,4,80,0,7,4,2,7,7,0,7
337,372166,Travel_Rarely,738,9,5,1,455,2,Male,30,2,4,3983,7621,0,No,17,3,3,80,0,4,2,3,3,2,2,2
338,581173,Travel_Rarely,570,5,3,1,456,4,Female,30,2,3,6118,5431,1,No,13,3,3,80,3,10,2,3,10,9,1,2
339,98459,Travel_Rarely,1130,8,4,1,458,2,Female,56,3,2,6214,3415,1,No,18,3,1,80,1,8,3,3,8,7,0,7
340,280659,Travel_Rarely,1192,5,2,1,460,4,Male,61,3,4,6347,23177,7,No,16,3,3,80,2,8,2,2,6,2,0,4
341,536355,Travel_Rarely,343,15,2,1,461,3,Male,92,2,4,11510,15682,0,Yes,14,3,2,80,1,12,3,3,11,10,2,9
342,431378,Travel_Rarely,1232,7,4,1,462,3,Female,39,3,4,7143,25713,1,Yes,14,3,3,80,0,11,2,2,11,9,4,10
343,935949,Travel_Rarely,144,10,1,1,463,4,Female,39,2,2,8268,11866,1,Yes,14,3,1,80,2,7,2,3,7,7,1,7
344,201125,Travel_Rarely,1296,5,4,1,464,3,Male,62,3,2,8095,18264,0,No,13,3,4,80,0,17,5,3,16,6,0,13
345,304338,Travel_Rarely,1309,26,1,1,465,3,Male,83,3,4,2904,16092,1,No,12,3,3,80,2,4,2,2,4,2,0,2
346,704873,Travel_Rarely,483,6,3,1,466,4,Male,95,2,2,6032,10110,6,Yes,15,3,4,80,0,8,3,3,5,4,1,2
347,131824,Travel_Frequently,1309,4,1,1,467,2,Male,99,3,3,2976,25751,3,No,19,3,1,80,0,5,3,3,0,0,0,0
348,204834,Travel_Rarely,810,23,5,1,468,1,Female,44,3,4,15992,15901,2,No,14,3,2,80,0,16,2,3,1,0,0,0
349,172656,Non-Travel,746,2,3,1,469,4,Male,61,3,3,4649,16928,1,No,14,3,1,80,1,4,3,2,4,3,0,2
350,527013,Travel_Rarely,544,2,1,1,470,3,Male,52,3,3,2696,24017,0,Yes,11,3,3,80,1,4,5,3,3,2,1,0
351,424792,Travel_Rarely,1062,2,3,1,471,3,Female,75,3,2,2370,3956,1,No,13,3,3,80,1,8,4,3,8,0,0,7
352,465159,Travel_Rarely,530,29,1,1,473,1,Female,91,3,3,12504,23978,3,No,21,4,2,80,1,15,3,1,0,0,0,0
353,132322,Travel_Rarely,1319,6,3,1,474,3,Male,51,4,1,5974,17001,4,Yes,13,3,1,80,2,13,2,3,7,7,6,7
354,861181,Non-Travel,641,25,2,1,475,4,Female,85,3,3,4736,6069,7,Yes,12,3,2,80,1,4,2,4,2,2,2,2
355,455736,Travel_Rarely,933,1,3,1,476,3,Male,57,3,3,5296,20156,1,No,17,3,2,80,1,8,3,3,8,7,7,7
356,422474,Travel_Rarely,1332,2,4,1,477,1,Male,98,2,4,6781,17078,3,No,23,4,2,80,0,14,6,3,1,0,0,0
357,411464,Travel_Frequently,756,1,1,1,478,1,Female,99,2,2,2174,9150,1,Yes,11,3,3,80,0,3,3,3,3,2,1,2
358,415269,Non-Travel,845,1,5,1,479,4,Female,45,3,4,6653,15276,4,No,15,3,2,80,0,7,6,3,1,0,0,0
359,119792,Travel_Frequently,541,3,4,1,481,1,Male,48,2,4,9699,7246,4,No,11,3,1,80,1,16,2,3,13,9,1,12
360,788180,Travel_Rarely,593,1,4,1,482,4,Male,88,3,3,6755,2967,2,No,11,3,3,80,0,15,2,3,3,2,1,2
361,713550,Travel_Rarely,1171,10,4,1,483,4,Female,46,4,3,2213,22495,3,Yes,13,3,3,80,1,10,3,3,7,7,1,7
362,347349,Non-Travel,895,9,2,1,484,1,Male,39,3,4,2610,2851,1,No,24,4,3,80,0,3,3,2,3,2,2,2
363,427246,Travel_Rarely,350,5,3,1,485,4,Female,34,3,3,2851,9150,1,Yes,13,3,2,80,0,1,2,3,1,0,0,0
364,589319,Travel_Rarely,921,10,3,1,486,3,Female,98,3,1,3452,17663,6,No,20,4,2,80,1,17,3,3,5,4,0,3
365,509348,Non-Travel,1144,7,4,1,487,3,Female,30,3,3,5258,16044,2,No,14,3,3,80,0,7,2,4,1,0,0,0
366,383876,Travel_Frequently,143,4,3,1,488,1,Male,56,3,2,9355,9558,1,No,18,3,3,80,0,8,5,3,8,7,7,7
367,439819,Travel_Rarely,1046,10,3,1,491,4,Male,100,2,4,10496,2755,6,No,15,3,4,80,0,20,2,3,4,3,1,3
368,887417,Travel_Rarely,575,22,2,1,492,3,Male,68,2,3,6380,6110,2,Yes,12,3,1,80,2,8,6,3,6,4,1,0
369,258345,Travel_Rarely,408,9,4,1,493,3,Male,42,2,2,2657,7551,0,Yes,16,3,4,80,0,3,5,3,2,2,2,2
370,792062,Travel_Rarely,156,12,3,1,494,3,Female,90,4,2,2716,25422,1,No,15,3,4,80,0,1,0,3,1,0,0,0
371,351472,Travel_Rarely,1283,23,3,1,495,4,Male,54,3,4,2201,18168,9,No,16,3,4,80,0,6,4,3,3,2,1,2
372,416130,Travel_Rarely,755,9,4,1,496,3,Male,97,2,2,6540,19394,9,No,19,3,3,80,0,10,5,3,1,1,0,0
373,694183,Travel_Rarely,1469,1,2,1,497,4,Male,82,3,2,3816,17881,1,No,11,3,2,80,1,5,2,3,5,2,0,4
374,231770,Travel_Rarely,304,9,4,1,498,2,Male,92,3,4,5253,20750,1,No,16,3,4,80,0,7,1,3,7,5,0,7
375,679196,Travel_Rarely,1261,7,3,1,499,2,Male,31,2,3,10965,12066,8,No,24,4,3,80,0,26,2,3,5,2,0,0
376,425350,Travel_Rarely,1178,14,2,1,500,3,Female,87,3,4,4936,14862,4,No,11,3,3,80,1,18,2,2,7,7,0,7
377,544592,Travel_Rarely,329,2,3,1,501,4,Female,96,3,3,2543,11868,4,No,13,3,2,80,1,6,3,3,2,2,2,2
378,550287,Non-Travel,1362,19,3,1,502,1,Male,67,4,4,5304,4652,8,Yes,13,3,2,80,0,9,3,2,5,2,0,4
379,729575,Travel_Rarely,1311,2,3,1,505,3,Female,97,3,4,16659,23258,2,Yes,13,3,3,80,0,30,2,3,5,4,1,2
380,813808,Travel_Rarely,1371,10,4,1,507,4,Female,77,3,3,4260,5915,1,Yes,12,3,4,80,1,5,2,4,5,2,0,3
381,597612,Travel_Rarely,202,2,1,1,508,3,Male,72,3,2,2476,17434,1,No,18,3,1,80,1,1,3,3,1,0,0,0
382,826577,Travel_Frequently,575,3,1,1,510,3,Male,73,3,1,3102,6582,0,No,22,4,3,80,0,7,2,3,6,4,0,4
383,951822,Travel_Rarely,253,11,3,1,511,1,Female,43,3,2,2244,24440,1,No,13,3,4,80,1,2,1,3,2,1,1,2
384,352848,Travel_Rarely,164,2,2,1,513,2,Male,61,2,3,7596,3809,1,No,13,3,2,80,2,10,2,3,10,9,9,0
385,219849,Travel_Frequently,464,4,3,1,514,3,Male,40,3,4,2285,3427,9,Yes,23,4,3,80,0,3,4,3,1,0,0,0
386,183438,Travel_Rarely,1107,14,3,1,515,4,Female,95,3,1,3034,26914,1,No,12,3,3,80,1,18,2,2,18,7,12,17
387,339793,Travel_Rarely,759,2,2,1,516,4,Female,46,3,2,5715,22553,7,No,12,3,3,80,2,8,5,3,5,4,1,3
388,131393,Travel_Rarely,201,1,4,1,517,2,Female,95,3,1,2576,20490,3,No,16,3,2,80,1,8,5,3,5,2,1,2
389,410319,Travel_Rarely,1282,5,3,1,32,3,Female,58,3,3,19094,10735,4,No,11,3,4,80,1,26,3,2,14,13,4,8
390,793674,Travel_Rarely,982,12,3,1,520,1,Male,59,2,2,14336,4345,1,No,11,3,3,80,1,25,3,3,25,10,3,9
391,386917,Travel_Rarely,555,2,3,1,521,2,Female,78,2,3,3448,13436,6,No,22,4,2,80,1,20,3,3,1,0,0,0
392,200688,Travel_Rarely,821,5,2,1,522,1,Male,86,3,1,19406,8509,4,No,11,3,3,80,1,24,4,2,4,2,1,2
393,382237,Non-Travel,1381,4,4,1,523,3,Female,72,3,3,6538,12740,9,No,15,3,1,80,1,6,3,3,3,2,1,2
394,224422,Travel_Rarely,480,7,2,1,524,2,Female,31,3,1,4306,4156,1,No,12,3,2,80,1,13,5,1,13,10,3,12
395,772645,Travel_Frequently,313,21,3,1,525,4,Male,61,3,4,2258,15238,7,No,20,4,1,80,1,8,1,3,3,2,1,2
396,169705,Travel_Rarely,1473,8,4,1,526,3,Female,74,3,3,4522,2227,4,Yes,14,3,4,80,0,8,3,3,5,2,0,2
397,638950,Travel_Rarely,891,4,2,1,527,2,Female,99,2,4,4487,12090,1,Yes,11,3,2,80,0,5,3,3,5,4,1,3
398,698563,Non-Travel,1063,25,5,1,529,2,Female,72,3,3,4449,23866,3,Yes,15,3,1,80,2,15,2,3,13,11,10,7
399,949973,Travel_Rarely,329,1,2,1,530,4,Male,98,2,1,2218,16193,1,No,12,3,3,80,1,4,3,3,4,2,3,2
400,643332,Travel_Frequently,1218,1,1,1,531,2,Male,52,3,3,19197,8213,1,Yes,14,3,3,80,1,21,3,3,21,8,1,6
401,486395,Travel_Frequently,906,6,3,1,532,3,Female,86,4,1,13212,18256,9,No,11,3,4,80,3,36,0,2,7,7,7,7
402,915055,Travel_Rarely,1082,12,3,1,533,2,Female,83,3,3,6577,19558,0,No,11,3,2,80,0,6,6,3,5,4,4,4
403,505876,Travel_Rarely,645,1,3,1,534,2,Male,49,4,1,8392,19566,1,No,16,3,3,80,1,10,2,3,10,7,0,7
404,673325,Travel_Rarely,1300,17,2,1,536,3,Male,79,3,1,4558,13535,1,No,12,3,4,80,1,10,2,3,10,0,1,8
405,223968,Travel_Rarely,688,3,3,1,538,1,Male,91,3,1,4031,9396,5,No,13,3,3,80,1,6,5,3,2,2,0,2
406,96722,Travel_Rarely,319,3,3,1,543,4,Male,39,2,3,7969,19609,2,Yes,14,3,3,80,0,28,4,3,5,4,0,4
407,902629,Travel_Rarely,192,10,2,1,544,1,Male,69,3,4,2654,9655,3,No,21,4,4,80,2,8,3,2,2,2,0,2
408,531904,Travel_Rarely,1490,4,2,1,546,4,Female,30,3,4,16555,10310,2,No,13,3,4,80,0,31,2,1,5,2,1,4
409,128444,Travel_Frequently,532,29,2,1,547,1,Female,92,3,3,4556,12932,2,No,11,3,2,80,1,19,3,3,5,4,0,2
410,233577,Travel_Rarely,317,2,3,1,548,3,Female,43,1,4,6091,24793,2,No,20,4,3,80,0,11,2,3,5,4,0,2
411,123049,Travel_Rarely,422,7,3,1,549,1,Female,41,3,1,19566,3854,5,No,11,3,4,80,0,33,5,1,29,8,11,10
412,437181,Travel_Rarely,1485,18,3,1,550,3,Female,87,3,3,4810,26314,2,No,14,3,3,80,1,19,5,2,10,7,0,8
413,628925,Travel_Frequently,1368,28,4,1,551,4,Female,88,2,4,4523,4386,0,No,11,3,4,80,3,7,4,4,6,5,0,4
414,376598,Travel_Rarely,1448,1,1,1,554,1,Female,62,3,2,3202,21972,1,Yes,16,3,2,80,0,6,4,3,5,3,1,4
415,919979,Travel_Frequently,296,6,2,1,555,4,Female,33,1,3,2351,12253,0,No,16,3,4,80,1,3,3,2,2,2,1,0
416,897796,Travel_Frequently,1490,2,2,1,556,4,Male,42,3,4,1702,12106,1,Yes,23,4,3,80,1,1,3,3,1,0,0,0
417,907542,Travel_Rarely,1398,2,4,1,558,3,Female,79,3,3,18041,13022,0,No,14,3,4,80,0,21,2,3,20,15,1,12
418,571155,Travel_Rarely,1349,23,3,1,560,1,Female,90,3,4,2886,3032,1,No,22,4,2,80,2,3,3,1,3,2,0,2
419,257731,Non-Travel,1400,3,3,1,562,3,Male,53,3,4,2097,16734,4,No,15,3,3,80,1,9,3,1,5,3,1,4
420,213269,Travel_Rarely,986,3,4,1,564,2,Male,93,2,3,11935,21526,1,No,18,3,3,80,0,10,2,3,10,2,0,7
421,269302,Travel_Rarely,408,25,5,1,565,3,Female,71,2,2,2546,18300,5,No,16,3,2,80,0,6,2,4,2,2,1,1
422,623217,Travel_Rarely,489,2,2,1,566,1,Male,52,2,4,2564,18437,1,No,12,3,3,80,0,1,3,4,1,0,0,0
423,789033,Non-Travel,1398,22,4,1,567,3,Female,69,3,1,8412,2890,0,No,11,3,3,80,0,10,3,3,9,8,7,8
424,601927,Travel_Rarely,210,29,3,1,568,1,Male,56,2,4,14118,22102,3,No,12,3,3,80,1,32,3,2,1,0,0,0
425,674497,Travel_Rarely,1099,29,4,1,569,2,Male,88,2,3,17046,9314,0,No,15,3,2,80,1,28,2,3,27,10,15,7
426,474746,Non-Travel,1116,2,3,1,571,3,Female,49,3,4,2564,7181,0,No,14,3,3,80,0,12,2,2,11,7,6,7
427,739432,Travel_Frequently,1499,28,3,1,573,3,Female,80,2,1,10266,2845,4,No,19,3,4,80,0,22,5,4,18,13,13,11
428,793023,Travel_Rarely,983,2,2,1,574,1,Female,65,3,4,5070,7389,5,No,13,3,3,80,3,20,2,3,5,0,0,4
429,724380,Travel_Rarely,1009,2,3,1,575,1,Male,51,3,3,17861,2288,6,No,13,3,3,80,0,26,2,1,3,2,0,1
430,682811,Travel_Rarely,144,22,3,1,577,4,Male,46,1,3,4230,19225,0,No,15,3,3,80,0,6,2,3,5,4,4,3
431,520750,Travel_Rarely,548,8,4,1,578,3,Female,42,3,3,3780,23428,7,No,11,3,3,80,0,19,3,3,1,0,0,0
432,637567,Travel_Rarely,1303,2,4,1,579,4,Male,62,2,3,2768,8416,3,No,12,3,3,80,1,14,3,3,7,3,5,7
433,806987,Travel_Rarely,1125,10,3,1,580,3,Female,94,2,4,9071,11563,2,Yes,19,3,3,80,1,15,3,3,3,2,1,2
434,128570,Travel_Rarely,1274,9,1,1,581,3,Male,33,3,2,10648,14394,1,No,25,4,4,80,1,13,6,4,13,8,0,8
435,945010,Travel_Rarely,1277,15,1,1,582,2,Male,56,3,3,13610,24619,7,Yes,12,3,4,80,0,15,2,4,7,6,7,7
436,748037,Travel_Rarely,587,10,1,1,584,1,Male,38,1,4,3408,6705,7,No,13,3,1,80,3,8,2,3,4,3,1,3
437,867548,Travel_Rarely,413,7,1,1,585,4,Male,57,3,2,2983,18398,0,No,14,3,1,80,0,4,3,3,3,2,1,2
438,453185,Travel_Rarely,1276,16,3,1,586,4,Male,72,3,3,7632,14295,4,Yes,12,3,3,80,0,10,2,3,8,7,0,0
439,586186,Travel_Frequently,534,20,3,1,587,1,Male,66,3,3,9824,22908,3,No,12,3,1,80,0,12,2,3,1,0,0,0
440,886132,Travel_Frequently,988,23,3,1,590,2,Female,43,3,1,9950,11533,9,Yes,15,3,3,80,3,11,2,3,3,2,0,2
441,362504,Travel_Frequently,1474,5,2,1,591,2,Male,97,3,3,2093,9260,4,No,17,3,4,80,1,8,4,3,2,2,2,0
442,115712,Non-Travel,635,10,4,1,592,2,Male,32,3,4,9980,15318,1,No,14,3,4,80,0,10,3,2,10,3,9,7
443,410221,Travel_Frequently,1368,4,1,1,593,3,Male,99,2,3,3894,9129,5,No,16,3,3,80,0,4,3,3,2,2,1,2
444,750955,Travel_Rarely,163,2,5,1,595,2,Female,37,3,4,4051,19658,2,No,14,3,1,80,1,14,2,3,9,7,6,7
445,253352,Travel_Rarely,1117,18,5,1,597,1,Female,83,3,2,16835,9873,3,No,23,4,4,80,0,37,2,3,10,9,7,7
446,947685,Non-Travel,267,10,2,1,599,4,Male,56,3,4,6230,13430,7,No,14,3,4,80,0,16,3,3,14,3,1,10
447,802042,Travel_Rarely,619,1,3,1,600,2,Male,85,3,3,4717,18659,9,No,11,3,3,80,0,15,2,3,11,9,6,9
448,952903,Travel_Rarely,302,6,3,1,601,2,Female,75,3,3,13237,20364,7,No,15,3,3,80,0,22,3,3,20,6,5,13
449,948037,Travel_Frequently,443,8,1,1,602,3,Female,48,3,3,3755,17872,1,No,11,3,1,80,1,8,3,3,8,3,0,7
450,569177,Travel_Rarely,828,2,1,1,604,2,Male,77,3,4,6582,8346,4,Yes,13,3,3,80,0,10,2,4,6,5,0,5
451,404377,Travel_Rarely,319,24,3,1,605,4,Male,56,3,1,7406,6950,1,Yes,21,4,4,80,1,10,5,2,10,9,5,8
452,947658,Travel_Rarely,561,2,3,1,606,4,Male,61,3,2,4805,16177,0,No,19,3,2,80,1,9,3,4,8,7,3,7
453,96840,Travel_Frequently,426,17,4,1,608,2,Female,58,3,3,2741,22808,0,Yes,11,3,2,80,1,8,2,2,7,7,1,0
454,131489,Travel_Rarely,232,19,3,1,611,4,Male,34,3,4,4262,22645,4,No,12,3,2,80,2,8,2,4,3,2,1,2
455,917041,Travel_Rarely,922,1,5,1,612,1,Female,95,4,3,16184,22578,4,No,19,3,3,80,1,10,2,3,6,1,0,5
456,739909,Travel_Rarely,688,7,3,1,613,3,Male,44,2,4,11557,25291,9,No,21,4,3,80,1,10,3,2,5,4,0,1
457,284349,Travel_Frequently,1306,5,3,1,614,2,Male,69,3,2,1878,8059,1,Yes,14,3,4,80,0,0,3,3,0,0,0,0
458,188061,Non-Travel,1094,28,3,1,615,3,Male,58,1,1,10932,11373,3,No,15,3,3,80,1,20,2,3,1,0,0,1
459,784524,Non-Travel,509,2,4,1,616,1,Female,62,2,3,6811,2112,2,Yes,17,3,1,80,0,10,3,3,8,7,0,7
460,354752,Travel_Rarely,775,29,2,1,618,1,Male,45,3,3,4306,4267,5,No,12,3,1,80,2,8,5,3,0,0,0,0
461,325666,Travel_Rarely,195,1,3,1,620,1,Female,80,3,3,4859,6698,1,No,16,3,4,80,0,5,3,3,5,4,0,3
462,223665,Travel_Rarely,258,21,4,1,621,4,Male,74,4,4,5337,19921,1,No,12,3,4,80,0,10,3,3,10,7,5,7
463,846622,Travel_Rarely,471,24,3,1,622,3,Male,66,1,4,2340,23213,1,Yes,18,3,2,80,0,1,3,1,1,0,0,0
464,285653,Travel_Rarely,799,1,3,1,623,2,Female,59,3,4,7491,23848,4,No,17,3,4,80,0,12,3,4,6,5,1,2
465,543239,Travel_Frequently,1034,18,1,1,624,1,Female,86,3,3,10527,8984,5,No,11,3,4,80,0,28,3,2,2,2,1,2
466,623888,Travel_Rarely,1276,2,5,1,625,2,Female,91,3,1,16595,5626,7,No,16,3,2,80,1,22,2,3,18,16,11,8
467,926004,Non-Travel,142,9,4,1,626,1,Male,69,3,2,8834,24666,1,No,13,3,4,80,1,9,6,3,9,5,7,7
468,553784,Travel_Rarely,956,6,2,1,630,4,Male,78,3,1,5577,22087,3,Yes,12,3,2,80,2,18,3,3,10,9,6,9
469,485010,Non-Travel,1474,11,4,1,631,4,Male,60,4,3,4707,23914,8,No,12,3,4,80,0,6,2,3,4,2,1,2
470,648842,Travel_Frequently,535,24,3,1,632,4,Male,38,3,4,2400,5530,0,No,13,3,3,80,2,3,3,3,2,2,2,1
471,556033,Travel_Rarely,1495,10,3,1,634,3,Female,76,3,3,9824,22174,3,No,19,3,3,80,1,18,4,3,1,0,0,0
472,931749,Travel_Rarely,446,1,4,1,635,2,Female,65,3,2,6447,15701,6,No,12,3,2,80,1,8,2,2,6,5,4,3
473,334386,Travel_Rarely,1245,18,4,1,638,4,Male,58,2,3,19502,2125,1,Yes,17,3,3,80,1,31,5,3,31,9,0,9
474,843464,Travel_Rarely,691,23,3,1,639,2,Male,89,4,4,2725,21630,1,Yes,11,3,2,80,2,6,3,3,6,5,1,4
475,333547,Travel_Rarely,703,28,2,1,641,1,Male,66,3,2,6272,7428,1,No,20,4,4,80,2,6,5,4,5,3,1,4
476,242361,Travel_Rarely,823,17,2,1,643,4,Male,94,2,2,2127,9100,1,No,21,4,4,80,1,1,2,3,1,0,0,0
477,333546,Travel_Frequently,1246,3,3,1,644,1,Male,99,3,2,18200,7999,1,No,11,3,3,80,1,32,2,3,32,5,10,7
478,802773,Travel_Rarely,622,13,1,1,645,2,Male,40,3,3,2096,26376,1,No,11,3,3,80,0,7,1,3,7,4,0,6
479,444482,Travel_Frequently,1287,7,3,1,647,1,Female,55,3,3,2886,14168,1,Yes,16,3,4,80,1,6,4,3,6,3,1,2
480,139463,Travel_Frequently,448,12,4,1,648,2,Male,74,2,1,2033,14470,1,No,18,3,3,80,1,1,2,4,1,0,0,0
481,833402,Travel_Rarely,254,1,2,1,649,2,Male,83,2,4,3622,22794,1,Yes,13,3,4,80,1,6,3,3,6,5,1,3
482,102671,Travel_Rarely,1365,13,4,1,650,2,Male,46,3,1,4233,11512,2,No,17,3,3,80,0,9,2,1,3,1,1,2
483,711683,Travel_Rarely,538,25,2,1,652,1,Male,54,2,4,3681,14004,4,No,14,3,4,80,0,9,3,3,3,2,0,2
484,843660,Travel_Rarely,525,6,4,1,653,1,Male,66,4,4,5460,6219,4,No,22,4,4,80,2,13,4,4,7,7,5,7
485,501454,Travel_Rarely,798,6,4,1,655,1,Female,66,2,3,2187,5013,0,No,12,3,3,80,2,6,5,2,5,3,0,3
486,466702,Travel_Rarely,558,2,3,1,656,4,Male,75,3,3,9602,3010,4,Yes,11,3,3,80,1,17,3,2,3,0,1,0
487,208948,Travel_Rarely,959,1,3,1,657,4,Female,83,2,2,2836,11757,1,No,13,3,4,80,0,1,0,4,1,0,0,0
488,587706,Travel_Rarely,622,2,4,1,659,3,Female,81,3,4,4089,5718,1,No,13,3,2,80,2,10,4,3,10,2,2,2
489,918924,Travel_Rarely,782,6,4,1,661,2,Male,50,2,4,16627,2671,4,Yes,14,3,3,80,1,21,3,2,1,0,0,0
490,245949,Travel_Rarely,362,1,1,1,662,3,Female,43,3,1,2619,14561,3,No,17,3,4,80,0,8,3,2,0,0,0,0
491,803882,Travel_Frequently,1001,9,5,1,663,4,Male,72,3,3,5679,19627,3,Yes,13,3,2,80,1,10,3,3,8,7,4,7
492,623440,Travel_Rarely,1236,1,4,1,664,4,Female,40,2,1,15402,17997,7,No,11,3,1,80,1,21,3,1,3,2,0,2
493,405604,Travel_Rarely,1112,1,4,1,665,1,Female,50,2,3,5985,26894,4,No,11,3,2,80,0,10,1,4,2,2,0,2
494,138796,Travel_Rarely,204,14,3,1,666,3,Female,31,3,3,2579,2912,1,Yes,18,3,4,80,2,8,3,3,8,2,0,6
495,739300,Travel_Rarely,1420,2,1,1,667,3,Male,85,3,1,3041,16346,0,No,11,3,2,80,1,5,3,3,4,3,0,2
496,232096,Travel_Rarely,1343,22,1,1,669,3,Male,49,3,3,3447,24444,1,No,11,3,3,80,0,3,2,3,3,2,1,2
497,765508,Travel_Rarely,1315,3,4,1,671,4,Male,35,3,4,19513,9358,4,Yes,12,3,1,80,1,26,2,4,2,2,0,1
498,872993,Travel_Rarely,604,6,1,1,675,1,Male,69,3,3,2773,12145,0,No,20,4,4,80,0,3,3,3,2,2,2,2
499,190042,Travel_Rarely,1216,8,4,1,677,3,Male,39,3,3,7104,20431,0,No,12,3,4,80,0,6,3,3,5,0,1,2
500,119767,Travel_Rarely,646,9,4,1,679,1,Female,92,3,4,6322,18089,1,Yes,12,3,4,80,1,6,2,2,6,4,0,5
501,655000,Travel_Frequently,160,3,3,1,680,3,Female,71,3,3,2083,22653,1,No,20,4,3,80,1,1,2,3,1,0,0,0
502,332018,Travel_Rarely,238,1,1,1,682,4,Female,34,3,1,8381,7507,7,No,20,4,4,80,0,18,2,4,14,7,8,10
503,515957,Travel_Rarely,1397,1,5,1,683,2,Male,42,3,4,2691,7660,1,No,12,3,4,80,1,10,4,2,10,9,8,8
504,809385,Travel_Frequently,306,26,4,1,684,1,Female,100,3,1,4286,5630,2,No,14,3,4,80,2,5,4,3,1,1,0,0
505,403139,Travel_Rarely,991,6,3,1,686,3,Female,71,3,4,2659,17759,1,Yes,13,3,3,80,1,3,2,3,3,2,0,2
506,261521,Travel_Rarely,482,3,3,1,689,3,Male,36,3,3,9434,9606,1,No,15,3,3,80,1,10,2,3,10,7,7,8
507,245757,Travel_Rarely,1176,3,2,1,690,2,Female,62,3,3,5561,3487,1,No,14,3,1,80,1,6,5,2,6,0,1,2
508,267120,Travel_Rarely,1017,6,4,1,691,2,Male,82,1,4,6646,19368,1,No,13,3,2,80,0,17,3,3,17,11,11,8
509,428573,Travel_Frequently,1296,6,3,1,692,3,Male,30,3,4,7725,5335,3,No,23,4,3,80,1,15,2,1,13,11,4,7
510,284274,Travel_Rarely,397,19,4,1,698,3,Male,88,3,2,10725,6729,2,No,15,3,3,80,1,16,1,4,9,7,7,1
511,949262,Travel_Rarely,913,9,2,1,699,2,Male,48,2,2,8847,13934,2,Yes,11,3,3,80,1,13,2,3,3,2,0,2
512,520948,Travel_Rarely,1115,3,4,1,700,1,Male,54,2,4,2045,15174,0,No,13,3,4,80,0,5,0,3,4,2,1,1
513,208153,Travel_Rarely,1362,10,1,1,701,4,Male,32,3,3,1009,26999,1,Yes,11,3,4,80,0,1,5,3,1,0,1,1
514,136015,Travel_Frequently,1076,3,3,1,702,1,Male,70,3,1,3348,3164,1,Yes,11,3,1,80,0,10,3,3,10,8,9,7
515,773146,Non-Travel,727,3,3,1,704,3,Male,41,2,3,1281,16900,1,No,18,3,3,80,2,1,3,3,1,0,0,0
516,820116,Travel_Rarely,885,4,3,1,705,1,Male,58,4,1,2819,8544,2,No,16,3,1,80,1,5,3,4,3,2,0,2
517,410444,Travel_Rarely,810,8,3,1,707,4,Male,57,4,2,4851,15678,0,No,22,4,3,80,1,4,4,3,3,2,1,2
518,128800,Travel_Rarely,243,7,4,1,709,4,Female,46,2,4,4028,7791,0,No,20,4,1,80,0,8,2,3,7,7,0,5
519,327047,Travel_Frequently,806,1,4,1,710,2,Male,76,1,4,2720,18959,1,No,18,3,4,80,1,10,5,3,10,7,2,8
520,413270,Travel_Rarely,817,2,1,1,712,2,Male,56,4,2,8120,18597,3,No,12,3,4,80,0,12,3,3,2,2,2,2
521,790265,Travel_Frequently,1410,3,1,1,714,4,Female,71,4,4,4647,16673,1,Yes,20,4,2,80,2,6,3,3,6,5,0,4
522,152304,Travel_Rarely,1225,10,2,1,715,4,Male,80,4,4,4680,15232,3,No,17,3,1,80,0,4,2,3,1,0,0,0
523,572046,Travel_Rarely,1207,28,1,1,716,4,Male,74,4,3,3221,3297,1,Yes,11,3,3,80,3,20,3,3,20,8,3,8
524,651176,Travel_Rarely,1442,9,3,1,717,4,Female,46,2,2,8621,17654,1,No,14,3,2,80,0,9,3,4,8,7,7,7
525,808893,Travel_Rarely,693,3,2,1,720,1,Female,65,3,3,4577,24785,9,No,14,3,1,80,0,4,3,3,2,2,2,0
526,418505,Travel_Rarely,408,2,4,1,721,4,Female,80,2,3,4553,20978,1,No,11,3,1,80,0,20,4,3,20,7,11,10
527,476861,Travel_Rarely,929,10,3,1,722,4,Male,55,3,4,5396,21703,1,No,12,3,4,80,0,10,2,2,10,7,0,8
528,906609,Travel_Frequently,562,8,2,1,723,2,Male,50,3,3,6796,23452,3,Yes,14,3,1,80,1,18,4,3,4,3,1,3
529,874746,Travel_Rarely,827,1,4,1,724,2,Female,33,4,4,7625,19383,0,No,13,3,3,80,0,10,4,2,9,7,1,8
530,354164,Travel_Rarely,608,1,2,1,725,3,Female,68,3,1,7412,6009,1,No,11,3,4,80,0,9,3,3,9,7,0,7
531,837811,Travel_Rarely,1018,3,2,1,727,3,Female,39,3,4,11159,19373,3,No,15,3,4,80,0,10,6,3,7,7,7,7
532,818249,Travel_Rarely,703,14,4,1,728,4,Male,42,3,1,4960,11825,2,No,12,3,4,80,0,20,2,3,7,7,1,7
533,371132,Travel_Frequently,580,5,4,1,729,4,Male,48,2,1,10475,23772,5,Yes,21,4,3,80,1,20,2,3,18,13,1,12
534,702840,Travel_Rarely,970,7,3,1,730,3,Male,59,4,3,14814,13514,3,No,19,3,3,80,0,32,3,3,5,1,1,3
535,654139,Travel_Rarely,427,10,4,1,731,2,Male,73,2,4,19141,8861,3,No,15,3,2,80,3,23,2,2,21,6,12,6
536,123006,Travel_Rarely,1179,16,4,1,732,1,Male,84,3,1,5405,11924,8,No,14,3,4,80,0,10,1,3,2,2,2,2
537,344301,Travel_Frequently,294,10,2,1,733,4,Male,32,3,1,8793,4809,1,No,21,4,3,80,2,9,4,2,9,7,1,7
538,299520,Travel_Rarely,314,1,3,1,734,4,Male,59,2,3,19189,19562,1,No,12,3,2,80,1,22,3,3,22,7,2,10
539,165762,Travel_Rarely,316,8,4,1,738,4,Male,54,3,2,3875,9983,7,No,15,3,4,80,1,4,2,3,2,2,2,2
540,742635,Travel_Rarely,654,1,2,1,741,1,Female,67,1,2,2216,3872,7,Yes,13,3,4,80,0,10,4,3,7,7,3,7
541,345709,Non-Travel,427,8,3,1,742,1,Female,63,4,1,11713,20335,9,No,14,3,1,80,1,10,2,3,8,7,0,5
542,812389,Travel_Rarely,168,1,3,1,743,3,Female,81,3,3,7861,15397,4,Yes,14,3,4,80,0,10,4,4,1,0,0,0
543,564122,Non-Travel,381,24,3,1,744,1,Male,49,1,3,3708,2104,2,No,14,3,3,80,0,9,5,3,5,2,1,4
544,409943,Travel_Frequently,217,3,3,1,746,4,Female,49,3,3,13770,10225,9,Yes,12,3,4,80,2,28,2,2,22,2,11,13
545,426674,Travel_Rarely,501,27,5,1,747,3,Male,99,3,4,5304,25275,7,No,23,4,4,80,1,10,2,2,8,7,7,7
546,601614,Travel_Rarely,1396,10,3,1,749,3,Male,99,3,3,2642,2755,1,No,11,3,3,80,0,1,6,3,1,0,0,0
547,119796,Travel_Frequently,933,19,3,1,752,3,Male,57,4,3,2759,20366,6,Yes,12,3,4,80,0,7,2,3,2,2,2,2
548,649811,Travel_Frequently,775,15,3,1,754,4,Male,47,2,4,6804,23683,3,No,18,3,3,80,1,7,5,3,2,2,2,2
549,858155,Travel_Rarely,970,8,2,1,757,2,Female,96,3,3,6142,7360,3,No,11,3,4,80,0,10,2,3,5,1,4,3
550,429246,Travel_Rarely,650,9,1,1,758,2,Male,37,3,1,2500,4344,1,No,14,3,4,80,1,5,2,4,4,3,0,2
551,329120,Travel_Rarely,141,3,3,1,760,3,Female,44,4,2,6389,18767,9,No,15,3,3,80,1,12,3,1,8,3,3,6
552,722924,Travel_Rarely,832,9,3,1,762,3,Male,81,3,4,11103,20420,7,No,11,3,3,80,0,30,1,2,10,7,1,1
553,405301,Travel_Rarely,804,2,1,1,763,4,Female,86,2,4,2342,22929,0,Yes,20,4,4,80,0,5,2,2,4,2,2,3
554,315644,Travel_Rarely,975,7,3,1,764,4,Female,55,2,1,6811,23398,8,No,19,3,1,80,0,9,2,1,7,6,0,7
555,640117,Travel_Rarely,1090,10,3,1,766,4,Male,83,3,2,2297,17967,1,No,14,3,4,80,2,2,2,3,2,2,2,2
556,884354,Travel_Rarely,346,6,3,1,769,4,Male,86,3,4,2450,10919,2,No,17,3,4,80,0,19,4,3,2,2,2,2
557,792366,Non-Travel,1225,2,4,1,771,4,Female,61,3,1,5093,4761,2,No,11,3,1,80,1,16,2,4,1,0,0,0
558,842928,Travel_Frequently,430,24,4,1,772,1,Male,80,3,4,5309,21146,1,No,15,3,4,80,2,10,2,3,10,8,4,7
559,605032,Travel_Rarely,268,2,5,1,773,4,Male,92,3,3,3057,20471,6,Yes,13,3,2,80,1,6,0,1,1,0,0,1
560,317366,Travel_Rarely,167,8,5,1,775,2,Female,32,3,1,5121,4187,3,No,14,3,3,80,1,7,3,3,0,0,0,0
561,221265,Travel_Rarely,621,3,4,1,776,3,Male,31,2,1,16856,10084,1,No,11,3,1,80,0,34,3,4,34,6,1,16
562,128768,Travel_Rarely,527,1,4,1,780,4,Male,63,3,4,2686,5207,1,Yes,13,3,3,80,0,10,2,2,10,9,7,8
563,139646,Travel_Rarely,883,26,1,1,781,3,Female,32,3,4,6180,22807,1,No,23,4,2,80,0,6,5,2,6,5,1,4
564,446160,Travel_Rarely,954,2,2,1,783,2,Male,46,1,3,6632,12388,0,No,13,3,1,80,0,9,3,3,8,7,3,1
565,325262,Travel_Rarely,310,10,1,1,784,1,Male,79,4,3,3505,19630,1,No,18,3,4,80,0,2,3,3,2,2,0,2
566,277417,Travel_Frequently,719,27,2,1,785,2,Female,77,4,3,6397,10339,4,Yes,12,3,4,80,0,8,2,3,5,4,1,3
567,257826,Travel_Rarely,304,2,3,1,786,4,Male,60,3,4,6274,18686,1,No,22,4,3,80,0,6,5,3,6,5,1,4
568,407360,Travel_Rarely,725,2,3,1,787,4,Male,78,3,1,19859,21199,5,Yes,13,3,4,80,1,24,2,3,5,2,1,4
569,579515,Non-Travel,1434,8,4,1,789,1,Male,76,2,1,7587,14229,1,No,15,3,2,80,0,10,1,3,10,7,0,9
570,769520,Non-Travel,715,19,4,1,791,4,Male,41,3,4,4258,26589,0,No,18,3,1,80,1,5,3,3,4,3,1,2
571,808816,Travel_Frequently,575,1,2,1,792,1,Female,71,1,4,4364,5288,3,No,14,3,1,80,1,5,2,3,2,2,2,0
572,628854,Travel_Rarely,1282,5,3,1,32,3,Female,58,3,3,19094,10735,4,No,11,3,4,80,1,26,3,2,14,13,4,8
573,427874,Travel_Rarely,1146,8,3,1,796,4,Male,38,2,1,5326,3064,6,No,17,3,3,80,0,6,2,2,4,3,1,2
574,110215,Travel_Rarely,182,1,4,1,797,2,Female,72,4,4,3280,13551,2,No,16,3,3,80,0,10,2,3,4,2,1,3
575,592588,Travel_Rarely,376,19,4,1,799,4,Female,95,3,1,5485,22670,9,Yes,11,3,2,80,2,9,4,3,5,3,1,4
576,856347,Travel_Frequently,829,8,1,1,800,3,Male,84,3,4,4342,24008,0,No,19,3,2,80,1,5,3,3,4,2,1,1
577,327000,Travel_Rarely,571,10,1,1,802,4,Female,82,3,1,2782,19905,0,Yes,13,3,2,80,2,6,3,2,5,3,4,3
578,858436,Travel_Frequently,240,2,4,1,803,1,Female,75,4,1,5980,26085,6,Yes,12,3,4,80,0,17,2,3,15,7,4,12
579,878358,Travel_Rarely,121,2,4,1,804,3,Female,86,2,1,4381,7530,1,No,11,3,3,80,0,6,3,3,6,5,1,3
580,195267,Travel_Rarely,384,8,4,1,805,1,Female,72,3,4,2572,20317,1,No,16,3,2,80,1,3,1,2,3,2,0,2
581,213477,Travel_Rarely,921,1,3,1,806,4,Male,38,1,3,3833,24375,3,No,21,4,3,80,2,7,2,3,2,2,0,2
582,574304,Travel_Frequently,791,2,2,1,807,3,Female,38,4,2,4244,9931,1,No,24,4,4,80,1,8,2,3,8,7,3,7
583,692542,Travel_Rarely,1111,8,2,1,808,3,Female,93,3,1,6500,13305,5,No,17,3,2,80,1,6,1,3,3,2,1,2
584,910232,Travel_Frequently,570,8,3,1,809,2,Male,66,3,4,18430,16225,1,No,13,3,2,80,1,24,4,2,24,7,14,9
585,359736,Travel_Rarely,1243,6,3,1,811,3,Male,63,4,1,1601,3445,1,Yes,21,4,3,80,2,1,2,3,0,0,0,0
586,790781,Non-Travel,1092,9,3,1,812,3,Male,60,2,2,2694,26551,1,No,11,3,3,80,3,1,4,3,1,0,0,0
587,328573,Travel_Rarely,1325,11,4,1,813,4,Female,82,3,3,3149,21821,8,No,20,4,2,80,1,9,3,3,5,2,1,4
588,586536,Travel_Rarely,691,2,3,1,815,3,Male,64,3,3,17639,6881,5,No,16,3,4,80,0,30,3,3,4,3,0,3
589,249197,Travel_Rarely,805,1,2,1,816,2,Female,36,2,1,2319,6689,1,Yes,11,3,4,80,1,1,1,3,1,0,0,0
590,166980,Travel_Rarely,213,7,3,1,817,3,Male,49,3,3,11691,25995,0,No,11,3,4,80,0,14,3,4,13,9,3,7
591,269018,Travel_Rarely,118,16,3,1,819,1,Female,69,3,1,5324,26507,5,No,15,3,3,80,0,6,3,3,3,2,0,2
592,726073,Travel_Rarely,1282,5,3,1,32,3,Female,58,3,3,19094,10735,4,No,11,3,4,80,1,26,3,2,14,13,4,8
593,483324,Travel_Rarely,676,1,3,1,823,3,Female,35,3,2,5228,23361,0,No,15,3,1,80,1,10,2,3,9,7,0,5
594,442127,Travel_Rarely,1252,23,2,1,824,3,Male,81,4,3,2700,23779,1,No,24,4,3,80,1,10,3,3,10,7,0,7
595,505436,Travel_Rarely,1282,5,3,1,32,3,Female,58,3,3,19094,10735,4,No,11,3,4,80,1,26,3,2,14,13,4,8
596,929178,Travel_Rarely,1258,1,4,1,826,4,Female,40,4,3,2506,13301,3,No,13,3,3,80,0,7,0,3,2,2,2,2
597,601920,Travel_Rarely,932,1,2,1,827,4,Female,43,2,4,6062,4051,9,Yes,13,3,4,80,1,8,4,3,4,3,0,2
598,481643,Travel_Rarely,890,2,4,1,828,3,Male,46,3,3,4382,16374,6,No,17,3,4,80,0,5,3,2,2,2,2,1
599,347454,Travel_Rarely,1041,13,3,1,829,3,Male,36,3,2,2143,25527,4,No,13,3,2,80,1,8,2,3,5,2,0,4
600,634658,Travel_Rarely,859,4,3,1,830,3,Female,98,2,3,6162,19124,1,No,12,3,3,80,1,14,3,3,14,13,6,8
601,444557,Travel_Frequently,720,16,4,1,832,1,Male,51,2,3,5094,11983,6,No,14,3,4,80,0,10,6,3,1,0,0,0
602,919258,Travel_Rarely,946,2,3,1,833,3,Female,52,2,4,6877,20234,5,Yes,24,4,2,80,0,12,4,2,0,0,0,0
603,932606,Travel_Rarely,252,2,3,1,834,2,Female,95,2,3,2274,6153,1,No,14,3,4,80,0,1,3,3,1,0,0,0
604,299033,Travel_Rarely,933,29,3,1,836,2,Male,98,3,2,4434,11806,1,No,13,3,4,80,1,10,3,2,9,8,7,8
605,156531,Travel_Frequently,471,12,3,1,837,1,Male,45,2,1,6288,4284,2,No,15,3,3,80,1,13,3,2,4,3,1,2
606,109683,Travel_Frequently,702,16,4,1,838,3,Female,100,2,4,2553,8306,1,No,16,3,3,80,0,6,3,3,5,2,1,3
607,545263,Travel_Rarely,1184,11,3,1,840,3,Female,43,3,4,7654,5860,1,No,18,3,1,80,2,9,3,4,9,8,7,7
608,823828,Travel_Rarely,436,2,1,1,842,3,Male,37,3,4,5160,21519,4,No,16,3,3,80,0,12,3,2,9,7,7,3
609,464219,Travel_Rarely,1285,5,3,1,32,3,Female,58,3,3,19094,10735,4,No,11,3,4,80,1,26,3,2,14,13,4,8
610,316450,Travel_Rarely,269,5,1,1,844,3,Male,42,2,4,12808,8842,1,Yes,16,3,2,80,1,9,3,3,9,8,0,8
611,685615,Travel_Rarely,950,7,3,1,845,3,Male,59,3,3,10221,18869,3,No,21,4,2,80,0,17,3,4,8,5,1,6
612,957161,Travel_Rarely,760,2,4,1,846,2,Female,81,3,2,4779,3698,1,Yes,20,4,1,80,0,8,2,3,8,7,7,5
613,762279,Travel_Rarely,829,3,2,1,847,3,Male,88,3,4,3737,2243,0,No,19,3,3,80,1,4,1,1,3,2,0,2
614,296491,Travel_Frequently,887,5,2,1,848,3,Female,88,2,3,2366,20898,1,Yes,14,3,1,80,1,8,2,3,8,7,1,7
615,441870,Non-Travel,443,3,3,1,850,4,Male,50,3,4,1706,16571,1,No,11,3,3,80,3,0,6,2,0,0,0,0
616,649162,Travel_Rarely,1282,5,3,1,32,3,Female,58,3,3,19094,10735,4,No,11,3,4,80,1,26,3,2,14,13,4,8
617,662472,Travel_Rarely,625,4,3,1,852,4,Male,50,3,2,5933,5197,9,No,12,3,4,80,0,10,2,2,5,2,2,3
618,681209,Travel_Rarely,180,2,1,1,854,1,Male,65,4,1,3424,21632,7,No,13,3,3,80,0,6,3,2,4,3,0,1
619,441742,Travel_Rarely,586,1,3,1,855,1,Male,48,4,1,4037,21816,1,No,22,4,1,80,1,9,5,3,9,8,0,8
620,403993,Travel_Rarely,1343,27,1,1,856,3,Female,53,2,1,2559,17852,1,No,11,3,4,80,0,6,3,2,6,5,1,1
621,364673,Travel_Rarely,928,1,2,1,857,2,Male,56,3,4,6201,2823,1,Yes,14,3,4,80,1,18,1,2,18,14,4,11
622,238897,Travel_Rarely,117,13,4,1,859,2,Male,73,3,4,4403,9250,2,No,11,3,3,80,1,8,3,2,5,2,0,3
623,398434,Travel_Frequently,1012,5,4,1,861,2,Male,75,2,4,3761,2373,9,No,12,3,2,80,1,10,3,2,5,4,0,3
624,852328,Travel_Rarely,661,7,2,1,862,1,Female,78,2,4,10934,20715,7,Yes,18,3,4,80,1,35,3,3,5,2,0,4
625,401818,Travel_Rarely,930,9,3,1,864,4,Male,74,3,1,10761,19239,4,Yes,12,3,3,80,1,18,2,3,5,4,0,2
626,105236,Travel_Rarely,638,8,2,1,865,3,Female,91,4,3,5175,22162,5,No,12,3,3,80,1,9,3,2,5,3,1,3
627,638911,Travel_Rarely,1282,5,3,1,32,3,Male,58,3,3,19094,10735,4,Yes,11,3,4,80,1,26,3,2,14,13,4,8
628,716230,Travel_Rarely,342,16,4,1,868,4,Male,66,2,3,6334,24558,4,No,19,3,4,80,2,9,2,3,1,0,0,0
629,267286,Travel_Rarely,1169,8,2,1,869,2,Male,63,2,4,4936,23965,1,No,13,3,4,80,1,6,6,3,5,1,0,4
630,411476,Travel_Rarely,1230,1,2,1,872,4,Male,33,2,4,4775,19146,6,No,22,4,1,80,2,4,2,1,2,2,2,2
631,453577,Travel_Rarely,986,8,4,1,874,1,Male,62,4,4,2818,5044,2,Yes,24,4,3,80,1,10,2,2,3,2,0,2
632,206644,Travel_Frequently,1271,2,1,1,875,2,Male,35,3,4,2515,9068,5,Yes,14,3,4,80,0,8,2,3,2,1,2,2
633,952376,Travel_Rarely,1278,8,3,1,878,1,Male,77,2,1,2342,8635,0,No,21,4,3,80,0,6,3,3,5,4,0,3
634,717160,Travel_Rarely,141,3,1,1,879,3,Male,98,3,1,4194,14363,1,Yes,18,3,4,80,0,5,3,3,5,3,0,3
635,178451,Travel_Rarely,607,9,3,1,880,4,Female,66,2,3,10685,23457,1,Yes,20,4,2,80,1,17,2,3,17,14,5,15
636,325225,Travel_Frequently,130,25,4,1,881,4,Female,96,3,2,2022,16612,1,Yes,19,3,1,80,1,10,3,2,10,2,7,8
637,251440,Non-Travel,300,1,3,1,882,4,Male,61,3,4,2314,9148,0,No,12,3,2,80,1,4,2,3,3,0,0,2
638,785994,Travel_Rarely,1282,5,3,1,32,3,Female,58,3,3,19094,10735,4,No,11,3,4,80,1,26,3,2,14,13,4,8
639,783029,Travel_Rarely,1418,1,3,1,887,3,Female,36,3,1,3580,10554,2,No,16,3,2,80,1,7,2,3,4,2,0,2
640,880137,Non-Travel,1269,4,1,1,888,1,Male,46,2,4,3162,10778,0,No,17,3,4,80,0,6,2,2,5,2,3,4
641,136838,Travel_Frequently,379,5,2,1,889,2,Male,48,3,2,6524,8891,1,No,14,3,4,80,1,10,3,3,10,8,5,3
642,191622,Travel_Rarely,395,9,3,1,893,2,Male,98,2,2,2899,12102,0,No,19,3,4,80,1,3,3,3,2,2,1,2
643,642133,Travel_Rarely,1265,3,3,1,894,3,Female,95,4,4,5231,23726,2,Yes,13,3,2,80,1,17,1,2,5,3,1,3
644,156304,Travel_Rarely,1222,11,4,1,895,4,Male,48,3,4,2356,14871,3,Yes,19,3,2,80,1,8,2,3,6,4,0,2
645,910568,Travel_Rarely,341,1,3,1,896,2,Female,48,2,3,2800,23522,6,Yes,19,3,3,80,3,5,3,3,3,2,0,2
646,776425,Travel_Rarely,868,8,3,1,897,1,Male,73,3,4,11836,22789,5,No,14,3,3,80,1,28,3,3,2,0,2,2
647,804047,Travel_Rarely,672,25,3,1,899,4,Male,78,2,2,10903,9129,3,No,16,3,1,80,0,16,2,3,13,10,4,8
648,788206,Travel_Frequently,1231,21,2,1,900,3,Female,54,3,4,2973,21222,5,No,15,3,2,80,1,10,3,3,5,4,0,0
649,820364,Travel_Rarely,1282,5,3,1,32,3,Female,58,3,3,19094,10735,4,No,11,3,4,80,1,26,3,2,14,13,4,8
650,819111,Travel_Frequently,422,1,3,1,902,4,Female,33,3,4,5562,21782,4,No,13,3,2,80,1,12,2,2,5,2,2,2
651,526987,Travel_Rarely,249,2,2,1,903,3,Female,35,3,4,4537,17783,0,Yes,22,4,1,80,1,8,2,3,7,6,7,7
652,851347,Non-Travel,1252,19,2,1,904,1,Male,32,3,2,7642,4814,1,Yes,13,3,4,80,0,10,2,3,10,0,0,9
653,487236,Travel_Rarely,1282,5,3,1,32,3,Female,58,3,3,19094,10735,4,No,11,3,4,80,1,26,3,2,13,13,4,8
654,708256,Travel_Rarely,1383,2,3,1,909,4,Female,42,2,4,5204,7790,8,No,11,3,3,80,2,13,2,3,5,4,0,4
655,613408,Travel_Rarely,1075,3,2,1,910,4,Male,57,3,2,2277,22650,3,Yes,11,3,3,80,1,7,4,4,4,3,0,3
656,905706,Travel_Rarely,374,25,4,1,911,1,Male,87,3,4,2795,18016,1,Yes,24,4,3,80,0,1,2,1,1,0,0,1
657,104986,Travel_Rarely,1086,7,1,1,912,1,Female,62,2,4,2532,6054,6,No,14,3,3,80,3,8,5,3,4,3,0,3
658,223964,Travel_Rarely,661,9,2,1,913,2,Male,61,3,1,2559,7508,1,Yes,13,3,4,80,0,8,0,3,8,7,7,1
659,887875,Travel_Rarely,821,5,4,1,916,1,Male,98,3,4,4908,24252,1,No,14,3,2,80,0,4,3,3,4,2,0,2
660,428961,Travel_Frequently,781,2,1,1,918,4,Male,57,2,4,2380,13384,9,Yes,14,3,4,80,1,3,3,2,1,0,0,0
661,96249,Travel_Rarely,177,8,3,1,920,1,Female,55,3,2,4765,23814,4,No,21,4,3,80,1,4,2,4,1,0,0,0
662,236907,Travel_Rarely,500,2,3,1,922,3,Female,49,2,3,2044,22052,1,No,13,3,4,80,0,2,3,2,2,2,0,2
663,649233,Travel_Rarely,1427,18,1,1,923,4,Female,65,3,4,2693,8870,1,No,19,3,1,80,0,1,3,2,1,0,0,0
664,191797,Travel_Rarely,1425,14,1,1,924,3,Male,68,3,4,6586,4821,0,Yes,17,3,1,80,1,17,2,2,16,8,4,11
665,268218,Travel_Rarely,1454,2,4,1,925,4,Female,65,2,4,3294,13137,1,Yes,18,3,1,80,0,3,3,2,3,2,1,2
666,237346,Travel_Rarely,617,3,1,1,926,2,Female,34,3,3,4171,10022,0,Yes,19,3,1,80,1,4,3,4,3,2,0,2
667,516165,Travel_Rarely,1085,2,4,1,927,2,Female,57,1,4,2778,17725,4,Yes,13,3,3,80,1,10,1,2,7,7,1,0
668,447311,Travel_Rarely,995,9,3,1,930,3,Female,77,3,3,2377,9834,5,No,18,3,2,80,1,6,2,3,2,2,2,2
669,302149,Travel_Rarely,1122,6,3,1,932,4,Male,70,3,1,2404,4303,7,Yes,21,4,4,80,0,8,2,1,2,2,2,2
670,738395,Travel_Rarely,618,4,3,1,933,2,Female,76,3,3,2318,17808,1,No,19,3,3,80,0,1,2,3,1,1,0,0
671,582281,Travel_Rarely,546,10,3,1,934,2,Male,83,3,2,2008,6896,1,No,14,3,2,80,2,1,3,3,1,0,1,0
672,719359,Travel_Rarely,462,14,2,1,936,3,Female,68,2,3,6244,7824,7,No,17,3,1,80,0,10,6,3,5,4,0,3
673,230078,Travel_Rarely,1198,1,4,1,939,3,Male,100,2,1,2799,3339,3,Yes,11,3,2,80,0,6,1,3,3,2,0,2
674,858566,Travel_Rarely,1272,5,3,1,940,3,Female,37,2,2,10552,9255,2,Yes,13,3,4,80,1,24,3,3,6,0,0,4
675,745000,Travel_Rarely,154,7,4,1,941,2,Male,41,2,3,2329,11737,3,No,15,3,2,80,0,13,2,4,7,7,5,2
676,739104,Travel_Rarely,1137,21,1,1,942,4,Female,51,3,4,4014,19170,1,Yes,25,4,4,80,1,10,2,1,10,6,0,7
677,263704,Travel_Rarely,527,8,2,1,944,1,Female,51,3,2,7403,22477,4,No,11,3,3,80,1,29,3,2,26,9,1,7
678,185334,Travel_Rarely,1469,20,4,1,945,4,Male,51,3,3,2259,5543,4,No,17,3,1,80,2,13,2,2,0,0,0,0
679,828218,Non-Travel,1188,20,2,1,947,4,Female,45,3,3,6932,24406,1,No,13,3,4,80,1,9,2,2,9,8,0,0
680,585467,Travel_Rarely,188,7,4,1,949,2,Male,65,3,4,4678,23293,2,No,18,3,3,80,0,8,6,3,6,2,0,1
681,401509,Travel_Rarely,1333,1,3,1,950,4,Female,80,3,1,13582,16292,1,No,13,3,2,80,1,15,3,3,15,12,5,11
682,457218,Non-Travel,1184,1,3,1,951,3,Female,70,2,2,2332,3974,6,No,20,4,3,80,0,5,3,3,3,0,0,2
683,241540,Travel_Rarely,867,19,2,1,952,3,Male,36,2,2,2413,18798,1,Yes,18,3,3,80,3,1,2,3,1,0,0,0
684,790654,Travel_Rarely,658,10,4,1,954,1,Male,67,2,2,9705,20652,2,No,12,3,2,80,1,11,2,2,1,0,0,0
685,528453,Travel_Frequently,1283,1,3,1,956,3,Male,52,2,1,4294,11148,1,No,12,3,2,80,0,7,2,3,7,7,0,7
686,852352,Travel_Rarely,263,6,3,1,957,4,Male,59,3,1,4721,3119,2,Yes,13,3,3,80,0,20,3,3,18,13,2,17
687,599095,Travel_Rarely,938,2,4,1,958,3,Male,79,3,3,2519,12287,4,No,21,4,3,80,0,16,6,3,11,8,3,9
688,353857,Travel_Rarely,419,21,3,1,959,4,Male,37,2,2,2121,9947,1,Yes,13,3,2,80,0,1,3,4,1,0,0,0
689,213258,Travel_Rarely,129,4,3,1,960,1,Male,84,3,1,2973,13008,1,No,19,3,2,80,0,1,2,3,1,0,0,0
690,408689,Travel_Rarely,616,12,3,1,961,4,Female,41,3,4,5855,17369,0,Yes,11,3,3,80,2,10,2,1,9,7,8,5
691,587678,Travel_Frequently,1469,9,4,1,964,4,Male,35,3,2,3617,25063,8,Yes,14,3,4,80,1,3,2,3,1,1,0,0
692,687871,Travel_Rarely,498,3,4,1,966,3,Female,93,3,1,6725,13554,1,No,12,3,3,80,1,8,2,4,8,7,6,3
693,297157,Travel_Rarely,530,3,1,1,967,3,Male,51,2,4,10325,5518,1,Yes,11,3,1,80,1,16,6,3,16,7,3,7
694,123699,Travel_Rarely,1069,1,3,1,969,2,Female,42,2,4,6949,12291,0,No,14,3,1,80,0,6,3,3,5,0,1,4
695,581969,Travel_Rarely,625,1,4,1,970,1,Male,46,2,3,10609,14922,5,No,11,3,3,80,0,17,2,1,14,1,11,7
696,414259,Non-Travel,805,4,2,1,972,3,Male,57,3,2,4447,23163,1,No,12,3,2,80,0,9,5,2,9,7,0,8
697,123514,Travel_Frequently,1404,20,3,1,974,3,Female,84,3,4,2157,18203,1,No,15,3,2,80,1,3,5,3,3,1,0,2
698,895839,Travel_Rarely,1219,18,3,1,975,3,Female,86,3,3,4601,6179,1,No,16,3,2,80,0,5,3,3,5,2,1,0
699,934535,Travel_Rarely,1053,1,2,1,976,4,Male,70,3,4,17099,13829,2,No,15,3,2,80,1,26,2,2,9,8,7,8
700,409055,Travel_Rarely,289,2,3,1,977,4,Male,51,3,3,2479,26227,4,No,24,4,1,80,0,7,4,3,1,0,0,0
701,850103,Travel_Rarely,1376,2,2,1,981,3,Male,45,3,3,14852,13938,6,No,13,3,3,80,1,22,3,4,17,13,15,2
702,162287,Travel_Rarely,231,8,2,1,982,3,Male,62,3,3,7264,9977,5,No,11,3,1,80,1,10,2,4,8,4,7,7
703,707686,Non-Travel,152,10,3,1,983,3,Female,85,3,4,5666,19899,1,Yes,13,3,2,80,0,6,1,3,5,3,1,3
704,942572,Travel_Rarely,882,3,4,1,984,4,Male,92,3,4,7823,6812,6,No,13,3,2,80,1,12,2,3,10,9,0,8
705,907535,Travel_Rarely,903,2,5,1,985,1,Male,41,4,3,7880,2560,0,No,18,3,4,80,0,9,3,3,8,7,0,7
706,832011,Non-Travel,1479,24,3,1,986,2,Female,100,4,2,13194,17071,4,Yes,16,3,4,80,0,22,2,2,1,0,0,0
707,539529,Travel_Frequently,1379,16,4,1,987,3,Male,64,4,3,5067,6759,1,Yes,19,3,3,80,0,20,3,4,19,10,2,7
708,680273,Non-Travel,1229,8,4,1,990,1,Male,84,3,4,5079,25952,4,No,13,3,4,80,2,12,3,3,7,7,0,7
709,247617,Non-Travel,335,9,2,1,991,3,Male,46,2,1,2321,10322,0,Yes,22,4,1,80,0,4,0,3,3,2,1,2
710,543267,Non-Travel,722,17,3,1,992,4,Male,38,3,3,17444,20489,1,No,11,3,4,80,0,10,2,3,10,8,6,0
711,868229,Travel_Rarely,906,10,3,1,994,4,Female,92,2,1,2404,11479,6,Yes,20,4,3,80,0,3,5,3,0,0,0,0
712,789469,Travel_Rarely,461,13,1,1,995,2,Female,53,3,4,3452,17241,3,No,18,3,1,80,0,5,4,3,3,2,0,2
713,389314,Travel_Rarely,974,1,4,1,996,4,Female,91,3,4,2270,11005,3,No,14,3,4,80,2,8,2,3,5,3,0,2
714,620807,Travel_Rarely,1126,1,2,1,997,4,Male,66,3,4,17399,6615,9,No,22,4,3,80,1,32,1,2,5,4,1,3
715,248876,Travel_Frequently,827,1,4,1,998,3,Female,84,4,2,5488,20161,1,Yes,13,3,1,80,1,6,2,3,6,5,1,2
716,866017,Travel_Frequently,840,9,3,1,999,1,Male,64,3,3,19419,3735,2,No,17,3,2,80,1,21,2,4,18,16,0,11
717,887305,Travel_Rarely,1134,16,4,1,1001,3,Female,37,3,2,2811,12086,9,No,14,3,2,80,1,4,2,3,2,2,2,2
718,459020,Non-Travel,248,23,2,1,1002,4,Male,42,3,1,3633,14039,1,Yes,15,3,3,80,1,9,2,3,9,8,0,8
719,911593,Travel_Rarely,955,4,2,1,1003,4,Female,83,3,4,4163,8571,1,Yes,17,3,3,80,0,9,0,3,9,0,0,7
720,682880,Travel_Rarely,138,22,3,1,1004,1,Female,48,3,3,2132,11539,4,Yes,11,3,2,80,0,7,2,3,5,2,0,1
721,300800,Travel_Rarely,939,24,3,1,1005,4,Male,95,3,3,13973,4161,3,Yes,18,3,4,80,1,22,2,3,12,11,1,5
722,571277,Travel_Frequently,1391,10,1,1,1006,3,Male,66,3,3,2684,12127,0,No,17,3,2,80,1,3,0,2,2,1,0,2
723,281076,Travel_Rarely,566,7,2,1,1007,4,Male,75,3,3,10845,24208,6,No,13,3,2,80,1,13,3,3,8,7,0,7
724,458293,Travel_Rarely,1206,17,1,1,1009,4,Female,41,2,3,4377,24117,1,No,15,3,2,80,2,5,6,3,4,2,3,2
725,218415,Travel_Rarely,622,14,4,1,1010,3,Male,39,2,2,3743,10074,1,Yes,24,4,4,80,1,5,2,1,4,2,0,2
726,173906,Travel_Frequently,853,1,1,1,1011,3,Female,96,3,1,4148,11275,1,No,12,3,3,80,1,4,1,3,4,3,0,3
727,178685,Non-Travel,287,5,2,1,1012,2,Male,73,3,4,1051,13493,1,No,15,3,4,80,0,0,2,3,0,0,0,0
728,2008,Travel_Rarely,1441,17,3,1,1013,3,Female,56,3,3,10739,13943,8,No,11,3,3,80,1,22,2,3,10,7,0,8
